repo_full_name,period,commit,committed_at_utc,category,path_count,excluded,exclusion_reason
Harmeet10000/AgentNexus-LangChain-FastAPI,pre,7c2363c7abc01046a7976d5cb1cec6be9bf65c0f,2026-01-31T21:47:02Z,other,5,false,
Harmeet10000/AgentNexus-LangChain-FastAPI,pre,7c2363c7abc01046a7976d5cb1cec6be9bf65c0f,2026-01-31T21:47:02Z,production,26,false,
Harmeet10000/AgentNexus-LangChain-FastAPI,pre,ee9fe8cce2494593326a7ebc6e383ea33f72a3af,2026-02-08T11:38:53Z,production,25,false,
Harmeet10000/AgentNexus-LangChain-FastAPI,pre,924d7cf1125b68d123378c68eb0be28207b48798,2026-02-11T10:28:52Z,other,3,false,
Harmeet10000/AgentNexus-LangChain-FastAPI,pre,924d7cf1125b68d123378c68eb0be28207b48798,2026-02-11T10:28:52Z,production,14,false,
Harmeet10000/AgentNexus-LangChain-FastAPI,pre,c7b1ac56a44cfb177c700bde5c86d1c73887d80c,2026-02-13T15:18:11Z,other,11,false,
Harmeet10000/AgentNexus-LangChain-FastAPI,pre,c7b1ac56a44cfb177c700bde5c86d1c73887d80c,2026-02-13T15:18:11Z,production,65,false,
Harmeet10000/AgentNexus-LangChain-FastAPI,pre,bddf5a8262dd0fd50b9581306c4cac52305ac2a3,2026-02-20T18:55:07Z,other,10,false,
Harmeet10000/AgentNexus-LangChain-FastAPI,pre,bddf5a8262dd0fd50b9581306c4cac52305ac2a3,2026-02-20T18:55:07Z,production,32,false,
Harmeet10000/AgentNexus-LangChain-FastAPI,pre,bb893ce215d62247c13290fc1bb9444f3ed78830,2026-02-24T13:52:22Z,other,5,false,
Harmeet10000/AgentNexus-LangChain-FastAPI,pre,bb893ce215d62247c13290fc1bb9444f3ed78830,2026-02-24T13:52:22Z,production,14,false,
Harmeet10000/AgentNexus-LangChain-FastAPI,pre,155d471f6a17c7809a255c1ff1b4f22ef81f90a5,2026-02-24T19:19:25Z,other,7,false,
Harmeet10000/AgentNexus-LangChain-FastAPI,pre,155d471f6a17c7809a255c1ff1b4f22ef81f90a5,2026-02-24T19:19:25Z,production,39,false,
Harmeet10000/AgentNexus-LangChain-FastAPI,post,75195fb3e27e9bc6b2a289d2fb61fff9ee936dc3,2026-02-27T18:29:41Z,other,49,false,
Harmeet10000/AgentNexus-LangChain-FastAPI,post,75195fb3e27e9bc6b2a289d2fb61fff9ee936dc3,2026-02-27T18:29:41Z,production,4,false,
Harmeet10000/AgentNexus-LangChain-FastAPI,post,b6fb4acf08ed5509a726d311ba80a8f3788e9723,2026-02-28T20:34:44Z,other,5,false,
Harmeet10000/AgentNexus-LangChain-FastAPI,post,b6fb4acf08ed5509a726d311ba80a8f3788e9723,2026-02-28T20:34:44Z,production,54,false,
Harmeet10000/AgentNexus-LangChain-FastAPI,post,120da7074b1990e0fd84f730ada01d8a595762c8,2026-03-02T10:41:08Z,other,7,false,
Harmeet10000/AgentNexus-LangChain-FastAPI,post,120da7074b1990e0fd84f730ada01d8a595762c8,2026-03-02T10:41:08Z,production,22,false,
Harmeet10000/AgentNexus-LangChain-FastAPI,post,d97810436caab15b10e196960ef0aaeaf55a7cc5,2026-03-02T18:36:28Z,other,28,false,
Harmeet10000/AgentNexus-LangChain-FastAPI,post,d97810436caab15b10e196960ef0aaeaf55a7cc5,2026-03-02T18:36:28Z,production,37,false,
Harmeet10000/AgentNexus-LangChain-FastAPI,post,d95afe9cd7d22ce02f658eacfff2a8a032034886,2026-03-05T18:07:26Z,other,12,false,
Harmeet10000/AgentNexus-LangChain-FastAPI,post,d95afe9cd7d22ce02f658eacfff2a8a032034886,2026-03-05T18:07:26Z,production,24,false,
Harmeet10000/AgentNexus-LangChain-FastAPI,post,d95afe9cd7d22ce02f658eacfff2a8a032034886,2026-03-05T18:07:26Z,skill,14,false,
Harmeet10000/AgentNexus-LangChain-FastAPI,post,92ef8dd411ce8827389647db73234eeef947022b,2026-03-05T18:16:52Z,other,4,false,
Harmeet10000/AgentNexus-LangChain-FastAPI,post,e9e4e5370d1101d56e1288fa7752cb9f01cfba7a,2026-03-05T19:15:52Z,other,4,false,
Harmeet10000/AgentNexus-LangChain-FastAPI,post,e9e4e5370d1101d56e1288fa7752cb9f01cfba7a,2026-03-05T19:15:52Z,production,8,false,
Harmeet10000/AgentNexus-LangChain-FastAPI,post,579de041b0ddef05fad1955c25ad0e3e9e598132,2026-03-06T18:38:45Z,other,3,false,
Harmeet10000/AgentNexus-LangChain-FastAPI,post,579de041b0ddef05fad1955c25ad0e3e9e598132,2026-03-06T18:38:45Z,production,9,false,
Harmeet10000/AgentNexus-LangChain-FastAPI,post,f7fa753930d7e9adea171176352887eec597c7cc,2026-03-06T18:43:15Z,other,2,false,
Harmeet10000/AgentNexus-LangChain-FastAPI,post,cb59f45169611915e6c3a47c6beb32cb67030c60,2026-03-06T19:51:28Z,other,14,false,
Harmeet10000/AgentNexus-LangChain-FastAPI,post,cb59f45169611915e6c3a47c6beb32cb67030c60,2026-03-06T19:51:28Z,production,17,false,
Harmeet10000/AgentNexus-LangChain-FastAPI,post,2c540a7e442e74a6ea7dacb32af0ff73f96350f3,2026-03-06T20:16:52Z,other,2,false,
Harmeet10000/AgentNexus-LangChain-FastAPI,post,2c540a7e442e74a6ea7dacb32af0ff73f96350f3,2026-03-06T20:16:52Z,production,5,false,
Harmeet10000/AgentNexus-LangChain-FastAPI,post,096eee1bca52ef06ae3ea075ed781e6da46d4b5e,2026-03-07T12:16:23Z,other,3,false,
Harmeet10000/AgentNexus-LangChain-FastAPI,post,096eee1bca52ef06ae3ea075ed781e6da46d4b5e,2026-03-07T12:16:23Z,production,12,false,
Harmeet10000/AgentNexus-LangChain-FastAPI,post,f769b7213eefbf4fe06bea3708495e97cd9dbf46,2026-03-07T13:41:55Z,other,2,false,
Harmeet10000/AgentNexus-LangChain-FastAPI,post,f769b7213eefbf4fe06bea3708495e97cd9dbf46,2026-03-07T13:41:55Z,production,17,false,
Harmeet10000/AgentNexus-LangChain-FastAPI,post,9e128281a70bafa7f7406a17c8ae6f0966033387,2026-03-13T11:38:58Z,other,91,false,
Harmeet10000/AgentNexus-LangChain-FastAPI,post,9e128281a70bafa7f7406a17c8ae6f0966033387,2026-03-13T11:38:58Z,production,11,false,
Harmeet10000/AgentNexus-LangChain-FastAPI,post,9e128281a70bafa7f7406a17c8ae6f0966033387,2026-03-13T11:38:58Z,skill,15,false,
Harmeet10000/AgentNexus-LangChain-FastAPI,post,7d4d91599eb64b42aa06dca7563aca8b9c002197,2026-03-14T14:48:08Z,other,7,false,
Harmeet10000/AgentNexus-LangChain-FastAPI,post,7d4d91599eb64b42aa06dca7563aca8b9c002197,2026-03-14T14:48:08Z,production,8,false,
Harmeet10000/AgentNexus-LangChain-FastAPI,post,2e041bf80ad92d93f5bf844740f07087364f4ab4,2026-03-14T19:41:05Z,other,4,false,
Harmeet10000/AgentNexus-LangChain-FastAPI,post,2e041bf80ad92d93f5bf844740f07087364f4ab4,2026-03-14T19:41:05Z,production,11,false,
Harmeet10000/AgentNexus-LangChain-FastAPI,post,31128ec654c04273b93fc847396b730a0e6b029c,2026-03-16T13:37:31Z,other,15,false,
Harmeet10000/AgentNexus-LangChain-FastAPI,post,31128ec654c04273b93fc847396b730a0e6b029c,2026-03-16T13:37:31Z,production,16,false,
Harmeet10000/AgentNexus-LangChain-FastAPI,post,927b40e9b9b6c0d2e8e8e63a2ddee0ba640b03ce,2026-03-16T18:15:55Z,other,6,false,
Harmeet10000/AgentNexus-LangChain-FastAPI,post,927b40e9b9b6c0d2e8e8e63a2ddee0ba640b03ce,2026-03-16T18:15:55Z,production,26,false,
Harmeet10000/AgentNexus-LangChain-FastAPI,post,55e3b3b39a212ba3e354a9e905ee5884e477a712,2026-03-19T18:10:34Z,other,6,false,
Harmeet10000/AgentNexus-LangChain-FastAPI,post,55e3b3b39a212ba3e354a9e905ee5884e477a712,2026-03-19T18:10:34Z,production,18,false,
Harmeet10000/AgentNexus-LangChain-FastAPI,post,1b8446cbcd13798b049be1549e5da054b5f18330,2026-03-21T09:56:18Z,other,28,false,
Harmeet10000/AgentNexus-LangChain-FastAPI,post,1b8446cbcd13798b049be1549e5da054b5f18330,2026-03-21T09:56:18Z,production,3,false,
Harmeet10000/AgentNexus-LangChain-FastAPI,post,1b8446cbcd13798b049be1549e5da054b5f18330,2026-03-21T09:56:18Z,skill,1,false,
Harmeet10000/AgentNexus-LangChain-FastAPI,post,9257950f20af600080ff109e0cd6c1882205d821,2026-03-22T13:47:22Z,other,4,false,
Harmeet10000/AgentNexus-LangChain-FastAPI,post,9257950f20af600080ff109e0cd6c1882205d821,2026-03-22T13:47:22Z,production,13,false,
Harmeet10000/AgentNexus-LangChain-FastAPI,post,17553ab6de8efba9b297b9e232a1b70d02f44c2a,2026-03-22T20:21:58Z,other,8,false,
Harmeet10000/AgentNexus-LangChain-FastAPI,post,17553ab6de8efba9b297b9e232a1b70d02f44c2a,2026-03-22T20:21:58Z,production,13,false,
Harmeet10000/AgentNexus-LangChain-FastAPI,post,168601d87bc2dc78930b7f3cb2974d2309670e9f,2026-03-23T12:50:16Z,other,4,false,
Harmeet10000/AgentNexus-LangChain-FastAPI,post,168601d87bc2dc78930b7f3cb2974d2309670e9f,2026-03-23T12:50:16Z,production,1,false,
Harmeet10000/AgentNexus-LangChain-FastAPI,post,2dd5a4cd2f73e5ac59a7cbe67ccbe20082bbbed2,2026-03-26T15:15:21Z,other,11,false,
Harmeet10000/AgentNexus-LangChain-FastAPI,post,2dd5a4cd2f73e5ac59a7cbe67ccbe20082bbbed2,2026-03-26T15:15:21Z,production,40,false,
Harmeet10000/AgentNexus-LangChain-FastAPI,post,2dd5a4cd2f73e5ac59a7cbe67ccbe20082bbbed2,2026-03-26T15:15:21Z,skill,1,false,
Harmeet10000/AgentNexus-LangChain-FastAPI,post,5bde63947695583966c0fa2797d0391e56400e4b,2026-03-27T12:42:43Z,other,10,false,
Harmeet10000/AgentNexus-LangChain-FastAPI,post,5bde63947695583966c0fa2797d0391e56400e4b,2026-03-27T12:42:43Z,production,39,false,
Harmeet10000/AgentNexus-LangChain-FastAPI,post,af55b84a0937a952ec3c28be8fcdb9f12eb853e4,2026-03-27T18:06:37Z,other,3,false,
Harmeet10000/AgentNexus-LangChain-FastAPI,post,af55b84a0937a952ec3c28be8fcdb9f12eb853e4,2026-03-27T18:06:37Z,production,28,false,
Harmeet10000/AgentNexus-LangChain-FastAPI,post,72eea6f561cabc39bfc6443e798076872453e38c,2026-03-27T19:05:28Z,other,2,false,
Harmeet10000/AgentNexus-LangChain-FastAPI,post,72eea6f561cabc39bfc6443e798076872453e38c,2026-03-27T19:05:28Z,production,6,false,
Harmeet10000/AgentNexus-LangChain-FastAPI,post,931ee4835ca77651eb9c3f95f896e61b7ce22be0,2026-03-31T12:07:55Z,other,6,false,
Harmeet10000/AgentNexus-LangChain-FastAPI,post,931ee4835ca77651eb9c3f95f896e61b7ce22be0,2026-03-31T12:07:55Z,production,17,false,
Harmeet10000/AgentNexus-LangChain-FastAPI,post,06d5e93cce095cc583d5f4bcf55cfa7de5c6eaa9,2026-04-05T12:24:04Z,other,15,false,
Harmeet10000/AgentNexus-LangChain-FastAPI,post,06d5e93cce095cc583d5f4bcf55cfa7de5c6eaa9,2026-04-05T12:24:04Z,production,17,false,
Harmeet10000/AgentNexus-LangChain-FastAPI,post,32f60cc108fbf14906609c76e7247d7b0a11961f,2026-04-05T14:39:56Z,other,120,false,
Harmeet10000/AgentNexus-LangChain-FastAPI,post,32f60cc108fbf14906609c76e7247d7b0a11961f,2026-04-05T14:39:56Z,production,18,false,
Harmeet10000/AgentNexus-LangChain-FastAPI,post,32f60cc108fbf14906609c76e7247d7b0a11961f,2026-04-05T14:39:56Z,test,3,false,
Harmeet10000/AgentNexus-LangChain-FastAPI,post,97b9516a0316f93bed06dc94bcb75d39ab96a958,2026-04-05T14:45:59Z,other,1,false,
Harmeet10000/AgentNexus-LangChain-FastAPI,post,97b9516a0316f93bed06dc94bcb75d39ab96a958,2026-04-05T14:45:59Z,production,4,false,
Harmeet10000/AgentNexus-LangChain-FastAPI,post,97b9516a0316f93bed06dc94bcb75d39ab96a958,2026-04-05T14:45:59Z,test,1,false,
Harmeet10000/AgentNexus-LangChain-FastAPI,post,b33c24bea746e8b43a63f9f7c844676c0ac71e4a,2026-04-05T15:36:37Z,other,1,false,
Harmeet10000/AgentNexus-LangChain-FastAPI,post,b33c24bea746e8b43a63f9f7c844676c0ac71e4a,2026-04-05T15:36:37Z,production,11,false,
Harmeet10000/AgentNexus-LangChain-FastAPI,post,4308b65c510d514a1a1fa2a643ece918ce1a6a4a,2026-04-05T19:03:21Z,other,7,false,
Harmeet10000/AgentNexus-LangChain-FastAPI,post,4308b65c510d514a1a1fa2a643ece918ce1a6a4a,2026-04-05T19:03:21Z,skill,2,false,
Harmeet10000/AgentNexus-LangChain-FastAPI,post,a4ff18d387c66f616122a2f28770fa51e809190c,2026-04-10T19:44:56Z,other,10,false,
Harmeet10000/AgentNexus-LangChain-FastAPI,post,a4ff18d387c66f616122a2f28770fa51e809190c,2026-04-10T19:44:56Z,production,22,false,
Harmeet10000/AgentNexus-LangChain-FastAPI,post,43b5e20bd34b0378823f05a8fee19fbb3ff40f8d,2026-04-12T13:46:33Z,other,11,false,
Harmeet10000/AgentNexus-LangChain-FastAPI,post,43b5e20bd34b0378823f05a8fee19fbb3ff40f8d,2026-04-12T13:46:33Z,production,75,false,
Harmeet10000/AgentNexus-LangChain-FastAPI,post,f7017583e1b0ac3723936fad3e222dc139700767,2026-04-13T18:00:07Z,other,35,false,
Harmeet10000/AgentNexus-LangChain-FastAPI,post,f7017583e1b0ac3723936fad3e222dc139700767,2026-04-13T18:00:07Z,production,38,false,
Harmeet10000/AgentNexus-LangChain-FastAPI,post,f7017583e1b0ac3723936fad3e222dc139700767,2026-04-13T18:00:07Z,skill,5,false,
Harmeet10000/AgentNexus-LangChain-FastAPI,post,3a37c720495d724ffcbc5246643c260abebd8d0f,2026-04-13T18:51:46Z,other,3,false,
Harmeet10000/AgentNexus-LangChain-FastAPI,post,3a37c720495d724ffcbc5246643c260abebd8d0f,2026-04-13T18:51:46Z,production,18,false,
Harmeet10000/AgentNexus-LangChain-FastAPI,post,2bdef54a34ce6b72d2135d76e8c84494d887cb57,2026-04-16T11:27:14Z,other,9,false,
Harmeet10000/AgentNexus-LangChain-FastAPI,post,2bdef54a34ce6b72d2135d76e8c84494d887cb57,2026-04-16T11:27:14Z,production,21,false,
Harmeet10000/AgentNexus-LangChain-FastAPI,post,fa033ab3e26969b18be3db2db7d11fcceec2c76b,2026-04-17T21:14:58Z,other,16,false,
Harmeet10000/AgentNexus-LangChain-FastAPI,post,fa033ab3e26969b18be3db2db7d11fcceec2c76b,2026-04-17T21:14:58Z,production,64,false,
LyonMoncef/SamsungHealth,pre,13ce2cfe0ba608fff3bde25eb02884441a7809fc,2026-04-21T00:45:19Z,other,11,false,
LyonMoncef/SamsungHealth,pre,13ce2cfe0ba608fff3bde25eb02884441a7809fc,2026-04-21T00:45:19Z,test,2,false,
LyonMoncef/SamsungHealth,pre,5343c9b7a32a6714b8a9dbd544b0e792d8005ad2,2026-04-21T15:44:56Z,other,14,false,
LyonMoncef/SamsungHealth,pre,5343c9b7a32a6714b8a9dbd544b0e792d8005ad2,2026-04-21T15:44:56Z,production,5,false,
LyonMoncef/SamsungHealth,pre,5343c9b7a32a6714b8a9dbd544b0e792d8005ad2,2026-04-21T15:44:56Z,test,1,false,
LyonMoncef/SamsungHealth,post,c0f52ad9659cb8e0058b9d530c5ff1a733e74059,2026-04-29T22:06:48Z,other,1,false,
LyonMoncef/SamsungHealth,post,129d39ad25ef20602c09b3573df3bab0b1ddebba,2026-05-05T22:11:22Z,other,30,false,
LyonMoncef/SamsungHealth,post,129d39ad25ef20602c09b3573df3bab0b1ddebba,2026-05-05T22:11:22Z,production,9,false,
LyonMoncef/SamsungHealth,post,129d39ad25ef20602c09b3573df3bab0b1ddebba,2026-05-05T22:11:22Z,test,2,false,
LyonMoncef/SamsungHealth,post,6067a9471cf5c5f1944bacc400fb7f68ec9e66b0,2026-05-06T06:14:00Z,other,4,false,
LyonMoncef/SamsungHealth,post,6067a9471cf5c5f1944bacc400fb7f68ec9e66b0,2026-05-06T06:14:00Z,test,1,false,
LyonMoncef/SamsungHealth,post,59bac45cb2f37b4a6cd5d2f5f0f0ed9f322ef936,2026-05-06T07:41:57Z,other,10,false,
LyonMoncef/SamsungHealth,post,59bac45cb2f37b4a6cd5d2f5f0f0ed9f322ef936,2026-05-06T07:41:57Z,production,1,false,
LyonMoncef/SamsungHealth,post,59bac45cb2f37b4a6cd5d2f5f0f0ed9f322ef936,2026-05-06T07:41:57Z,skill,1,false,
LyonMoncef/SamsungHealth,post,527f6d7ea9fa92292045dfcaff819e6a48c43325,2026-05-06T08:09:17Z,other,203,false,
LyonMoncef/SamsungHealth,post,272fef17730b7cdcde1e59aa9e41277d83482f83,2026-05-06T20:36:51Z,other,21,false,
LyonMoncef/SamsungHealth,post,7dcfbc618891e83a2e3db3ba697edca3e67275b4,2026-05-06T20:45:50Z,other,9,false,
LyonMoncef/SamsungHealth,post,675ff298861bc9e55e69e278ab0602aabe4bbe6a,2026-05-07T01:43:19Z,other,89,false,
LyonMoncef/SamsungHealth,post,675ff298861bc9e55e69e278ab0602aabe4bbe6a,2026-05-07T01:43:19Z,production,2,false,
LyonMoncef/SamsungHealth,post,747b181fa53d7f2742a9fd158849ff3842543da4,2026-05-07T04:14:11Z,other,67,false,
LyonMoncef/SamsungHealth,post,5976bed5f7f03a57cec4e7400a5bd8d09741e782,2026-05-07T04:18:08Z,other,25,false,
LyonMoncef/SamsungHealth,post,d1e1105d59d0e3dfc1765c38d7741692256a7818,2026-05-07T18:41:49Z,other,12,false,
LyonMoncef/SamsungHealth,post,d1e1105d59d0e3dfc1765c38d7741692256a7818,2026-05-07T18:41:49Z,production,6,false,
LyonMoncef/SamsungHealth,post,d1e1105d59d0e3dfc1765c38d7741692256a7818,2026-05-07T18:41:49Z,test,1,false,
LyonMoncef/SamsungHealth,post,de1a2a89d419c4b265bd9cfb3c123abded0f8898,2026-05-07T19:00:54Z,other,1,false,
LyonMoncef/SamsungHealth,post,0c1080fd77eaf1938a349b07d3d0b8546e12c637,2026-05-07T19:48:33Z,other,398,false,
LyonMoncef/SamsungHealth,post,0c1080fd77eaf1938a349b07d3d0b8546e12c637,2026-05-07T19:48:33Z,production,9,false,
LyonMoncef/SamsungHealth,post,0c1080fd77eaf1938a349b07d3d0b8546e12c637,2026-05-07T19:48:33Z,skill,1,false,
LyonMoncef/SamsungHealth,post,0c1080fd77eaf1938a349b07d3d0b8546e12c637,2026-05-07T19:48:33Z,test,1,false,
LyonMoncef/SamsungHealth,post,89ba00afbd906ab6b34d102c5f7fd642cd9745f0,2026-05-07T21:06:47Z,other,1,false,
LyonMoncef/SamsungHealth,post,556a79c251994aaeb44da1f2d0f4fb2f77f173ba,2026-05-07T22:17:21Z,other,18,false,
LyonMoncef/SamsungHealth,post,d78fc34ea3502de6aaf03a11af2cfb0e2cb0c870,2026-05-08T01:40:16Z,other,29,false,
LyonMoncef/SamsungHealth,post,b2a61c6ea0d7ba51f21ea2381dab49dddf5f537d,2026-05-08T05:45:54Z,other,3,false,
LyonMoncef/SamsungHealth,post,b2a61c6ea0d7ba51f21ea2381dab49dddf5f537d,2026-05-08T05:45:54Z,production,1,false,
LyonMoncef/SamsungHealth,post,b2a61c6ea0d7ba51f21ea2381dab49dddf5f537d,2026-05-08T05:45:54Z,test,2,false,
LyonMoncef/SamsungHealth,post,d8591677da351a2694d90dc0f21d8ee6b8356ea5,2026-05-08T07:01:32Z,other,2,false,
LyonMoncef/SamsungHealth,post,d8591677da351a2694d90dc0f21d8ee6b8356ea5,2026-05-08T07:01:32Z,production,1,false,
LyonMoncef/SamsungHealth,post,d8591677da351a2694d90dc0f21d8ee6b8356ea5,2026-05-08T07:01:32Z,test,1,false,
LyonMoncef/SamsungHealth,post,ad10079d6ef7b775a680575942de3bf811b31fee,2026-05-09T04:15:37Z,other,39,false,
LyonMoncef/SamsungHealth,post,ad10079d6ef7b775a680575942de3bf811b31fee,2026-05-09T04:15:37Z,production,2,false,
LyonMoncef/SamsungHealth,post,ad10079d6ef7b775a680575942de3bf811b31fee,2026-05-09T04:15:37Z,test,2,false,
LyonMoncef/SamsungHealth,post,372c1644a75de99e7a9c82bb2f44996e9a7bc0a9,2026-05-09T06:30:45Z,other,27,false,
LyonMoncef/SamsungHealth,post,0e3ed9639c8966ed74c060209a64ca808d1ac6fe,2026-05-09T07:15:53Z,other,17,false,
LyonMoncef/SamsungHealth,post,0e79abe9391ef2d5dfb45d0fb343c89a89cb532e,2026-05-09T07:41:10Z,other,3,false,
LyonMoncef/SamsungHealth,post,fcb164292055edd3b5cf05c60002a963e5674db0,2026-05-09T08:38:09Z,other,22,false,
LyonMoncef/SamsungHealth,post,fcb164292055edd3b5cf05c60002a963e5674db0,2026-05-09T08:38:09Z,production,2,false,
LyonMoncef/SamsungHealth,post,13b15e22feac96181a6090d8dce0a4c312b4f9ce,2026-05-09T08:39:45Z,,0,true,merge_commit
LyonMoncef/SamsungHealth,post,541f75d6fe8dffc1d783af4948874f19f6dac2ce,2026-05-09T08:45:04Z,,0,true,merge_commit
LyonMoncef/SamsungHealth,post,e55e64ca4b1b1be9a6314d62b951e781c8f71a77,2026-05-09T08:46:32Z,other,1,false,
LyonMoncef/SamsungHealth,post,8c20176c4c2093b35b3f248f62989ab0d5dc0240,2026-05-09T12:47:50Z,other,2,false,
LyonMoncef/SamsungHealth,post,15b6ed75ce0e8b3875ae4dba4d8f586802b3a568,2026-05-09T13:21:32Z,other,2,false,
LyonMoncef/SamsungHealth,post,15b6ed75ce0e8b3875ae4dba4d8f586802b3a568,2026-05-09T13:21:32Z,production,1,false,
LyonMoncef/SamsungHealth,post,15b6ed75ce0e8b3875ae4dba4d8f586802b3a568,2026-05-09T13:21:32Z,test,1,false,
LyonMoncef/SamsungHealth,post,2b0ba3bf14b606cc5a78a598703a537314cec37a,2026-05-09T13:23:15Z,other,4,false,
LyonMoncef/SamsungHealth,post,ba921f4a93723fac29b8b0c3fad8a8185457bf50,2026-05-09T13:30:59Z,,0,true,merge_commit
LyonMoncef/SamsungHealth,post,e30a78dda8cf22bd90850273262b6ca35e2ec836,2026-05-09T13:31:29Z,,0,true,merge_commit
LyonMoncef/SamsungHealth,post,dc5629746342c305b4d357b5739989bb66eef540,2026-05-09T14:31:02Z,other,16,false,
LyonMoncef/SamsungHealth,post,74fcaba3e2bd62d67189e1e7543bf3a22f931a54,2026-05-09T14:31:48Z,other,1,false,
LyonMoncef/SamsungHealth,post,3c4294269238ff3d2940df1828b45ce9f6bd2634,2026-05-09T14:43:52Z,,0,true,merge_commit
LyonMoncef/SamsungHealth,post,f262742adf4a99aaca961c3bcdacacd52c068242,2026-05-09T15:08:37Z,other,34,false,
LyonMoncef/SamsungHealth,post,f1625f48e9ae177d63d1eedeb50b43972bedd5f6,2026-05-09T15:21:24Z,,0,true,merge_commit
LyonMoncef/SamsungHealth,post,a33b75a124af8442de59243a5d2cc616a00493f3,2026-05-09T15:30:14Z,other,8,false,
LyonMoncef/SamsungHealth,post,31f6ccb3a245d3c994228f1b59e06b60395a8e16,2026-05-09T15:32:54Z,other,4,false,
LyonMoncef/SamsungHealth,post,1148344b92999116207295d76fb3a06a22a02599,2026-05-09T15:40:17Z,other,6,false,
LyonMoncef/SamsungHealth,post,d0b5ac52615927bdd6f5ba8c76a87cfed0d0159d,2026-05-09T15:44:32Z,,0,true,merge_commit
LyonMoncef/SamsungHealth,post,48aead9c0127201e3b0d043181e465aa976a86d7,2026-05-09T16:20:21Z,,0,true,merge_commit
LyonMoncef/SamsungHealth,post,b379d7ad5600fa208dcb67efb2198a0d0af5d61b,2026-05-09T16:40:47Z,other,10,false,
LyonMoncef/SamsungHealth,post,b379d7ad5600fa208dcb67efb2198a0d0af5d61b,2026-05-09T16:40:47Z,production,5,false,
LyonMoncef/SamsungHealth,post,b8ac3852fdf9ace9df87ece32e117d0bba77984d,2026-05-09T17:00:00Z,,0,true,merge_commit
LyonMoncef/SamsungHealth,post,27d6fb7a3d31e25ac5af07ee7e2d25bf5e96dbdf,2026-05-09T18:44:19Z,other,1,false,
LyonMoncef/SamsungHealth,post,7123d36c9eb500e93e22e4bc9ac087dc42ef8c2c,2026-05-09T18:49:36Z,other,13,false,
LyonMoncef/SamsungHealth,post,5f6a9f8e783622f8c2a9f8b4499456a04bbe6342,2026-05-20T18:28:20Z,other,20,false,
LyonMoncef/SamsungHealth,post,f37c24f3ec8c7c7ac8567d58b5309312421fa901,2026-05-20T18:53:26Z,other,12,false,
LyonMoncef/SamsungHealth,post,bf011c4936661c423ff933b9e1343a1c80541b0d,2026-05-20T19:10:15Z,other,2,false,
LyonMoncef/SamsungHealth,post,174a545d865ee436796f03e6c671da0b3fe1141e,2026-05-20T19:19:29Z,,0,true,merge_commit
LyonMoncef/SamsungHealth,post,ddb482df7f867ea615f507a112cb9339e8d5f718,2026-05-20T19:20:32Z,other,1,false,
LyonMoncef/SamsungHealth,post,2f053015b001a06f95003256e73158719d68ac08,2026-05-20T19:21:28Z,other,14,false,
LyonMoncef/SamsungHealth,post,4ee18c7c1649da766e38ccd2e20e437dfb9a4bf2,2026-05-20T19:21:34Z,other,2,false,
LyonMoncef/SamsungHealth,post,b2d23a167857587fdb639f0926c73ff573d0ef0f,2026-05-20T19:21:34Z,other,8,false,
LyonMoncef/SamsungHealth,post,c40708d912be7e7c735937246d183e69de714eb4,2026-05-20T19:21:34Z,other,12,false,
LyonMoncef/SamsungHealth,post,14c39bc9747e4cc80796b3af94f212fbe716c2b2,2026-05-20T19:22:51Z,other,21,false,
LyonMoncef/SamsungHealth,post,73ccadcecd8a37398f5bfe5778c94f9c2e1a5911,2026-05-21T14:00:38Z,,0,true,merge_commit
LyonMoncef/SamsungHealth,post,4902fc1b5c9baab3e61ec9a7e351276651f8cda4,2026-05-23T19:13:11Z,other,8,false,
LyonMoncef/SamsungHealth,post,6f31829377ddf8ed98d74aec91d70e9d4151ac40,2026-05-23T19:17:31Z,other,1,false,
LyonMoncef/SamsungHealth,post,9cb1f205edeca980cb3f69bb0be8d768fac094f4,2026-05-23T19:27:01Z,,0,true,merge_commit
LyonMoncef/SamsungHealth,post,3c749c0e0df9a3d14d41f451273e13440d2e0c04,2026-05-23T19:48:53Z,other,1,false,
LyonMoncef/SamsungHealth,post,f11d0846d832e5f82a084c1c70f3df4cb50faa6f,2026-05-23T19:59:07Z,,0,true,merge_commit
LyonMoncef/SamsungHealth,post,8e28104b732df3077f63557f5ec01987e73ea5b3,2026-05-24T00:52:49Z,other,10,false,
LyonMoncef/SamsungHealth,post,aa560f0a99fef467db12d6433c318693019153f6,2026-05-24T01:04:49Z,,0,true,merge_commit
LyonMoncef/SamsungHealth,post,8586d0edac5bf610a096a0eb25e3003b13e525d8,2026-05-26T02:46:42Z,other,11,false,
LyonMoncef/SamsungHealth,post,46018c838ab7d81b88cd58fbcb8253bb17c97d06,2026-05-26T02:59:12Z,,0,true,merge_commit
LyonMoncef/SamsungHealth,post,71efa46cefe234dc0c58c626fa83f510d15c604e,2026-05-26T03:04:08Z,other,24,false,
LyonMoncef/SamsungHealth,post,89f2109d9c3ae9446ebdc1456a46ad076ff39e6b,2026-05-26T03:05:54Z,,0,true,merge_commit
LyonMoncef/SamsungHealth,post,5fe5c4c25347dbd93bf4cab216c65328bcfeba6f,2026-05-26T03:08:52Z,other,4,false,
LyonMoncef/SamsungHealth,post,e1e9d86c0891dbe8dc24c88952a74a3cdf11e4dc,2026-05-26T03:20:39Z,,0,true,merge_commit
hanzoai/insights,post,e9beb70442e3ec74f403c0d4d0fa039849dbdf24,2026-06-17T01:23:22Z,other,2,false,
hanzoai/insights,post,3294bbbedebab142cd337fda1d0fa5ae64918839,2026-06-17T16:50:35Z,other,1,false,
hanzoai/insights,post,fe6428bcc6fcec89ee5fba8ad14125a7062e2874,2026-06-20T03:35:43Z,other,50,false,
hanzoai/insights,post,52e5ab7ea659d530d1842356ec898042af7e2cfe,2026-06-24T17:53:24Z,other,1,false,
hanzoai/insights,post,1dfd0bd927ed8a749ba61302cf50ed8e91a1e093,2026-06-25T22:20:43Z,other,1,false,
hanzoai/insights,post,bbcacf3c7889340fbde2c33c10261ac8fcdbdb33,2026-06-29T03:09:40Z,other,1,false,
hanzoai/insights,post,1c674534b979c43c6d331002cddb91e6855e1ba0,2026-06-29T03:09:41Z,other,1,false,
hanzoai/insights,post,7c594693d116a0d2f2637f114288bf330059e364,2026-07-01T00:54:39Z,other,12,false,
hanzoai/insights,post,3feff7ccb4c464b176a540c149f8de2e1938148b,2026-07-02T10:41:33Z,other,5,false,
hanzoai/insights,post,3feff7ccb4c464b176a540c149f8de2e1938148b,2026-07-02T10:41:33Z,production,1,false,
hanzoai/insights,post,24cd1f1abf053213fbdbb7555d1b989c5bdef0dc,2026-07-02T15:43:31Z,,0,true,merge_commit
hanzoai/insights,post,bad742fe54b8d187aeb41c968506449aaa700f10,2026-07-02T15:45:08Z,other,3,false,
hanzoai/insights,post,11e7638ab85d72d578603940e213ac9031869d16,2026-07-03T23:35:04Z,other,14,false,
hanzoai/insights,post,11e7638ab85d72d578603940e213ac9031869d16,2026-07-03T23:35:04Z,production,1,false,
hanzoai/insights,post,11e7638ab85d72d578603940e213ac9031869d16,2026-07-03T23:35:04Z,test,1,false,
hanzoai/insights,post,25b1f6262df47b5bc042e00f229392a73dc216f7,2026-07-05T18:09:38Z,other,5,false,
hanzoai/insights,post,6558e462a871612a13bd76acac877aaa7ad11ec9,2026-07-08T20:26:04Z,other,7,false,
hanzoai/insights,post,6558e462a871612a13bd76acac877aaa7ad11ec9,2026-07-08T20:26:04Z,production,1,false,
hanzoai/insights,post,eeb8af756c47076033c92005daffe5b29f1ba06a,2026-07-10T18:03:11Z,other,6,false,
hanzoai/insights,post,eeb8af756c47076033c92005daffe5b29f1ba06a,2026-07-10T18:03:11Z,production,1,false,
hanzoai/insights,post,a9c99bf29e516897775fa80d88978af2376fa46e,2026-07-10T21:18:41Z,other,1,false,
hanzoai/insights,post,a9c99bf29e516897775fa80d88978af2376fa46e,2026-07-10T21:18:41Z,production,3,false,
hanzoai/insights,post,a9c99bf29e516897775fa80d88978af2376fa46e,2026-07-10T21:18:41Z,test,1,false,
hanzoai/insights,post,9d6395681f37dd5c4f055a2be47b6eacbc3829ca,2026-07-11T03:45:33Z,other,1,false,
hanzoai/insights,post,9d6395681f37dd5c4f055a2be47b6eacbc3829ca,2026-07-11T03:45:33Z,production,55,false,
hanzoai/insights,post,82a1b21d4d733741755accaad3fd13add40cb835,2026-07-15T17:13:09Z,other,2,false,
hanzoai/insights,post,82a1b21d4d733741755accaad3fd13add40cb835,2026-07-15T17:13:09Z,production,1,false,
hanzoai/insights,post,bee829c86b1136b5ed2c58d854b6215d63d35fe6,2026-07-15T17:31:18Z,other,1,false,
hanzoai/insights,post,9fa4796811cce6dc2885666e81d15a762b648ec9,2026-07-15T17:39:05Z,other,1,false,
hanzoai/insights,post,9ad40c7cec15e0792db96a7349dd9c2708b02125,2026-07-15T17:41:41Z,other,1,false,
hanzoai/insights,post,1b56e32c9e5ee8408993b99cc6e21914eb1a1b2f,2026-07-15T23:40:51Z,other,1,false,
hanzoai/insights,post,3b634831f59a1bcbeffef265892b13a596a84ac9,2026-07-15T23:45:00Z,other,1,false,
hanzoai/insights,post,90d6a5bc0ee81967b1ded6a27e4d089c35eece42,2026-07-15T23:51:00Z,other,134,false,
hanzoai/insights,post,70a25b272785c8e063e1f1ac5477264460ee7a95,2026-07-15T23:52:55Z,other,1,false,
hanzoai/insights,post,d5611c640cf8c89dc766e0cc3eafad4ae0c7f032,2026-07-15T23:52:55Z,other,1,false,
hanzoai/insights,post,a2b178d4eeece38ac25eb3f2138b7374ff9e8bcb,2026-07-15T23:59:58Z,other,4,false,
hanzoai/insights,post,c3ef97c3588a236449575a1d57081828988a0e38,2026-07-16T00:05:38Z,other,1,false,
hanzoai/insights,post,0c1b551eb5bc825df39bd3893ecc7421eb5a548c,2026-07-16T00:14:27Z,other,1,false,
hanzoai/insights,post,d1668fe6cd3e827e55a77b223719029dd9b719c3,2026-07-16T00:31:56Z,other,2,false,
hanzoai/insights,post,f84a50860ac56904f8e4e59e54f5cec0f5bb7ca8,2026-07-16T00:50:47Z,other,34,false,
hanzoai/insights,post,f84a50860ac56904f8e4e59e54f5cec0f5bb7ca8,2026-07-16T00:50:47Z,production,1,false,
hanzoai/insights,post,6cc5ffc03e95d2a661d4f4491734aab25ebe734e,2026-07-16T01:07:56Z,other,20,false,
hanzoai/insights,post,6cc5ffc03e95d2a661d4f4491734aab25ebe734e,2026-07-16T01:07:56Z,production,1,false,
hanzoai/insights,post,75ef516a4f821f779723b1839afd17639ca40091,2026-07-16T01:13:49Z,other,6,false,
hanzoai/insights,post,9cb55e62ed3293d974dffad6d49e018177bfbe8a,2026-07-16T01:24:50Z,other,6,false,
hanzoai/insights,post,9cb55e62ed3293d974dffad6d49e018177bfbe8a,2026-07-16T01:24:50Z,production,6,false,
hanzoai/insights,post,f474443b1f2bd6f2830b4d260eefe0ee0642d562,2026-07-16T01:40:17Z,other,2,false,
hanzoai/insights,post,af59da6c645d89ba72cfa415927897138896fc62,2026-07-16T02:07:16Z,production,1,false,
hanzoai/insights,post,f8fadf8a115f33dee621e6d00c875572b5395b36,2026-07-16T04:40:56Z,other,1,false,
hanzoai/insights,post,8317f6133aaba545e7b1c24aaef922d8d470717d,2026-07-16T08:27:58Z,production,1077,false,
hanzoai/insights,post,efd707ce30bba809a3546fa6360afc1f71563ec6,2026-07-16T08:31:10Z,other,1,false,
hanzoai/insights,post,b8ce4ff279f2885a18a607cb1f094483b16b27a9,2026-07-16T16:58:15Z,other,1,false,
hanzoai/insights,post,8f7f88d6a4de9282a0c6fff88efc6557aaae128e,2026-07-20T21:43:55Z,production,2,false,
hanzoai/insights,post,f1dc0fcdac602d8c7fe426ef1caf4b318894c192,2026-07-20T23:36:42Z,,0,true,merge_commit
hanzoai/insights,post,5e270fa2cdaa2e4d9984f5343ade4025f59c9e63,2026-07-21T16:38:03Z,other,3,false,
hanzoai/insights,post,85db8a8e4d9170f043bb2e4b2006d1ccd879de75,2026-07-22T00:18:37Z,,0,true,merge_commit
hanzoai/insights,post,a5b14124e4ae7a1bfede5cdee44ffe101f2a0c81,2026-07-24T22:19:47Z,other,1,false,
hanzoai/insights,post,d46b1fcd342a320767b85d86276dd904124ed114,2026-07-24T22:20:15Z,other,1,false,
hanzoai/insights,post,47533e26e415073a0a382c361f975c1b4b65ff34,2026-07-25T19:47:06Z,production,2,false,
hanzoai/insights,post,0b58083b01ac7f2dbf3c3b38731eeceb15ac32cd,2026-07-25T21:48:05Z,other,4,false,
hanzoai/insights,post,2339f66b74cb15bc20bb894dc964286937bcd415,2026-07-25T21:49:01Z,,0,true,merge_commit
hanzoai/insights,post,0b4c6352e2d63627d4087d8cbc0fa9512c337168,2026-07-25T22:07:05Z,other,3,false,
hanzoai/insights,post,1bf398eecb3c3b61a4fbd57aaefbf05a6f95dd13,2026-07-25T22:07:05Z,other,11,false,
hanzoai/insights,post,1bf398eecb3c3b61a4fbd57aaefbf05a6f95dd13,2026-07-25T22:07:05Z,production,1,false,
hanzoai/insights,post,1d827db2d86bf40541ac5bfd3bef86d7369d3cd2,2026-07-25T22:07:05Z,other,4,false,
hanzoai/insights,post,5393c0a37bb0a80e2fe812c11ec55a2b87ccdbc0,2026-07-25T22:07:05Z,other,2,false,
hanzoai/insights,post,7500ce59ef852df92178fae610a3a8a5d504027f,2026-07-25T22:07:05Z,other,5,false,
hanzoai/insights,post,a3781c244d217edeba0b74c1e558ed072940d57c,2026-07-25T22:07:05Z,other,1,false,
hanzoai/insights,post,a3781c244d217edeba0b74c1e558ed072940d57c,2026-07-25T22:07:05Z,production,2,false,
hanzoai/insights,post,c2202b34662c7f5cc7cf7707361b59bcdc412918,2026-07-25T22:07:05Z,other,1,false,
hanzoai/insights,post,b13f84f6202db53effedb38a188430bcc2948025,2026-07-25T22:08:50Z,other,1,false,
hanzoai/insights,post,0431211ed890f457107ec36deb1ab5c00be6720a,2026-07-25T22:09:19Z,other,1,false,
hanzoai/insights,post,21afa767f79f152ba278d8d37dfab561d0dc17c5,2026-07-25T22:11:45Z,other,2,false,
hanzoai/insights,post,cc4345f95d16cdade36d8941dfe139c37745e20a,2026-07-25T22:18:34Z,production,1,false,
hanzoai/insights,post,c4e54af17444dbf6fea7305b19add1e7348268eb,2026-07-25T22:23:38Z,other,3,false,
hanzoai/insights,post,c4e54af17444dbf6fea7305b19add1e7348268eb,2026-07-25T22:23:38Z,production,2,false,
hanzoai/insights,post,75b979a7433ad3894cbb939ee10c20aca0cd633d,2026-07-25T22:24:50Z,other,1,false,
hanzoai/insights,post,3ce35a7261f85e3466cec3ce2980f39d8d4d8b25,2026-07-26T04:31:18Z,other,1,false,
hanzoai/insights,post,c3aee68bf166f72f7c8949eb40ec9ea4c64c37b0,2026-07-26T05:13:25Z,other,1,false,
hanzoai/insights,post,2888685c3959f9ef8f102e0bb87aded564727f68,2026-07-26T05:16:32Z,other,1,false,
hanzoai/insights,post,db27fdbeccf6eaff5cc78ac4a0184e2238849824,2026-07-26T05:20:29Z,other,9,false,
hanzoai/insights,post,0cf70895d26ffb0a858879384261f136f7def03b,2026-07-26T05:23:45Z,other,1,false,
hanzoai/insights,post,fdf5934b5d31e72788afe46900b55d551d043d06,2026-07-26T05:33:17Z,other,1,false,
hanzoai/insights,post,fdf5934b5d31e72788afe46900b55d551d043d06,2026-07-26T05:33:17Z,production,2,false,
hanzoai/insights,post,f299c15b442996cd0b242792ead9d6e924c3fc30,2026-07-26T05:46:33Z,other,2,false,
hanzoai/insights,post,ce5cc507448dd2c31b392b564784803a1e39d75f,2026-07-26T06:05:52Z,other,1,false,
hanzoai/insights,post,d40362bab290ae1b23818f219a93d6a5ae747950,2026-07-26T15:24:24Z,other,6,false,
hanzoai/insights,post,d40362bab290ae1b23818f219a93d6a5ae747950,2026-07-26T15:24:24Z,production,1,false,
hanzoai/insights,post,2e29e0db2112284743e4598a422f491b1e83eff4,2026-07-26T15:44:50Z,other,253,false,
hanzoai/insights,post,2e29e0db2112284743e4598a422f491b1e83eff4,2026-07-26T15:44:50Z,production,1052,false,
hanzoai/insights,post,2e29e0db2112284743e4598a422f491b1e83eff4,2026-07-26T15:44:50Z,skill,1,false,
hanzoai/insights,post,2e29e0db2112284743e4598a422f491b1e83eff4,2026-07-26T15:44:50Z,test,431,false,
hanzoai/insights,post,38de3675055908212af4c5342a20aaa3582bbb9b,2026-07-26T15:50:11Z,other,1,false,
hanzoai/insights,post,23ea703124fb328a10df7b6257807013c94cf9c4,2026-07-26T15:56:02Z,production,1,false,
hanzoai/insights,post,83281b29bc61c61f4fedb180d19fc9760ff1f32c,2026-07-26T16:01:30Z,other,31,false,
hanzoai/insights,post,83281b29bc61c61f4fedb180d19fc9760ff1f32c,2026-07-26T16:01:30Z,production,16,false,
hanzoai/insights,post,83281b29bc61c61f4fedb180d19fc9760ff1f32c,2026-07-26T16:01:30Z,skill,1,false,
hanzoai/insights,post,83281b29bc61c61f4fedb180d19fc9760ff1f32c,2026-07-26T16:01:30Z,test,8,false,
hanzoai/insights,post,12236b4af154b3ea3265c82b5545f5a654260e3b,2026-07-26T18:02:05Z,other,2,false,
hanzoai/insights,post,12236b4af154b3ea3265c82b5545f5a654260e3b,2026-07-26T18:02:05Z,production,32,false,
hanzoai/insights,post,12236b4af154b3ea3265c82b5545f5a654260e3b,2026-07-26T18:02:05Z,test,15,false,
hanzoai/insights,post,cb3e5aec3836ae631691ea19fc1b437643358b44,2026-07-26T18:14:50Z,other,10,false,
hanzoai/insights,post,cb3e5aec3836ae631691ea19fc1b437643358b44,2026-07-26T18:14:50Z,production,2,false,
hanzoai/insights,post,cb3e5aec3836ae631691ea19fc1b437643358b44,2026-07-26T18:14:50Z,test,1,false,
hanzoai/insights,post,ae6223810c8a45cf38b065132564d9a2ab35f9c3,2026-07-26T18:42:03Z,other,1,false,
hanzoai/insights,post,ae6223810c8a45cf38b065132564d9a2ab35f9c3,2026-07-26T18:42:03Z,production,1,false,
hanzoai/insights,post,ae6223810c8a45cf38b065132564d9a2ab35f9c3,2026-07-26T18:42:03Z,test,2,false,
hanzoai/insights,post,bd5d094d81c99a65ca2b9a15ce46d4b0038bf425,2026-07-26T18:46:19Z,other,1,false,
hanzoai/insights,post,c3ef14eab513e83cf70b8381b2fc546159e8d201,2026-07-26T19:12:42Z,other,1,false,
hanzoai/insights,post,17e55ca5cbc0a834e304a5ba8835eae11ae8eb96,2026-07-27T03:05:11Z,other,2,false,
hanzoai/insights,post,43eb58a624fd90fb38751edb9dfe0cc8f0441974,2026-07-27T15:00:14Z,other,1,false,
hanzoai/insights,post,1790edb356191f10a89a4ac393a8493a7c0261e4,2026-07-27T15:11:14Z,other,1,false,
hanzoai/insights,post,a70f10e96a4d0e6b2c2400dec58e547f6949b049,2026-07-27T15:11:15Z,other,1,false,
hanzoai/insights,post,d5ea36039f0608a6bedcccb59931c7fc819a9f74,2026-07-27T15:11:17Z,other,1,false,
hanzoai/insights,post,0976339d12cb598275f7c6910c2246b0bb552ea3,2026-07-27T15:11:19Z,other,1,false,
hanzoai/insights,post,cc224ded3b66c2907fdc9b67e05aae5272f5b812,2026-07-27T15:11:21Z,other,1,false,
hanzoai/insights,post,417fe8861f9b8e2bd8efffe96f4c4dfb08a778d0,2026-07-27T15:11:23Z,other,1,false,
hanzoai/insights,post,0ea1bf2631a481707e9544c84fe4466d0bb76b5a,2026-07-27T15:11:25Z,other,1,false,
hanzoai/insights,post,b8127251d0fd4336d5168b045185042231ba19be,2026-07-27T15:11:26Z,other,1,false,
hanzoai/insights,post,92d3d0e6980fae9828fbe7ea3bb4a73f8fd1b969,2026-07-27T15:11:28Z,other,1,false,
hanzoai/insights,post,7d87ed0a883b86163220ecd5bd3860186cdc0a5c,2026-07-27T15:11:35Z,other,1,false,
hanzoai/insights,post,e28b39c5b68d8d6842a41d2865e7360b0b17e668,2026-07-27T15:11:37Z,other,1,false,
hanzoai/insights,post,2a3011e0b6887f38751525c1a33eda49fefcbe21,2026-07-27T15:11:39Z,other,1,false,
hanzoai/insights,post,fbe7d9042060f5cb310cbd18788a18ebffb92f81,2026-07-27T15:11:41Z,other,1,false,
hanzoai/insights,post,152a100d0d0fdd5d5a5591c2e948f2a97e8b6058,2026-07-27T15:11:44Z,other,1,false,
hanzoai/insights,post,99401416f7c0592722fbebe49e2c3d37161a8cc1,2026-07-27T15:11:46Z,other,1,false,
hanzoai/insights,post,002f85a325518980158966f19855da7cca555585,2026-07-27T15:11:48Z,other,1,false,
hanzoai/insights,post,582c839556bb05b966e234ab37aecf02a0cc921c,2026-07-27T15:11:50Z,other,1,false,
hanzoai/insights,post,c2a96d98b0e1c3f120a31b7e4f4f0f6a6961dc89,2026-07-27T15:11:52Z,other,1,false,
hanzoai/insights,post,1ca92085ccaaa9c56e4d76fe254bdc3ef180d211,2026-07-27T15:11:54Z,other,1,false,
hanzoai/insights,post,1c02db5aa32dab0762ab9a6ed86ccc0ee0e2bd3e,2026-07-27T15:11:55Z,other,1,false,
hanzoai/insights,post,332a77d5c1b06c4d300793301e1d22d25ab40609,2026-07-27T15:11:57Z,other,1,false,
hanzoai/insights,post,cdb5cab3f912dd12dedf21d4baa7ce63d7138d48,2026-07-27T15:11:59Z,other,1,false,
hanzoai/insights,post,079e596726efbf9b2793814cb7393b58bdd95003,2026-07-27T15:12:01Z,other,1,false,
hanzoai/insights,post,9384c0e73fa0db3a3e5666f40b1cbca783d44f14,2026-07-27T15:12:02Z,other,1,false,
hanzoai/insights,post,db887077643e1bfa2e5144bc2d219902d2c848a5,2026-07-27T15:12:04Z,other,1,false,
hanzoai/insights,post,fac755fe53990a750fca0f3a2ea6070e1bba945b,2026-07-27T15:12:06Z,other,1,false,
hanzoai/insights,post,692fe457b9c4aaf82623ead54ad014a21e63c8ad,2026-07-27T15:12:08Z,other,1,false,
hanzoai/insights,post,5e37228aacb49ba623a4469e9110513f62052fa6,2026-07-27T15:12:10Z,other,1,false,
hanzoai/insights,post,199c7a84fa94f7119185d9ec7e7552b91a311641,2026-07-27T15:12:12Z,other,1,false,
hanzoai/insights,post,32950851c45f8dd14447cbf8c5447edd29c75662,2026-07-27T15:12:15Z,other,1,false,
hanzoai/insights,post,0ab9ae022277aa2aea4c37de01f0984066596548,2026-07-27T15:12:16Z,other,1,false,
hanzoai/insights,post,0bd8cb56cc7d72349fcd2203891090d6b7f9dfdf,2026-07-27T15:12:18Z,other,1,false,
hanzoai/insights,post,6a9ad0951e2484fa227eed07efa89a91e53818f6,2026-07-27T15:12:20Z,other,1,false,
hanzoai/insights,post,07c291ec91254769d62a7dc17fe316a99656bdf6,2026-07-27T15:12:21Z,other,1,false,
hanzoai/insights,post,f39c0da492ed346611962e92be9ebacd4cd54a8f,2026-07-27T15:12:23Z,other,1,false,
hanzoai/insights,post,20bb26989d6b7b6fe1ec0099889e765de952054a,2026-07-27T15:12:25Z,other,1,false,
hanzoai/insights,post,1e495a83fe055296e69dd562c60126def8fac1fc,2026-07-27T15:12:27Z,other,1,false,
hanzoai/insights,post,617a263a21b5e3121a6f90ef077bd047b5ee613c,2026-07-27T15:12:29Z,other,1,false,
hanzoai/insights,post,607cbf5c0526715a29d40d4a310bb81500143461,2026-07-27T15:12:31Z,other,1,false,
hanzoai/insights,post,cef55466995e4d01c1f06da1ebcafd79dcb81e11,2026-07-27T15:12:33Z,other,1,false,
hanzoai/insights,post,299ad73c7778741522e91841564b11887427b9b0,2026-07-27T15:12:35Z,other,1,false,
hanzoai/insights,post,55cefe82c46453bae102a492068b5d4908aed09b,2026-07-27T15:12:37Z,other,1,false,
hanzoai/insights,post,2449b5d42585436297f5d1dea7ac2fab2bb817e5,2026-07-27T15:12:39Z,other,1,false,
hanzoai/insights,post,edf0a3f2ec6316379cedec1b418e3ea30fcfdfec,2026-07-27T15:12:41Z,other,1,false,
hanzoai/insights,post,bd84d51045fa79e556b7c4d0a09ca83544ae8fa9,2026-07-27T15:12:43Z,other,1,false,
hanzoai/insights,post,b8d7b5e72e46239e1ca654e85e4ac979af9857eb,2026-07-27T15:12:46Z,other,1,false,
hanzoai/insights,post,e00892df9638df5e023dd20e619eae908ea46079,2026-07-27T15:12:47Z,other,1,false,
hanzoai/insights,post,9e8e458c363569a808d5bc6032d152ab98e83383,2026-07-27T15:21:21Z,other,1,false,
hanzoai/insights,post,30b688c9df20a2ccb2d975672a9c79ed5f932a68,2026-07-27T17:35:24Z,other,1,false,
hanzoai/insights,post,7c298317088f7dfbb8dc21c9e139e59232d641c7,2026-07-27T22:54:13Z,other,1,false,
hanzoai/insights,post,4dacbc4030339eacf9f1e87f0781e6d3788545e7,2026-07-27T23:09:43Z,other,1,false,
hanzoai/insights,post,6bd7c79eb9815b9c8bc9f7a2a1b8bc4358ea1e6d,2026-07-28T03:20:52Z,other,1,false,
hanzoai/insights,post,7f5cbe401e96bf3b6a4cd09fb23bce453297b0c5,2026-07-29T00:11:34Z,production,1,false,
hanzoai/insights,post,e943ca204ee074d2c0a339f51e6018a7bcbc4a06,2026-07-29T23:57:03Z,other,1,false,
hanzoai/insights,post,ea15ceb91221e97bb42ca8d70e9708369caea0a7,2026-07-30T00:16:22Z,other,1,false,
hanzoai/insights,post,6a6e40782079a5c1114d8c66abd559392d7186ba,2026-07-30T00:19:24Z,other,1,false,
hanzoai/insights,post,e80c51e5e2654edb3623f4594f09d877d0d85276,2026-07-30T17:59:23Z,other,1,false,
hanzoai/insights,post,e80c51e5e2654edb3623f4594f09d877d0d85276,2026-07-30T17:59:23Z,production,2,false,
hanzoai/insights,post,14d2d32044e2ead057fcb74ea27d8d6e875561eb,2026-07-30T19:28:38Z,other,1,false,
hanzoai/insights,post,1003e09c6516fd244757c0a40be41f93dc9d9d53,2026-07-30T19:34:28Z,other,1,false,
hanzoai/insights,post,befc0bcd1b42e283762d365bf1e68c910e484303,2026-07-31T04:26:43Z,other,1,false,
hanzoai/insights,post,3a00e0e8bf7a774d8e6853dc3337969034dbe9a6,2026-07-31T04:27:36Z,other,1,false,
hanzoai/insights,post,6c1e902d8b4cd784375fb7cfb57ccaf6ee77381c,2026-07-31T04:28:48Z,other,2,false,
hanzoai/insights,post,7dbc0c84fad7edad6e829a56b02dea44a103fe83,2026-07-31T04:52:28Z,other,1,false,
hanzoai/insights,post,c7063a1eb04e7f088923e554778d00357c7fdd43,2026-07-31T05:31:55Z,other,1,false,
hanzoai/insights,post,2aaf5067fd78e6968f491e7345491aacdcd9a02d,2026-07-31T05:32:02Z,other,1,false,
hanzoai/insights,post,f93cabb7f55c5728af6f3d6520eebfe830d35c91,2026-07-31T05:32:02Z,other,1,false,
hanzoai/insights,post,a9da6599d753c0a55e8be6032721eee9253f4c6b,2026-07-31T05:44:40Z,other,1,false,
hanzoai/insights,post,be63bbb0ca5b049a1cd25c40aa9f68507923713f,2026-07-31T06:11:23Z,other,1,false,
hanzoai/insights,post,d193eb3087b6da13594975e85f67658418233024,2026-07-31T15:40:23Z,other,1,false,
hanzoai/insights,post,d3e7ca85ef14675153d3f77e31ffdbbb7cd33fc9,2026-07-31T16:19:48Z,other,2,false,
hanzoai/insights,post,a5d2088caa62c00417bcb3610e67a283cbc9e16f,2026-07-31T16:21:07Z,other,1,false,
hanzoai/insights,post,024d80de54a69ecd06dac6251d90d933924699bb,2026-07-31T16:52:57Z,other,1,false,
hanzoai/insights,post,6df424063bdd4bfa774cfb441ad32239aecc4a6d,2026-07-31T16:54:17Z,other,2,false,
hanzoai/insights,post,d61a3a8ee7de97791e2e9ceaa5eb2436a91627f9,2026-07-31T17:24:14Z,other,9,false,
hanzoai/insights,post,027927c792c6987ee1593f136fcd4cd686f03d5e,2026-07-31T17:42:30Z,production,1,false,
hanzoai/insights,post,da4a3fef5480626019227985a231381b027b852f,2026-07-31T17:56:36Z,other,1,false,
hanzoai/insights,post,da4a3fef5480626019227985a231381b027b852f,2026-07-31T17:56:36Z,production,3,false,
hanzoai/insights,post,e4b373083a33fd247eaa221f691df4b84f09ad47,2026-07-31T18:09:43Z,other,4323,false,
hanzoai/insights,post,e4b373083a33fd247eaa221f691df4b84f09ad47,2026-07-31T18:09:43Z,production,1,false,
hanzoai/insights,post,6c686f548a15ee1555e7a84f2b2dc5c97fe938d6,2026-07-31T18:15:49Z,other,18,false,
hanzoai/insights,post,6c686f548a15ee1555e7a84f2b2dc5c97fe938d6,2026-07-31T18:15:49Z,production,2,false,
hanzoai/insights,post,6c686f548a15ee1555e7a84f2b2dc5c97fe938d6,2026-07-31T18:15:49Z,test,2,false,
hanzoai/insights,post,9edb4b0c213189789919807656a26792c39d9966,2026-07-31T18:17:59Z,other,1,false,
hanzoai/insights,post,9edb4b0c213189789919807656a26792c39d9966,2026-07-31T18:17:59Z,production,1,false,
hanzoai/insights,post,48cc5ffba543c5f0d042043006e0f01f8f9a3765,2026-07-31T18:20:52Z,production,3,false,
hanzoai/insights,post,c3474f642823f721fafcfe0c3203c20c26a6aec4,2026-07-31T21:05:38Z,other,1,false,
hanzoai/insights,post,2d6a4eab2e095a186e9b9c37d0ddb1c880252b46,2026-07-31T21:13:08Z,production,5,false,
hanzoai/insights,post,d2f9e75698d375b6f8714d9841717e43cb151bac,2026-07-31T21:13:22Z,other,1,false,
hanzoai/insights,post,d2f9e75698d375b6f8714d9841717e43cb151bac,2026-07-31T21:13:22Z,production,1,false,
hanzoai/insights,post,57566d74c4702e077dd1ed2ff289185ffb7e1854,2026-07-31T21:40:02Z,other,4,false,
hanzoai/insights,post,2fd68e1aeb32e36f4b66e1f568d8af1371f0c8a2,2026-07-31T21:44:47Z,other,2,false,
hanzoai/insights,post,28741ed4d7f40b6e0c6fc3396bee7656581d2286,2026-07-31T22:00:19Z,other,1,false,
hanzoai/insights,post,6146bcf1dbba841dc747e29e6081b288ea7ebcfc,2026-07-31T22:08:28Z,production,4,false,
hanzoai/insights,post,59ec7505a2869c59df139c4a6069730ea649429f,2026-07-31T22:08:37Z,other,3,false,
hanzoai/insights,post,0521d65932bb44cc4e1ee02f555856ab512c3b32,2026-07-31T22:08:48Z,production,1,false,
hanzoai/insights,post,11adc7ae01a2e6b6b37834f3acc506c323e1fc03,2026-07-31T22:08:59Z,other,5,false,
hanzoai/insights,post,a6421808250dde3d4a5f0c482c2999b4bd068e8e,2026-07-31T22:13:48Z,other,3,false,
hanzoai/insights,post,94cb28b7453fd1b79c62c99cded72bb7b98e9e6c,2026-07-31T22:31:50Z,other,1,false,
hanzoai/insights,post,3c2cc3cf318f2300181fb17af98ace9a4b26e912,2026-07-31T23:03:26Z,other,1,false,
hanzoai/insights,post,4cc913e2fa12d6a2a6ec6de038a0dc6e1333f7b8,2026-07-31T23:07:55Z,other,1,false,
hanzoai/insights,post,398369082003078af812a18b538051fe4db65d9a,2026-07-31T23:27:07Z,other,1,false,
hanzoai/insights,post,df029947cec77d75855eb0ef55067aeade34adea,2026-08-01T14:31:15Z,other,2,false,
hanzoai/insights,post,811be0c32651d7bbae3ebc226d0cf502c6c1418b,2026-08-01T14:37:46Z,other,1,false,
hanzoai/insights,post,c6e2d606591471002648b57c109a621dba89d71e,2026-08-01T14:48:36Z,other,6,false,
hanzoai/insights,post,87006a0d0df8a3a182a45592f5671c16ed8aab67,2026-08-01T14:48:46Z,other,4,false,
hanzoai/insights,post,e01f5b82d435ca05bebb531bf03c8eb5b88ecc8e,2026-08-01T17:13:05Z,other,1,false,
hanzoai/insights,post,e693a2165038f54e389850dcce9dd001dae8570a,2026-08-01T17:23:12Z,other,1,false,
hanzoai/insights,post,677fc63a61fbe6b9ad111eb83bc991940d42323d,2026-08-01T17:37:10Z,other,4,false,
hanzoai/insights,post,8770e02fa9c075921d758be4b722ead312dc02e0,2026-08-01T17:37:26Z,other,2,false,
hanzoai/insights,post,8a0b06876e6c86d3534764fe9840fdf86fe26d26,2026-08-01T17:37:26Z,production,1,false,
hanzoai/insights,post,e78609a8eeb54bf19223deab6234e83e4d31c9d1,2026-08-01T17:47:03Z,other,2,false,
hanzoai/insights,post,d3b2d95db32dfec2e476234a8148b971a3fda9a8,2026-08-01T17:47:27Z,other,5,false,
hanzoai/insights,post,b460874d5570302e33b121307385de6bb0adf3e0,2026-08-01T18:08:17Z,other,11,false,
hanzoai/insights,post,b460874d5570302e33b121307385de6bb0adf3e0,2026-08-01T18:08:17Z,production,2,false,
hanzoai/insights,post,b460874d5570302e33b121307385de6bb0adf3e0,2026-08-01T18:08:17Z,test,1,false,
hanzoai/insights,post,ab9c91ef235d468da0f0135abc71449ce3a79b63,2026-08-01T18:19:48Z,other,1,false,
hanzoai/insights,post,704063feeec12dc7e9035043912ff327e2d0eafe,2026-08-01T18:42:14Z,other,1,false,
hanzoai/insights,post,ac589084f6e00fedd60975411f2678fb72d7d835,2026-08-01T18:50:14Z,other,1,false,
hanzoai/insights,post,fad2d7151f2ee600b6e7e56e86b84d752d537921,2026-08-01T18:53:06Z,other,1,false,
hanzoai/insights,post,e9c34f7d23a11bfef9c2a29b3a95dce8b06bb5e6,2026-08-01T19:02:00Z,other,9,false,
hanzoai/insights,post,0f88ca3d437a7b49ffd3e6e0206f7792adb50bfd,2026-08-01T19:06:42Z,other,2,false,
hanzoai/insights,post,0f88ca3d437a7b49ffd3e6e0206f7792adb50bfd,2026-08-01T19:06:42Z,production,5,false,
hanzoai/insights,post,0f88ca3d437a7b49ffd3e6e0206f7792adb50bfd,2026-08-01T19:06:42Z,test,1,false,
hanzoai/insights,post,83f57e7637cd83c1f90c68157ec85772f39ee844,2026-08-01T19:08:54Z,production,1,false,
hanzoai/insights,post,cb342dffd4dc6aa486afa12ecc2fa609ff237b9f,2026-08-01T19:12:51Z,other,3,false,
hanzoai/insights,post,602ed27581fcc66fe8d9fa6f7acd54716e2d679f,2026-08-01T19:13:19Z,other,18,false,
hanzoai/insights,post,8d3755263943e05c71691e9b3001338ef4a30137,2026-08-01T19:14:53Z,other,1,false,
hanzoai/insights,post,8741daf3d602a427f0f031a3773c0fb89dc85144,2026-08-01T19:21:37Z,other,2,false,
hanzoai/insights,post,c6a77966c7bd724bcd183b2b9c54f120801a4fbe,2026-08-01T19:29:46Z,other,1,false,
hanzoai/insights,post,e759be3f6617107212d0745e075d825e18c5fbca,2026-08-01T19:46:11Z,other,1,false,
hanzoai/insights,post,e759be3f6617107212d0745e075d825e18c5fbca,2026-08-01T19:46:11Z,production,2,false,
hanzoai/insights,post,e759be3f6617107212d0745e075d825e18c5fbca,2026-08-01T19:46:11Z,test,1,false,
hanzoai/insights,post,9876830ac10be34b463925bf9e125e739a8a199a,2026-08-01T22:03:54Z,production,5,false,
hanzoai/insights,post,9876830ac10be34b463925bf9e125e739a8a199a,2026-08-01T22:03:54Z,test,2,false,
hanzoai/insights,post,7b430ab697e9250bfbcce069495433e2a8cf05cf,2026-08-01T22:08:08Z,other,1,false,
hanzoai/insights,post,1df179fb586caebb1c54a6d4b728a3cb23764726,2026-08-01T22:11:43Z,other,16,false,
hanzoai/insights,post,1df179fb586caebb1c54a6d4b728a3cb23764726,2026-08-01T22:11:43Z,production,4,false,
hanzoai/insights,post,1df179fb586caebb1c54a6d4b728a3cb23764726,2026-08-01T22:11:43Z,test,3,false,
hanzoai/insights,post,f54b40c2ef560d522f2cf950f1684cd010df4085,2026-08-01T22:30:47Z,other,1,false,
hanzoai/insights,post,233627f2bee4974aec9910f2af59205084812991,2026-08-01T22:31:52Z,other,1,false,
hanzoai/insights,post,96384a7ae34d4789363a06f678da5889294e7930,2026-08-01T22:34:34Z,other,1,false,
hanzoai/insights,post,dacab0a6b0248017562fcf50cc95f08e7cc37285,2026-08-01T22:39:10Z,other,1,false,
hanzoai/insights,post,d40f5d6d956e97829100f969c9e43c8f50597f1b,2026-08-01T22:44:06Z,other,1,false,
hanzoai/insights,post,1b367e2b620c9daed3ea9f85ee02aec23b96a5dc,2026-08-01T22:44:40Z,other,21645,false,
hanzoai/insights,post,1b367e2b620c9daed3ea9f85ee02aec23b96a5dc,2026-08-01T22:44:40Z,production,11396,false,
hanzoai/insights,post,1b367e2b620c9daed3ea9f85ee02aec23b96a5dc,2026-08-01T22:44:40Z,skill,70,false,
hanzoai/insights,post,1b367e2b620c9daed3ea9f85ee02aec23b96a5dc,2026-08-01T22:44:40Z,test,4552,false,
hanzoai/insights,post,cd0816f1752a8234e405755567208cf4d40fb96b,2026-08-01T22:50:06Z,other,4,false,
hanzoai/insights,post,10e6fec4c0fe688db6cc94a18e4ef2fa57518bf7,2026-08-02T00:42:28Z,other,574,false,
hanzoai/insights,post,10e6fec4c0fe688db6cc94a18e4ef2fa57518bf7,2026-08-02T00:42:28Z,production,211,false,
hanzoai/insights,post,10e6fec4c0fe688db6cc94a18e4ef2fa57518bf7,2026-08-02T00:42:28Z,skill,7,false,
hanzoai/insights,post,10e6fec4c0fe688db6cc94a18e4ef2fa57518bf7,2026-08-02T00:42:28Z,test,101,false,
hanzoai/insights,post,1199d1fcb7e5527e4b6aef4d048807434aeba7fd,2026-08-02T00:44:35Z,other,5,false,
hanzoai/insights,post,1b182d2eef47184a56ee81b8a44801e388fe0701,2026-08-02T00:46:59Z,other,1,false,
hanzoai/insights,post,1cc30180fdffff6d21306355d4eea0f14bb7b2b2,2026-08-02T00:47:02Z,production,2,false,
hanzoai/insights,post,7cf0e3b320fc34af9044e6e04ca4231933c2163c,2026-08-02T00:47:10Z,other,6,false,
hanzoai/insights,post,2aa064a97ab1424e0eb51443cc863e23d832f5d7,2026-08-02T00:47:17Z,other,2,false,
hanzoai/insights,post,19a2254e060a5ae95780208b10109fabcbfb4c5c,2026-08-02T00:49:44Z,other,1,false,
hanzoai/insights,post,06f61cfb82ebd013924793c6ec65b05159d61361,2026-08-02T00:50:23Z,other,12,false,
hanzoai/insights,post,0d6778eb79ca8ae566e07d7db7fa2aff49873163,2026-08-02T00:51:58Z,production,3,false,
hanzoai/insights,post,0b7bab857e0a3e49479ef1d09ed44522af590864,2026-08-02T00:54:23Z,other,3,false,
hanzoai/insights,post,0b7bab857e0a3e49479ef1d09ed44522af590864,2026-08-02T00:54:23Z,production,1,false,
hanzoai/insights,post,0b7bab857e0a3e49479ef1d09ed44522af590864,2026-08-02T00:54:23Z,test,2,false,
hanzoai/insights,post,33487e2ccb3fe17826ee86c67e5f281a4b111104,2026-08-02T01:02:59Z,production,2,false,
hanzoai/insights,post,bc53d4a9407ecccb53f2c5b4fc3bb8df980b0a12,2026-08-02T01:18:23Z,other,1,false,
hanzoai/insights,post,5f73aae87dc906da6e5fb9b7320cb5b2740db992,2026-08-02T01:21:30Z,other,570,false,
hanzoai/insights,post,5f73aae87dc906da6e5fb9b7320cb5b2740db992,2026-08-02T01:21:30Z,production,7,false,
hanzoai/insights,post,5f73aae87dc906da6e5fb9b7320cb5b2740db992,2026-08-02T01:21:30Z,test,2,false,
hanzoai/insights,post,9c8490a88977b7d4a33eb45a6434400bf76f2acd,2026-08-02T01:21:59Z,production,7,false,
hanzoai/insights,post,b9d96c283ca16502fa41abef9dbd8609dbcf8324,2026-08-02T01:22:13Z,other,2,false,
hanzoai/insights,post,b9d96c283ca16502fa41abef9dbd8609dbcf8324,2026-08-02T01:22:13Z,production,24,false,
hanzoai/insights,post,b9d96c283ca16502fa41abef9dbd8609dbcf8324,2026-08-02T01:22:13Z,test,5,false,
hanzoai/insights,post,8e3da31c89df41462b39d11f539058bb73dff4d6,2026-08-02T01:23:21Z,other,8,false,
hanzoai/insights,post,06b9ef54ffc77a6305a409964feae2253ffddebc,2026-08-02T01:23:34Z,other,1,false,
hanzoai/insights,post,2692650cd5cab96f849e470fa1ddad66dd57a917,2026-08-02T01:26:42Z,production,3,false,
hanzoai/insights,post,a41b1cfa14ef35ea4c3155ce6bf704e07a616f4f,2026-08-02T04:16:06Z,other,1,false,
hanzoai/insights,post,f4601e431b3c33bd59c4e27e72cd512f7352349d,2026-08-02T04:16:06Z,other,1,false,
hanzoai/insights,post,dfcfeb56675dcda157c41b403736cbc4af584919,2026-08-02T04:29:10Z,other,1,false,
hanzoai/insights,post,31e8665733cc270369156bf23987aaaa1f9fdd61,2026-08-02T04:39:20Z,other,1,false,
hanzoai/insights,post,82120531a1d8c19695ebc779cde04b6b3eb2f739,2026-08-02T05:17:05Z,other,99,false,
hanzoai/insights,post,82120531a1d8c19695ebc779cde04b6b3eb2f739,2026-08-02T05:17:05Z,production,86,false,
hanzoai/insights,post,82120531a1d8c19695ebc779cde04b6b3eb2f739,2026-08-02T05:17:05Z,test,28,false,
hanzoai/insights,post,9b7c47cc3a9745d0e731ffa613655647d6c743d0,2026-08-02T05:17:51Z,other,1,false,
hanzoai/insights,post,9b7c47cc3a9745d0e731ffa613655647d6c743d0,2026-08-02T05:17:51Z,production,2,false,
hanzoai/insights,post,9b7c47cc3a9745d0e731ffa613655647d6c743d0,2026-08-02T05:17:51Z,test,1,false,
hanzoai/insights,post,610a659cff159030bb1e8bc2f5dba68b96676b75,2026-08-02T05:19:03Z,other,2,false,
hanzoai/insights,post,610a659cff159030bb1e8bc2f5dba68b96676b75,2026-08-02T05:19:03Z,production,1,false,
hanzoai/insights,post,610a659cff159030bb1e8bc2f5dba68b96676b75,2026-08-02T05:19:03Z,test,1,false,
hanzoai/insights,post,8e69106900f2ba0262c64c905150689a051a64f4,2026-08-02T05:19:19Z,other,2,false,
hanzoai/insights,post,8e69106900f2ba0262c64c905150689a051a64f4,2026-08-02T05:19:19Z,production,23,false,
hanzoai/insights,post,8e69106900f2ba0262c64c905150689a051a64f4,2026-08-02T05:19:19Z,test,23,false,
hanzoai/insights,post,3ea492eca66c915fa567b71d08aa82e7e4c32d98,2026-08-02T05:20:07Z,other,1,false,
hanzoai/insights,post,545fdf9ff5b417af486afbfb302422ce8e1d31da,2026-08-02T05:22:11Z,other,1,false,
hanzoai/insights,post,3115aec23249b21f90652b24efdfb653e3fac8ea,2026-08-02T05:22:39Z,other,1,false,
hanzoai/insights,post,b7f9a67e2acadddbc4751e8cc77b84fa534d22ea,2026-08-02T05:22:44Z,other,1,false,
hanzoai/insights,post,b7f9a67e2acadddbc4751e8cc77b84fa534d22ea,2026-08-02T05:22:44Z,production,90,false,
hanzoai/insights,post,b7f9a67e2acadddbc4751e8cc77b84fa534d22ea,2026-08-02T05:22:44Z,test,140,false,
hanzoai/insights,post,c939761f6a129adeb6ec92f04f55dc21609ca98b,2026-08-02T05:24:55Z,production,1,false,
hanzoai/insights,post,f29b6abb90b48df12f7f8d65fdf4795927420e91,2026-08-02T05:25:01Z,other,1,false,
hanzoai/insights,post,bd94e8add8816f5bcb497c413455e8ccca0b5a18,2026-08-02T05:25:42Z,other,1,false,
hanzoai/insights,post,ee7912c0eba29a556517a53f4eea608648190b9a,2026-08-02T05:29:01Z,,0,true,merge_commit
hanzoai/insights,post,3226c1fe9deb197c084170a94d23eef3d878b597,2026-08-02T05:30:47Z,production,7,false,
hanzoai/insights,post,b53c42197921773d55b057b7fa6a12b03f485fcf,2026-08-02T05:31:29Z,production,20,false,
hanzoai/insights,post,7f199749c4fbfb0c8410f266b8cb72bc7d3bea28,2026-08-02T05:31:33Z,other,1,false,
hanzoai/insights,post,9846d72adcc31760f3176006cffcff6392f45e68,2026-08-02T06:06:51Z,,0,true,merge_commit
hanzoai/insights,post,d20a38c85adf86251662d2d52e2863ac5dab4647,2026-08-02T06:10:31Z,,0,true,merge_commit
hanzoai/insights,post,e1bfdb66dfcea40d126f89905d44d424c2d1a73e,2026-08-02T06:13:52Z,other,3,false,
hanzoai/insights,post,33f2957203bc417ebf3ed4dff786950d3b6a02ad,2026-08-02T06:14:09Z,,0,true,merge_commit
hanzoai/insights,post,2d3cf5f59336c69ac680a58a9cdb7e3b1e1637d2,2026-08-02T06:14:13Z,,0,true,merge_commit
hanzoai/insights,post,bf845fe79af9ef227d97adc719a50b6a8ff2662d,2026-08-02T06:17:09Z,other,4,false,
hanzoai/insights,post,fe3a980046cf3ebbab5c57551fa30a5de62f9770,2026-08-02T06:18:11Z,other,5,false,
hanzoai/insights,post,a9719ad218adaff3e597bd63f5759c27b22aff05,2026-08-02T06:18:32Z,other,1,false,
hanzoai/insights,post,46a657c37fdee116a4914419a90d68ba288c5098,2026-08-02T06:20:59Z,other,1,false,
hanzoai/insights,post,f1ded9ebcb8ebd690f7b10326660276a465c613a,2026-08-02T06:23:44Z,other,1,false,
hanzoai/insights,post,3253120c613f9e6677d7f01fe64abc18998ab881,2026-08-02T06:26:38Z,other,4,false,
hanzoai/insights,post,52ae8bc7f0a60b0ffeff47563b89e15f87cfe89a,2026-08-02T06:27:23Z,other,1,false,
hanzoai/insights,post,f4eae1dce2a70f942a07d6c1e21c7ed2f9b220a8,2026-08-02T06:27:52Z,other,2,false,
hanzoai/insights,post,51e82a6db790a7d0b3c133d615e3d0b7b1989a4b,2026-08-02T06:31:21Z,other,1,false,
hanzoai/insights,post,209e19cb2dcf74d37edec76dcee1a387a35a51a9,2026-08-02T07:01:08Z,other,1,false,
hanzoai/insights,post,209e19cb2dcf74d37edec76dcee1a387a35a51a9,2026-08-02T07:01:08Z,production,10,false,
hanzoai/insights,post,209e19cb2dcf74d37edec76dcee1a387a35a51a9,2026-08-02T07:01:08Z,test,4,false,
hanzoai/insights,post,ea5148f22511cefb95739131f31b9db0757a17eb,2026-08-02T07:22:14Z,production,1,false,
hanzoai/insights,post,1bd865a0d2988819b399eb736abb9120c3b2065f,2026-08-02T07:23:43Z,production,1,false,
hanzoai/insights,post,c62852742a21895b2d98baac6292fc294c38be9c,2026-08-02T07:23:54Z,production,1,false,
hanzoai/insights,post,0226abe3a92f69bd27215e2b173f15a81fecfee6,2026-08-02T07:25:55Z,other,1,false,
hanzoai/insights,post,0226abe3a92f69bd27215e2b173f15a81fecfee6,2026-08-02T07:25:55Z,production,155,false,
hanzoai/insights,post,0226abe3a92f69bd27215e2b173f15a81fecfee6,2026-08-02T07:25:55Z,test,3,false,
hanzoai/insights,post,ddbc8c20b26aaa165ec9a82fea3c87ca0000dede,2026-08-02T07:26:04Z,other,5,false,
hanzoai/insights,post,ddbc8c20b26aaa165ec9a82fea3c87ca0000dede,2026-08-02T07:26:04Z,production,2,false,
hanzoai/insights,post,ddbc8c20b26aaa165ec9a82fea3c87ca0000dede,2026-08-02T07:26:04Z,test,2,false,
hanzoai/insights,post,8b574d5a7680c50dbfd651a0d377ae70b2d25b0e,2026-08-02T15:41:42Z,production,1,false,
hanzoai/insights,post,38b21937b67c4934c64f60c7fc65f063f64f555e,2026-08-02T16:54:26Z,,0,true,merge_commit
hanzoai/insights,post,60ad582a88bae441e784430cce73cb46d06c59f5,2026-08-02T16:54:33Z,,0,true,merge_commit
hanzoai/insights,post,ea62b4002af7d9610c33c34f26d42d7b8eae7a13,2026-08-02T16:54:40Z,,0,true,merge_commit
hanzoai/insights,post,b2df18b9beeff3d8f5741be31a6edadc61cac394,2026-08-02T16:56:28Z,,0,true,merge_commit
hanzoai/insights,post,b76e1d007ebc180b345f2711fea19cd7b76ce7dd,2026-08-02T16:57:00Z,,0,true,merge_commit
hanzoai/insights,post,2d47718ee6a8e125d60ba1afef6fb306a6b174e8,2026-08-02T16:57:05Z,,0,true,merge_commit
hanzoai/insights,post,37a61e35f106f8b9e828d900b9e5aeb5e87795c7,2026-08-02T17:00:46Z,,0,true,merge_commit
hanzoai/insights,post,64b088a15b562fe10754508e6c48b8d38fc1b7c5,2026-08-02T17:41:11Z,other,1,false,
hanzoai/insights,post,e59a79d1679b99a718ebc19f4fb28735bcdbce8b,2026-08-02T19:00:03Z,other,9,false,
hanzoai/insights,post,e59a79d1679b99a718ebc19f4fb28735bcdbce8b,2026-08-02T19:00:03Z,production,302,false,
hanzoai/insights,post,e59a79d1679b99a718ebc19f4fb28735bcdbce8b,2026-08-02T19:00:03Z,test,120,false,
hanzoai/insights,post,4e9a9c92f9f7cff1d3fa83f82473a657fefc7c81,2026-08-02T19:18:37Z,production,10,false,
hanzoai/insights,post,885509021f40a2d300b23dafbca89945d917a052,2026-08-02T19:30:31Z,other,9,false,
hanzoai/insights,post,6e8c671e72b423771b4d4770092ef7d4ee32ed70,2026-08-02T19:36:44Z,other,4,false,
hanzoai/insights,post,1b783d757911984bfa3ede01fd2b20436bc0ca49,2026-08-02T19:40:23Z,,0,true,merge_commit
hanzoai/insights,post,8e699aad99252b61b3fea77df86cf9974b9cbe37,2026-08-02T19:41:51Z,other,1,false,
hanzoai/insights,post,8e699aad99252b61b3fea77df86cf9974b9cbe37,2026-08-02T19:41:51Z,production,87,false,
hanzoai/insights,post,8e699aad99252b61b3fea77df86cf9974b9cbe37,2026-08-02T19:41:51Z,test,7,false,
hanzoai/insights,post,2f4e177af55baf71bc8f2eed42c715ba7045f4a6,2026-08-02T19:50:07Z,,0,true,merge_commit
hanzoai/insights,post,36f1cc1592e3c0adb984e5c4b8f67a16bdf2b316,2026-08-02T21:15:24Z,other,4,false,
hanzoai/insights,post,2a9e3746e9edbb8d0795dabb664025a815f484f4,2026-08-02T21:30:39Z,other,4,false,
hanzoai/insights,post,6ce279af06a5dcdb56a845aa707151f88197e7d6,2026-08-02T21:31:14Z,,0,true,merge_commit
hanzoai/insights,post,07206d0d1b5982581015bec18fa063da2d10416a,2026-08-02T21:32:05Z,,0,true,merge_commit
hanzoai/insights,post,808b7961c6c6cf7fdbcff3fd96c4b2968c57bcb6,2026-08-02T21:42:07Z,production,1,false,
hanzoai/insights,post,808b7961c6c6cf7fdbcff3fd96c4b2968c57bcb6,2026-08-02T21:42:07Z,test,1,false,
hanzoai/insights,post,97da3ed1e5c593e2237ce50d9ded254ee304d808,2026-08-02T21:46:59Z,production,1,false,
hanzoai/insights,post,b84e381371557f053c8da05635432a2e08d53130,2026-08-02T21:47:09Z,production,1,false,
hanzoai/insights,post,17810e1c5a88c708227a11b471dbb01624295411,2026-08-02T21:47:25Z,other,8,false,
hanzoai/insights,post,a734787e43391c8c59a892a3c8fad50f632b34e9,2026-08-02T21:47:37Z,other,2,false,
hanzoai/insights,post,4b5a2c4693705d3e27c69793a1092a09f3ef7c7f,2026-08-02T22:27:10Z,other,6,false,
hanzoai/insights,post,3158e1b53b01b8134de830b0fee3fd88542147ac,2026-08-02T22:39:33Z,production,1,false,
hanzoai/insights,post,8d0c24917ff70677123873cae76da4f6b7746f61,2026-08-02T22:39:33Z,other,4,false,
hanzoai/insights,post,b7c7416962eb770d5389aeec94e2626aa072cb91,2026-08-02T22:39:39Z,,0,true,merge_commit
hanzoai/insights,post,c3ef7648c975c54e8986915481d85750a05b6fc3,2026-08-02T22:40:36Z,production,2,false,
hanzoai/insights,post,c3ef7648c975c54e8986915481d85750a05b6fc3,2026-08-02T22:40:36Z,test,1,false,
hanzoai/insights,post,10e66c82d97ce480f22e0462b7c85c39d2e723d9,2026-08-02T22:40:46Z,production,1,false,
hanzoai/insights,post,10e66c82d97ce480f22e0462b7c85c39d2e723d9,2026-08-02T22:40:46Z,test,1,false,
hanzoai/insights,post,4677b7d124bf36b5f0b2b8a3f97aa60e39454f84,2026-08-02T22:40:57Z,production,1,false,
hanzoai/insights,post,b18ebf4efbe9b970a26425ae6d65829c37abbe82,2026-08-02T22:41:05Z,production,1,false,
hanzoai/insights,post,b18ebf4efbe9b970a26425ae6d65829c37abbe82,2026-08-02T22:41:05Z,test,1,false,
hanzoai/insights,post,89faddff4ba4460737773412bf22f8ed6e080c33,2026-08-02T22:46:00Z,other,2,false,
hanzoai/insights,post,6faf47fccd291a5e5b40abf988371f9e1c305d26,2026-08-02T22:46:16Z,,0,true,merge_commit
hanzoai/insights,post,6e588007ac1a2e8b7bc65c9e093e47fbc643f1bf,2026-08-02T22:47:05Z,production,1,false,
hanzoai/insights,post,ae668218c373e63fe64c7ff1b4d00c40658e2026,2026-08-02T22:49:32Z,other,2,false,
hanzoai/insights,post,eff1308d8286e0e4af2ee02955193181c0f71331,2026-08-02T22:56:03Z,other,2,false,
hanzoai/insights,post,3d442a0d1447ae2976dfd6689d6c899cc975ef3c,2026-08-02T22:56:17Z,,0,true,merge_commit
hanzoai/insights,post,0054ca8f147a8428f031d930a171fab5bf47f5df,2026-08-02T23:01:38Z,production,1,false,
hanzoai/insights,post,0054ca8f147a8428f031d930a171fab5bf47f5df,2026-08-02T23:01:38Z,test,1,false,
hanzoai/insights,post,3acfed997ad1a1a846ac87347684ad18dbb3f7e2,2026-08-02T23:01:51Z,,0,true,merge_commit
hanzoai/insights,post,7c3cb977cf6968b228f9ae2e13643598d172fef7,2026-08-02T23:15:39Z,,0,true,merge_commit
hanzoai/insights,post,2a1c0627e11a40e45240529f53f2b5d9d4bf6ee0,2026-08-03T00:51:09Z,other,1,false,
hanzoai/insights,post,90ce84f44caf2a30fc7b39402dec7f2e5f40c37d,2026-08-03T00:51:20Z,,0,true,merge_commit
hanzoai/insights,post,bc48163c3c6fae2830668c910a7b30d90a3bc226,2026-08-03T01:35:20Z,production,3,false,
hanzoai/insights,post,0b36efa28cf15ec22fceed953f4f8e5dd9fbe39a,2026-08-03T01:35:35Z,,0,true,merge_commit
hanzoai/insights,post,83cda46820d2219c301e93c10ef18dac775a01b4,2026-08-03T01:42:12Z,other,2,false,
hanzoai/insights,post,bea611fdb3dedc734fdf68ff5c723d4dac6abeeb,2026-08-03T01:42:26Z,,0,true,merge_commit
hanzoai/insights,post,7389f946b5a0444b6d9fbdac325a3c2865ff48d6,2026-08-03T02:16:41Z,other,1,false,
hanzoai/insights,post,79e1d3a065b5e825a38da6ad337ac637a60e7a14,2026-08-03T02:22:51Z,other,1,false,
hanzoai/insights,post,5d0e7679bde4fa33e3f112371b38b35a0a984b2f,2026-08-03T02:23:18Z,,0,true,merge_commit
hanzoai/insights,post,74b009b48cf2c4fb90e16b37c6e1632308f9ad3d,2026-08-03T02:23:39Z,,0,true,merge_commit
hanzoai/insights,post,8ea75585603943527bcaa74a5bc355571c716084,2026-08-03T03:02:59Z,other,2,false,
hanzoai/insights,post,51119aa02a250c9ca71439dd7d2903dd803ec1d4,2026-08-03T03:03:08Z,,0,true,merge_commit
hanzoai/insights,post,5ef15f9597db727375313522ea04dcacfcc44e7d,2026-08-03T03:20:58Z,other,1,false,
hanzoai/insights,post,8244b4500c3e4903065c42dcb06c22cb68e447f5,2026-08-03T03:20:59Z,,0,true,merge_commit
hanzoai/insights,post,424c089346435efcc8078d55153bc634b94c6703,2026-08-03T03:34:50Z,other,1,false,
hanzoai/insights,post,46df7522690a87adc8dad6b9a2b5021e9476fabb,2026-08-03T04:14:07Z,other,1,false,
hanzoai/insights,post,c4ea30cd585a6ff818c233b22cf1f6f7b5166269,2026-08-03T04:14:13Z,,0,true,merge_commit
hanzoai/insights,post,e5aa74a71cc40da6eb95f0eb158bd8e9b149a086,2026-08-03T14:48:25Z,other,2,false,
hanzoai/insights,post,81a40003d4ef02624ff68b07c102224dd09d2013,2026-08-03T14:48:40Z,,0,true,merge_commit
hanzoai/insights,post,93662d203974d8e24ab196ae451d66666621a252,2026-08-03T15:17:07Z,other,642,false,
hanzoai/insights,post,93662d203974d8e24ab196ae451d66666621a252,2026-08-03T15:17:07Z,production,2,false,
hanzoai/insights,post,93662d203974d8e24ab196ae451d66666621a252,2026-08-03T15:17:07Z,test,2,false,
hanzoai/insights,post,6b303872f83392dc3f608970724e5ba1fe80cc1c,2026-08-03T15:48:42Z,other,1,false,
hanzoai/insights,post,6b303872f83392dc3f608970724e5ba1fe80cc1c,2026-08-03T15:48:42Z,production,8,false,
hanzoai/insights,post,6b303872f83392dc3f608970724e5ba1fe80cc1c,2026-08-03T15:48:42Z,test,1,false,
hanzoai/insights,post,33da9979785c7832e35ba94be353c2e776696a23,2026-08-03T15:49:11Z,other,6,false,
hanzoai/insights,post,39d59f86741a4f35f4a62abe7c3c104f7edda276,2026-08-03T16:14:23Z,production,3,false,
hanzoai/insights,post,39d59f86741a4f35f4a62abe7c3c104f7edda276,2026-08-03T16:14:23Z,test,1,false,
hanzoai/insights,post,04aac6bad00dc71f85a11e4fb82a163a365cab30,2026-08-03T16:24:44Z,other,4,false,
hanzoai/insights,post,04aac6bad00dc71f85a11e4fb82a163a365cab30,2026-08-03T16:24:44Z,production,5,false,
hanzoai/insights,post,04aac6bad00dc71f85a11e4fb82a163a365cab30,2026-08-03T16:24:44Z,test,1,false,
hanzoai/insights,post,435e8b7aca3ac31ad540ec39d40752320fb0822d,2026-08-03T16:32:28Z,,0,true,merge_commit
hanzoai/insights,post,9af945a204829f00e57b52d2df21863dcd773729,2026-08-03T16:32:28Z,,0,true,merge_commit
hanzoai/insights,post,10ea47f7536daa8a9508b3c9228c4f5dae9f7cdc,2026-08-03T16:32:36Z,production,1,false,
hanzoai/insights,post,b7b5179a3d572d2f07a46ed883d23da614d6eeb9,2026-08-03T16:52:29Z,production,1,false,
hanzoai/insights,post,55fa2423d6b2ba6d1c37f72c798bebd18edfc09f,2026-08-03T17:22:07Z,other,2,false,
hanzoai/insights,post,55fa2423d6b2ba6d1c37f72c798bebd18edfc09f,2026-08-03T17:22:07Z,production,2,false,
hanzoai/insights,post,55fa2423d6b2ba6d1c37f72c798bebd18edfc09f,2026-08-03T17:22:07Z,test,1,false,
hanzoai/insights,post,37d304cc616660b8df2cffd8197ea911f4d97ff4,2026-08-04T08:36:57Z,,0,true,merge_commit
hanzoai/insights,post,60415dc6be82eafa399dc4d8eabe2ff9fec8f8fb,2026-08-04T16:28:54Z,production,1,false,
hanzoai/insights,post,60415dc6be82eafa399dc4d8eabe2ff9fec8f8fb,2026-08-04T16:28:54Z,test,1,false,
hanzoai/insights,post,55316830676e6841db6a5add2750163c7962796f,2026-08-04T18:09:19Z,other,1,false,
hanzoai/insights,post,55316830676e6841db6a5add2750163c7962796f,2026-08-04T18:09:19Z,production,3,false,
hanzoai/insights,post,f2b92378d2338dab2c237c8b62fad7ea85d51cfa,2026-08-04T18:11:54Z,production,4,false,
hanzoai/insights,post,f2b92378d2338dab2c237c8b62fad7ea85d51cfa,2026-08-04T18:11:54Z,test,1,false,
hanzoai/insights,post,87a9e5c7dabaa4ecb5a067f4b3332625aeed0390,2026-08-04T18:58:15Z,,0,true,merge_commit
hanzoai/insights,post,7d3fe7d5358984bb7b6900f246f22f23673525db,2026-08-04T18:58:55Z,production,2,false,
hanzoai/insights,post,dbb2492405e180a0c8bab136830405342adaf89f,2026-08-04T19:05:06Z,other,2,false,
hanzoai/insights,post,dbb2492405e180a0c8bab136830405342adaf89f,2026-08-04T19:05:06Z,production,9,false,
hanzoai/insights,post,dbb2492405e180a0c8bab136830405342adaf89f,2026-08-04T19:05:06Z,test,1,false,
hanzoai/insights,post,599a9bf29c0abd275876b94ba8ead812ce545336,2026-08-04T19:07:48Z,other,2,false,
hanzoai/insights,post,599a9bf29c0abd275876b94ba8ead812ce545336,2026-08-04T19:07:48Z,production,9,false,
hanzoai/insights,post,599a9bf29c0abd275876b94ba8ead812ce545336,2026-08-04T19:07:48Z,test,1,false,
hanzoai/insights,post,1b54e0afc90608bb57068c40ac2298a117213f9e,2026-08-04T19:10:22Z,other,1,false,
hanzoai/insights,post,1b54e0afc90608bb57068c40ac2298a117213f9e,2026-08-04T19:10:22Z,production,2,false,
hanzoai/insights,post,95b0a6d9a6b046f136a07f3036c85542fd64fde8,2026-08-04T19:25:52Z,other,17,false,
hanzoai/insights,post,7b4281fbabd4bded9294be113d0b2ca861cdc00b,2026-08-04T19:26:01Z,other,1,false,
hanzoai/insights,post,f9866871855ca2f1dbadf4301d029b16001a53a3,2026-08-04T19:26:13Z,,0,true,merge_commit
hanzoai/insights,post,199b031a78cbb292a52068e386344cec412df418,2026-08-04T19:26:23Z,,0,true,merge_commit
hanzoai/insights,post,bd28774d60b19089c301509fc79f37cda768af68,2026-08-04T19:27:10Z,production,12,false,
hanzoai/insights,post,bd28774d60b19089c301509fc79f37cda768af68,2026-08-04T19:27:10Z,test,3,false,
hanzoai/insights,post,b97cdc1087bd0c7341c48d7c8bcdf879208ef292,2026-08-04T19:33:29Z,production,12,false,
hanzoai/insights,post,b97cdc1087bd0c7341c48d7c8bcdf879208ef292,2026-08-04T19:33:29Z,test,3,false,
hanzoai/insights,post,abd34e5b20ecd5185e0abe61baae9d7b52156b85,2026-08-05T05:45:32Z,other,1,false,
hanzoai/insights,post,abd34e5b20ecd5185e0abe61baae9d7b52156b85,2026-08-05T05:45:32Z,production,3,false,
hanzoai/insights,post,0a5b451bd75ec7fb7a7aeb9cbcd1801e7b133677,2026-08-05T08:13:49Z,other,24,false,
hanzoai/insights,post,0a5b451bd75ec7fb7a7aeb9cbcd1801e7b133677,2026-08-05T08:13:49Z,production,16,false,
hanzoai/insights,post,0a5b451bd75ec7fb7a7aeb9cbcd1801e7b133677,2026-08-05T08:13:49Z,test,7,false,
hanzoai/insights,post,1ab131e1634a551cc99b452c46407c8c9ce9c968,2026-08-05T17:56:07Z,other,1,false,
hanzoai/insights,post,1ab131e1634a551cc99b452c46407c8c9ce9c968,2026-08-05T17:56:07Z,production,3,false,
hanzoai/insights,post,a6f19e31217211e0b03e09e9f182c6aac84043b4,2026-08-05T20:32:17Z,other,15,false,
hanzoai/insights,post,4ee34f370295eaca9ffacd9f9d405539890e37cb,2026-08-05T21:39:15Z,other,3,false,
hanzoai/insights,post,c831a1187f8d0d284b0f5c111ba5381ce8f8e3ea,2026-08-06T07:43:30Z,other,2,false,
hanzoai/insights,post,9108a1d74316ee32d601151d546223416675a901,2026-08-06T08:03:08Z,other,5,false,
hanzoai/insights,post,9108a1d74316ee32d601151d546223416675a901,2026-08-06T08:03:08Z,production,33,false,
hanzoai/insights,post,9108a1d74316ee32d601151d546223416675a901,2026-08-06T08:03:08Z,test,23,false,
hanzoai/insights,post,99475eb0ddb38cffbe409c8154702798d9a353bb,2026-08-06T08:04:19Z,other,1,false,
hanzoai/insights,post,99475eb0ddb38cffbe409c8154702798d9a353bb,2026-08-06T08:04:19Z,production,6,false,
hanzoai/insights,post,99475eb0ddb38cffbe409c8154702798d9a353bb,2026-08-06T08:04:19Z,test,2,false,
hanzoai/insights,post,bc4ddf332b2507d6e739233ab8a7b6e6a591890e,2026-08-06T08:25:36Z,other,2706,false,
hanzoai/insights,post,bc4ddf332b2507d6e739233ab8a7b6e6a591890e,2026-08-06T08:25:36Z,production,1275,false,
hanzoai/insights,post,bc4ddf332b2507d6e739233ab8a7b6e6a591890e,2026-08-06T08:25:36Z,skill,15,false,
hanzoai/insights,post,bc4ddf332b2507d6e739233ab8a7b6e6a591890e,2026-08-06T08:25:36Z,test,642,false,
hanzoai/insights,post,aa68561ab30d94cc3d31f1686b51e309cbc3fd11,2026-08-06T09:33:27Z,,0,true,merge_commit
hanzoai/insights,post,038a499b07dc6a956e2ffa285825e5bba93a765c,2026-08-06T09:38:01Z,other,2,false,
hanzoai/insights,post,007161db07c32f7e1c90f3b1ed0b6adb5c75fbe5,2026-08-06T11:30:08Z,other,5,false,
hanzoai/insights,post,007161db07c32f7e1c90f3b1ed0b6adb5c75fbe5,2026-08-06T11:30:08Z,production,33,false,
hanzoai/insights,post,007161db07c32f7e1c90f3b1ed0b6adb5c75fbe5,2026-08-06T11:30:08Z,test,23,false,
hanzoai/insights,post,1bb2e0565db2bb75a0db5c676404eb4e99236b4e,2026-08-06T11:30:08Z,other,1,false,
hanzoai/insights,post,1bb2e0565db2bb75a0db5c676404eb4e99236b4e,2026-08-06T11:30:08Z,production,6,false,
hanzoai/insights,post,1bb2e0565db2bb75a0db5c676404eb4e99236b4e,2026-08-06T11:30:08Z,test,2,false,
hanzoai/insights,post,1a41b0f0f79dad6278dc54fb53ab8b8f06165bc6,2026-08-06T11:32:27Z,other,2,false,
hanzoai/insights,post,0a3dd250cddae5544e96e7ca5e1d41fa8d11ffc9,2026-08-06T11:48:38Z,,0,true,merge_commit
hanzoai/insights,post,96345276fbf35a5ec4c8eed7dbd1850966f36fef,2026-08-06T11:49:14Z,,0,true,merge_commit
hanzoai/insights,post,b431142b57e7b8db88627d5141fb5f9310c3389f,2026-08-06T11:50:11Z,,0,true,merge_commit
hanzoai/insights,post,d58e1d911c7bb4f43afcfc8b838b1275e9fbe0d9,2026-08-06T12:00:15Z,production,2,false,
hanzoai/insights,post,159e8250225ada6fb485136348f1e89f07f76ecc,2026-08-06T12:33:45Z,,0,true,merge_commit
hanzoai/insights,post,2fe68d4cd0d8e23ea72cf631a7aaf3e79fdeee1d,2026-08-06T12:40:55Z,other,12,false,
hanzoai/insights,post,2fe68d4cd0d8e23ea72cf631a7aaf3e79fdeee1d,2026-08-06T12:40:55Z,production,43,false,
hanzoai/insights,post,2fe68d4cd0d8e23ea72cf631a7aaf3e79fdeee1d,2026-08-06T12:40:55Z,test,28,false,
hanzoai/insights,post,93accd4eb95f014455fb477bde8368d983492cfb,2026-08-06T14:32:21Z,production,1,false,
hanzoai/insights,post,e4a276e40926e261a490fd9410f5ce30ba5419ce,2026-08-06T18:21:45Z,other,2908,false,
hanzoai/insights,post,e4a276e40926e261a490fd9410f5ce30ba5419ce,2026-08-06T18:21:45Z,production,4,false,
hanzoai/insights,post,4c0fddf2f7746fdce775b4498744be12308b51da,2026-08-06T18:31:06Z,other,23,false,
hanzoai/insights,post,45a7c49737acd5d369db3ffc4e7cb35143c4f2d6,2026-08-06T18:32:46Z,,0,true,merge_commit
hanzoai/insights,post,acd1c51241e771af11761c070a5423c88c9c4af2,2026-08-06T19:02:49Z,other,2,false,
hanzoai/insights,post,acd1c51241e771af11761c070a5423c88c9c4af2,2026-08-06T19:02:49Z,production,1,false,
hanzoai/insights,post,acd1c51241e771af11761c070a5423c88c9c4af2,2026-08-06T19:02:49Z,test,1,false,
hanzoai/insights,post,a1f4d9dd347c2ba9d433485a596df677006afabf,2026-08-06T19:37:50Z,production,1,false,
hanzoai/insights,post,578bc14bb3dc44a6ec5168c8e8d6c29fb4421da1,2026-08-06T19:38:07Z,production,3,false,
hanzoai/insights,post,578bc14bb3dc44a6ec5168c8e8d6c29fb4421da1,2026-08-06T19:38:07Z,test,1,false,
hanzoai/insights,post,188860ec110c29b24f2b014164354b4e5b5719ec,2026-08-06T19:57:11Z,test,1,false,
hanzoai/insights,post,b3f7a8cd2372486cc1f35d76bae75c91c29b7e54,2026-08-06T20:03:13Z,production,1,false,
hanzoai/insights,post,e85f19465fe32bbf091f446e4773e95382a26495,2026-08-06T22:00:56Z,other,6,false,
hanzoai/insights,post,e85f19465fe32bbf091f446e4773e95382a26495,2026-08-06T22:00:56Z,production,141,false,
hanzoai/insights,post,e85f19465fe32bbf091f446e4773e95382a26495,2026-08-06T22:00:56Z,test,25,false,
hanzoai/insights,post,3b95e09bbda9bde28a09fdaa30f2d386c92c68ef,2026-08-06T23:15:45Z,other,1,false,
hanzoai/insights,post,07554d03005f653bc7dc5a2f37adc0fc320aff2f,2026-08-07T04:12:36Z,other,1,false,
hanzoai/insights,post,3b3c6ab0c495448b71bd055a647f0f4ff8a64137,2026-08-07T06:29:20Z,other,5,false,
hanzoai/insights,post,3dede20a8a78d2f4a492e5d841a28748d475129b,2026-08-07T06:59:37Z,other,4,false,
hanzoai/insights,post,b8fb0bf87303503e4a3caa72d86d8fb6a5f67655,2026-08-07T13:09:04Z,other,1,false,
hanzoai/insights,post,43be784bac53723ac0b70dfc6685c85b238a4e9b,2026-08-07T19:28:00Z,other,1,false,
hanzoai/insights,post,3659e57d70ab7b0e729b8efcc29fc58ac2333d6d,2026-08-07T21:44:50Z,other,1,false,
hanzoai/insights,post,44ff9389d27e5e6fa51e1cc51522b0fe814b96d1,2026-08-07T22:07:07Z,other,1,false,
hanzoai/insights,post,7808349a598f959a7ac14b56c0709d54f9e955f7,2026-08-08T06:30:32Z,other,1,false,
hanzoai/insights,post,80e7fe8bd342078f0ac319b5a40b9b1d60f66326,2026-08-08T06:44:20Z,other,1,false,
hanzoai/insights,post,c7527cda1a107c265712905ee8bb629159221d0d,2026-08-08T06:50:37Z,other,1,false,
hanzoai/insights,post,ffa42e00001df83ca03f046b3b63cbb58673e763,2026-08-08T07:03:25Z,other,1,false,
hanzoai/insights,post,fbdf3ae83f15cc305a8352e371e18923ea46229c,2026-08-08T10:26:14Z,other,8,false,
hanzoai/insights,post,074fcad9bbec983cdbb470d1afded3c522a44e74,2026-08-08T11:10:26Z,other,3,false,
hanzoai/insights,post,631231acb8a9c909c0ee0637765226bc7e31dfff,2026-08-08T11:17:39Z,other,1,false,
hanzoai/insights,post,29dc185db41be1005f177fedc624895559c2887b,2026-08-08T11:27:00Z,,0,true,merge_commit
hanzoai/insights,post,2771ffc2647e74200ca40d07d3d9e32a9add3402,2026-08-08T11:27:03Z,other,1,false,
hanzoai/insights,post,286041bf9ce07ac2354084ca18dc08f78ab83b2c,2026-08-08T11:27:03Z,other,3,false,
hanzoai/insights,post,d6a03ca2e6c408b320e44c4c33ba48cde75ad0a5,2026-08-08T11:28:36Z,other,2,false,
hanzoai/insights,post,d3f3d62d39441bfec2ad89ebb331dc816a8a5243,2026-08-08T11:29:43Z,,0,true,merge_commit
hanzoai/insights,post,e5b37e89151da2838a388e8bd181cfb222ee0dc0,2026-08-08T11:39:33Z,production,2,false,
hanzoai/insights,post,e5b37e89151da2838a388e8bd181cfb222ee0dc0,2026-08-08T11:39:33Z,test,1,false,
hanzoai/insights,post,d50ca92956bdeef4e9f4ce5e54b72798db26b790,2026-08-08T11:47:37Z,other,1,false,
hanzoai/insights,post,d50ca92956bdeef4e9f4ce5e54b72798db26b790,2026-08-08T11:47:37Z,production,2,false,
hanzoai/insights,post,d50ca92956bdeef4e9f4ce5e54b72798db26b790,2026-08-08T11:47:37Z,test,1,false,
hanzoai/insights,post,0ab5e1ea09094e61359f5c5969ab06ffd940f0c6,2026-08-08T11:51:15Z,other,2,false,
hanzoai/insights,post,82e2796577abe3703991047940d95bc86907d75d,2026-08-08T11:54:28Z,other,1,false,
hanzoai/insights,post,e9281f37596dce45bee2977254e34faa2d5e42f2,2026-08-08T12:06:31Z,other,1,false,
hanzoai/insights,post,cb67587f44d7cea2d7bd5b04af7c7d47830bb3a3,2026-08-08T12:26:37Z,other,1,false,
hanzoai/insights,post,bdad1f8e41dec5280011fcd245803d9e67d9a997,2026-08-08T13:01:28Z,production,1,false,
hanzoai/insights,post,0f9059041dcae6bdb2d40b56c36b5a7426dd55bc,2026-08-08T13:07:26Z,production,5,false,
hanzoai/insights,post,0f9059041dcae6bdb2d40b56c36b5a7426dd55bc,2026-08-08T13:07:26Z,test,2,false,
hanzoai/insights,post,afec777d0ce900b08b2fd3a8201925269d09d303,2026-08-08T13:24:25Z,production,4,false,
hanzoai/insights,post,f9662b24f208acd93b1affb2724195f026633221,2026-08-08T13:26:15Z,other,8,false,
hanzoai/insights,post,f9662b24f208acd93b1affb2724195f026633221,2026-08-08T13:26:15Z,production,13,false,
hanzoai/insights,post,f9662b24f208acd93b1affb2724195f026633221,2026-08-08T13:26:15Z,test,8,false,
hanzoai/insights,post,429883b7880cb64cf7589d538cc8c70619aca6ac,2026-08-08T13:33:18Z,other,1,false,
hanzoai/insights,post,3eaf9a359e618fefdf944da78481a3cf94a852c2,2026-08-08T13:59:01Z,production,1,false,
hanzoai/insights,post,59d7e59cb0a81603baf65b97c6215ea27c66bf11,2026-08-08T16:15:36Z,other,1,false,
hanzoai/insights,post,59d7e59cb0a81603baf65b97c6215ea27c66bf11,2026-08-08T16:15:36Z,production,2,false,
hanzoai/insights,post,4c032e09132e07253d5cd39bef151bb1836d1c90,2026-08-08T16:41:51Z,production,3,false,
hanzoai/insights,post,4c032e09132e07253d5cd39bef151bb1836d1c90,2026-08-08T16:41:51Z,test,1,false,
hanzoai/insights,post,f7c0df6b20952c81fe9e443ba048cce0e22b0b1b,2026-08-08T16:47:07Z,production,1,false,
hanzoai/insights,post,bfacec2439645b86a109f71d6e11da808839c271,2026-08-08T17:06:56Z,other,1,false,
hanzoai/insights,post,d793fae6a113d78e41375a326d614ce7a581d6c7,2026-08-08T18:23:30Z,production,1,false,
hanzoai/insights,post,45a5bdcace18763620f0ddb55226dc23a128c65d,2026-08-08T20:35:43Z,other,1,false,
hanzoai/insights,post,81007d4cb489ed398c09d01e3d28d7351f01065d,2026-08-08T20:41:48Z,other,1,false,
hanzoai/insights,post,b78f6499b0b142d347a1cea81af9642a2cba162d,2026-08-08T20:41:49Z,other,1,false,
hanzoai/insights,post,0e85299fb4d0e9f700f76e2e2b7709fb300c0a46,2026-08-08T20:44:29Z,production,222,false,
hanzoai/insights,post,0e85299fb4d0e9f700f76e2e2b7709fb300c0a46,2026-08-08T20:44:29Z,test,2,false,
hanzoai/insights,post,b55e9903cdb39d9738488cb25e2bb80cb88506d3,2026-08-08T21:26:43Z,production,1,false,
hanzoai/insights,post,b55e9903cdb39d9738488cb25e2bb80cb88506d3,2026-08-08T21:26:43Z,test,1,false,
hanzoai/insights,post,10716f8a5a348419ed30f7136bdba9678000eeda,2026-08-08T21:29:12Z,other,144,false,
hanzoai/insights,post,10716f8a5a348419ed30f7136bdba9678000eeda,2026-08-08T21:29:12Z,production,24,false,
hanzoai/insights,post,10716f8a5a348419ed30f7136bdba9678000eeda,2026-08-08T21:29:12Z,test,17,false,
hanzoai/insights,post,1cc92c5970f026f37bb37626cbd26442a3cd6c9e,2026-08-08T21:29:12Z,other,1,false,
hanzoai/insights,post,1cc92c5970f026f37bb37626cbd26442a3cd6c9e,2026-08-08T21:29:12Z,production,2,false,
hanzoai/insights,post,8e741071075bbf484bc1714169eee8e61aa1a053,2026-08-08T21:29:12Z,production,1,false,
hanzoai/insights,post,cfe785a80fcef18508856c09361411c8b001f090,2026-08-08T21:29:12Z,production,2,false,
hanzoai/insights,post,4800f1e435b5778a169ea1f95558f2a94cc04619,2026-08-08T21:35:19Z,other,8,false,
hanzoai/insights,post,860289e536032d1a9fdae875be6939beaf923c5b,2026-08-08T21:35:19Z,other,2,false,
hanzoai/insights,post,9cb94ef30a9d58298473d3ee72761e4ec8189e22,2026-08-08T21:35:19Z,other,2,false,
hanzoai/insights,post,9cb94ef30a9d58298473d3ee72761e4ec8189e22,2026-08-08T21:35:19Z,production,36,false,
hanzoai/insights,post,9cb94ef30a9d58298473d3ee72761e4ec8189e22,2026-08-08T21:35:19Z,test,2,false,
hanzoai/insights,post,a64c5a2abc82e8033403fc9ca23fb0a2316eab61,2026-08-08T21:35:19Z,production,4,false,
hanzoai/insights,post,a64c5a2abc82e8033403fc9ca23fb0a2316eab61,2026-08-08T21:35:19Z,test,3,false,
hanzoai/insights,post,c368fc7cde15a31e6fdda867a7e6a0b0f58534eb,2026-08-08T21:35:19Z,production,14,false,
hanzoai/insights,post,c368fc7cde15a31e6fdda867a7e6a0b0f58534eb,2026-08-08T21:35:19Z,test,51,false,
hanzoai/insights,post,ce31b2e8cadbf331c9fb114c3c69a2d26382a9ff,2026-08-08T21:35:19Z,other,1301,false,
hanzoai/insights,post,e28a845158dca31a6fb687a7503d4f429c063a31,2026-08-08T21:35:19Z,production,9,false,
hanzoai/insights,post,91d7e6b8dd5bd438eacbf21b27fd5d28d1fcf667,2026-08-08T21:40:48Z,other,9,false,
hanzoai/insights,post,91d7e6b8dd5bd438eacbf21b27fd5d28d1fcf667,2026-08-08T21:40:48Z,production,1,false,
hanzoai/insights,post,2e30c8e6a08a1cc7289bd709a219c8dcbe6ff9c1,2026-08-08T21:41:15Z,other,4,false,
hanzoai/insights,post,a5a6cef68f4b72df8212bea2f3b62df20b81dbc7,2026-08-08T21:44:12Z,other,3,false,
hanzoai/insights,post,e00362c70714338a32db82f0276fab81147e0030,2026-08-08T21:45:24Z,production,16,false,
hanzoai/insights,post,f22e21bc72f15558da80e618c86c9a4b0fdb9a48,2026-08-08T21:47:43Z,other,1,false,
hanzoai/insights,post,84d296bc84a1a2bb8dcaaa5c7e0833ba5f510c3b,2026-08-08T21:50:11Z,production,1,false,
hanzoai/insights,post,bd8da5e4e7f369c0d2ed2ec08b1284dc4cfb2626,2026-08-08T21:58:42Z,other,1,false,
hanzoai/insights,post,eef5eeff1de9902b6377adec8c239ae802a81ab3,2026-08-08T22:06:15Z,other,4,false,
hanzoai/insights,post,eef5eeff1de9902b6377adec8c239ae802a81ab3,2026-08-08T22:06:15Z,production,17,false,
hanzoai/insights,post,eef5eeff1de9902b6377adec8c239ae802a81ab3,2026-08-08T22:06:15Z,test,19,false,
hanzoai/insights,post,f799306662322c77f4d24e9732ee454cd1740266,2026-08-08T22:06:15Z,other,2092,false,
hanzoai/insights,post,33c15584a2d244459897277b663d2be71c90dc7a,2026-08-08T22:14:42Z,other,10,false,
hanzoai/insights,post,6b1397ec962341795619c7d410b7b281aa823b3f,2026-08-08T22:19:52Z,other,1,false,
hanzoai/insights,post,7e00484b9cdfb8b9084b3dfc6704029517f3cc53,2026-08-08T22:19:52Z,production,6,false,
hanzoai/insights,post,74d77a3ebd0acfcf625eb3e7cf75670b44293741,2026-08-08T22:20:50Z,other,1,false,
hanzoai/insights,post,74d77a3ebd0acfcf625eb3e7cf75670b44293741,2026-08-08T22:20:50Z,production,16,false,
hanzoai/insights,post,4aae54b52764470ff0ce093dd8ae31e46b1c7ed1,2026-08-08T22:26:33Z,other,1,false,
hanzoai/insights,post,aa003c2bfd57e669186e94299d36d8ac4017b67d,2026-08-08T22:27:19Z,other,4,false,
hanzoai/insights,post,bb96bb0000ca8934aaacf011a4a6d54e3257959e,2026-08-08T22:27:19Z,other,4,false,
hanzoai/insights,post,fbed67af2f6e7999c700fddf66128f220aa8a885,2026-08-08T22:27:55Z,,0,true,merge_commit
hanzoai/insights,post,8bfa9f35a26900fa6439a73e2849943eda6c01f8,2026-08-08T22:29:49Z,other,1,false,
hanzoai/insights,post,c04da0c0d319451aba1e91855296111d01b8c834,2026-08-08T22:33:49Z,other,1,false,
hanzoai/insights,post,8c4d8e9b2f945bb17583910a1222fb24c8fe9a7f,2026-08-08T22:41:56Z,other,1,false,
hanzoai/insights,post,726ae70131f4a572f9a1407acfef3e4fe5c5dda5,2026-08-08T22:46:04Z,,0,true,merge_commit
hanzoai/insights,post,972802da6fa9c81fa196f953feac06bff9f90561,2026-08-08T22:53:13Z,other,2,false,
hanzoai/insights,post,972802da6fa9c81fa196f953feac06bff9f90561,2026-08-08T22:53:13Z,production,2,false,
hanzoai/insights,post,972802da6fa9c81fa196f953feac06bff9f90561,2026-08-08T22:53:13Z,test,1,false,
hanzoai/insights,post,ae2f37360ea79c0f6b42634a9ed8c483185290f8,2026-08-08T22:56:00Z,,0,true,merge_commit
hanzoai/insights,post,3057d67583a7f75acbb2e0b3b8231c52e7b89d59,2026-08-08T22:58:22Z,other,1,false,
hanzoai/insights,post,72b7ad6687dd7a9da724964706fdd2394cabf944,2026-08-08T23:13:57Z,other,87,false,
hanzoai/insights,post,72b7ad6687dd7a9da724964706fdd2394cabf944,2026-08-08T23:13:57Z,production,6,false,
hanzoai/insights,post,72b7ad6687dd7a9da724964706fdd2394cabf944,2026-08-08T23:13:57Z,test,2,false,
hanzoai/insights,post,73210d7cde59fca2b7d80e6d1b4f168ed276b608,2026-08-08T23:17:25Z,other,1,false,
hanzoai/insights,post,ecc1bd225b542508671233a1ec723202fa59ab07,2026-08-08T23:40:40Z,other,2,false,
hanzoai/insights,post,5a87e7723e545f3281a02c64d7b110683e4e69d0,2026-08-09T00:18:57Z,production,1,false,
hanzoai/insights,post,7fbb7349b597dccc850b99e4e02fe91d5cd53a08,2026-08-09T00:21:03Z,other,1,false,
hanzoai/insights,post,15c68c1f0f8ee853c89bfa0fdc2e07c265276537,2026-08-09T00:27:56Z,other,1,false,
hanzoai/insights,post,1590e0cdb45771b682986e05ae8b31bfe3f787e5,2026-08-09T00:30:43Z,other,1,false,
hanzoai/insights,post,1590e0cdb45771b682986e05ae8b31bfe3f787e5,2026-08-09T00:30:43Z,production,1,false,
hanzoai/insights,post,57b34a8e62d633df1c0a811bd9c5dbcfccefbbc5,2026-08-09T00:34:14Z,other,8,false,
hanzoai/insights,post,57b34a8e62d633df1c0a811bd9c5dbcfccefbbc5,2026-08-09T00:34:14Z,production,1,false,
hanzoai/insights,post,4ab30fe13b347406e4ee06a90f5d07b1a043d399,2026-08-09T00:37:15Z,other,13,false,
hanzoai/insights,post,723fa08d91992e5bd73e8bc35ec5d595d30c59bb,2026-08-09T01:03:46Z,other,299,false,
hanzoai/insights,post,3ef729ad257b0010da8b03a88938140b9980b650,2026-08-09T01:22:27Z,other,199,false,
hanzoai/insights,post,8af179f67eee6162e296a42e522ac70d000ea85a,2026-08-09T01:22:31Z,,0,true,merge_commit
hanzoai/insights,post,ed500b25ffc672e572e5cd68ca62399e96e7405e,2026-08-09T01:22:39Z,other,2,false,
hanzoai/insights,post,96d792296b68b3e79264aa090a0dbf9cf6518c59,2026-08-09T01:22:53Z,other,10,false,
hanzoai/insights,post,96d792296b68b3e79264aa090a0dbf9cf6518c59,2026-08-09T01:22:53Z,production,13,false,
hanzoai/insights,post,96d792296b68b3e79264aa090a0dbf9cf6518c59,2026-08-09T01:22:53Z,test,1,false,
hanzoai/insights,post,1a0af681b69b889c42d70c247201404f9f50c5c9,2026-08-09T01:23:01Z,,0,true,merge_commit
hanzoai/insights,post,cebbd49909c2787a93078872d82519fba909ad70,2026-08-09T01:23:19Z,,0,true,merge_commit
hanzoai/insights,post,f6060fc0c38d071fc0dd755049e096b275465899,2026-08-09T01:25:40Z,production,1,false,
hanzoai/insights,post,d696a015aa5868bf0e0688aa169903aa7a9d2e61,2026-08-09T01:38:11Z,other,479,false,
hanzoai/insights,post,d696a015aa5868bf0e0688aa169903aa7a9d2e61,2026-08-09T01:38:11Z,production,25,false,
hanzoai/insights,post,d696a015aa5868bf0e0688aa169903aa7a9d2e61,2026-08-09T01:38:11Z,skill,1,false,
hanzoai/insights,post,d696a015aa5868bf0e0688aa169903aa7a9d2e61,2026-08-09T01:38:11Z,test,21,false,
hanzoai/insights,post,40d120dbf774c611276b9b05c155fbd860f6749b,2026-08-09T01:38:44Z,other,907,false,
hanzoai/insights,post,40d120dbf774c611276b9b05c155fbd860f6749b,2026-08-09T01:38:44Z,production,86,false,
hanzoai/insights,post,40d120dbf774c611276b9b05c155fbd860f6749b,2026-08-09T01:38:44Z,test,481,false,
hanzoai/insights,post,18195d0c8eb8c2f567f14c480c6a89492be480d0,2026-08-09T01:39:53Z,other,1,false,
hanzoai/insights,post,1d8454b8274486e6e77f2e8c4d76bc5f427544c2,2026-08-09T01:40:35Z,other,44,false,
hanzoai/insights,post,1d8454b8274486e6e77f2e8c4d76bc5f427544c2,2026-08-09T01:40:35Z,skill,12,false,
hanzoai/insights,post,b9f85ccf2aaaafcb8de043b879b5b1f092a2e869,2026-08-09T01:46:40Z,other,1,false,
hanzoai/insights,post,b9f85ccf2aaaafcb8de043b879b5b1f092a2e869,2026-08-09T01:46:40Z,test,1,false,
hanzoai/insights,post,a45651b885459764a15bb5714b05d1fee1e077b2,2026-08-09T01:48:13Z,,0,true,merge_commit
hanzoai/insights,post,b0eb9d156af66b99132c517ec20c7e0a49a9ec26,2026-08-09T01:49:41Z,,0,true,merge_commit
hanzoai/insights,post,1c7d41944460e7c9afad398507a2fff38c29bf49,2026-08-09T01:58:46Z,other,40,false,
hanzoai/insights,post,1c7d41944460e7c9afad398507a2fff38c29bf49,2026-08-09T01:58:46Z,production,1,false,
hanzoai/insights,post,1c7d41944460e7c9afad398507a2fff38c29bf49,2026-08-09T01:58:46Z,test,8,false,
hanzoai/insights,post,cebb4826bb66db70057dbd61a8a2c459fb4f9108,2026-08-09T01:58:53Z,,0,true,merge_commit
hanzoai/insights,post,943d63cb6572e2d3b9e708422b49a37315bd9f60,2026-08-09T01:59:24Z,other,3,false,
hanzoai/insights,post,4a3626a76daa0dad16f8c7fcb9f3bbb226e36777,2026-08-09T02:01:04Z,other,12,false,
hanzoai/insights,post,4a3626a76daa0dad16f8c7fcb9f3bbb226e36777,2026-08-09T02:01:04Z,production,1,false,
hanzoai/insights,post,06c09fb8278284ce9b0c2cdccdab82e16f501f4c,2026-08-09T02:01:05Z,,0,true,merge_commit
hanzoai/insights,post,db508a85d18bd0aa2bac16f9dfbf92dfb218a273,2026-08-09T02:02:20Z,other,8,false,
hanzoai/insights,post,acc310ef6490a94dcb0edbdb717623cf80a62a0c,2026-08-09T02:10:24Z,other,1,false,
hanzoai/insights,post,acc310ef6490a94dcb0edbdb717623cf80a62a0c,2026-08-09T02:10:24Z,production,1,false,
hanzoai/insights,post,c6b5144ec8b5d44b5cac55da2b198665afb3f96d,2026-08-09T02:15:51Z,,0,true,merge_commit
hanzoai/insights,post,cd8a7698366ce835d0c1b2ae8b87765c98429b9a,2026-08-09T02:16:02Z,other,1,false,
hanzoai/insights,post,cd8a7698366ce835d0c1b2ae8b87765c98429b9a,2026-08-09T02:16:02Z,production,1,false,
hanzoai/insights,post,a572f67abb3dc8bc68bdcba020789a276784d05c,2026-08-09T02:17:38Z,,0,true,merge_commit
hanzoai/insights,post,8836a078f68c5563f1ecdbc6f242777a53a90f8d,2026-08-09T02:26:24Z,other,2,false,
hanzoai/insights,post,8836a078f68c5563f1ecdbc6f242777a53a90f8d,2026-08-09T02:26:24Z,production,5,false,
hanzoai/insights,post,9b6cd5b0f02d47ad5a720aba22600608a870cd72,2026-08-09T02:26:24Z,,0,true,merge_commit
hanzoai/insights,post,a7752d112b2439c983e470c9ebab4ff1d311f4e5,2026-08-09T02:28:20Z,other,3,false,
hanzoai/insights,post,44a2799881be84d471270b89d1d901a967c89742,2026-08-09T02:31:14Z,other,133,false,
hanzoai/insights,post,44a2799881be84d471270b89d1d901a967c89742,2026-08-09T02:31:14Z,skill,1,false,
hanzoai/insights,post,66a9bfde0e9ef8a3da9a9d9401113f934492e5a0,2026-08-09T02:31:58Z,other,4,false,
hanzoai/insights,post,66a9bfde0e9ef8a3da9a9d9401113f934492e5a0,2026-08-09T02:31:58Z,production,1,false,
hanzoai/insights,post,66a9bfde0e9ef8a3da9a9d9401113f934492e5a0,2026-08-09T02:31:58Z,test,1,false,
hanzoai/insights,post,59228a5b7f8cae211e392d9e4f8998836bfa3acd,2026-08-09T02:34:55Z,,0,true,merge_commit
hanzoai/insights,post,1e8e661e616a38ae79ead6399611f5edd385dd1a,2026-08-09T02:36:26Z,other,4,false,
hanzoai/insights,post,1e8e661e616a38ae79ead6399611f5edd385dd1a,2026-08-09T02:36:26Z,production,13,false,
hanzoai/insights,post,18e805296808e9b7820808306abcb17da8099da0,2026-08-09T02:36:51Z,production,1,false,
hanzoai/insights,post,eac7f9d61a876cddc9f72e340355eb9ddf4e81ae,2026-08-09T02:37:23Z,,0,true,merge_commit
hanzoai/insights,post,a2956d773240fca79c2bf0b3c768f6a34cd91de8,2026-08-09T02:39:18Z,,0,true,merge_commit
hanzoai/insights,post,5f0024010f98fcd0608ff3b326e1a156727a5705,2026-08-09T02:40:04Z,other,2,false,
hanzoai/insights,post,19fdf55cebebc5a65644e23c8294150cccc829fd,2026-08-09T02:42:44Z,other,158,false,
hanzoai/insights,post,19fdf55cebebc5a65644e23c8294150cccc829fd,2026-08-09T02:42:44Z,production,39,false,
hanzoai/insights,post,19fdf55cebebc5a65644e23c8294150cccc829fd,2026-08-09T02:42:44Z,skill,4,false,
hanzoai/insights,post,19fdf55cebebc5a65644e23c8294150cccc829fd,2026-08-09T02:42:44Z,test,102,false,
hanzoai/insights,post,7b2eeeef24de3c6c165921270b3ae85abe7d41d4,2026-08-09T02:44:46Z,,0,true,merge_commit
hanzoai/insights,post,a4a21eaac9b03342b7f077e586ab966aa39826ed,2026-08-09T02:44:46Z,,0,true,merge_commit
hanzoai/insights,post,43ef8a8b621142976bc64e690e8f14c1a7a8693d,2026-08-09T02:45:07Z,,0,true,merge_commit
hanzoai/insights,post,ed77cdbf9f5059ad075fbad57a7466fae5bec93f,2026-08-09T02:45:13Z,,0,true,merge_commit
hanzoai/insights,post,143466dbc18abf2f789d303389fa23865cfd4f06,2026-08-09T02:47:17Z,,0,true,merge_commit
hanzoai/insights,post,5a2274dd10671e715301464b529f2e3a47b91507,2026-08-09T02:49:09Z,,0,true,merge_commit
hanzoai/insights,post,d790d61777a3f5e3854ed9ed33d000cbd4d4f405,2026-08-09T02:50:49Z,,0,true,merge_commit
hanzoai/insights,post,7ddad9eef2eb72003facefcad3fa0d807c3fa0d7,2026-08-09T02:51:18Z,,0,true,merge_commit
hanzoai/insights,post,ed8e3b3d5034d0b921388a7c4701234051fcd05c,2026-08-09T02:51:26Z,other,8,false,
hanzoai/insights,post,31970c8b58533dcee76efd4a71edb176850358bd,2026-08-09T02:51:27Z,,0,true,merge_commit
hanzoai/insights,post,a650d4b12519621cdbd3d59fe77a3a447e1a5af7,2026-08-09T02:52:21Z,,0,true,merge_commit
hanzoai/insights,post,002f8db9e4627e98c514c1a6db88cb67c0ebbf7d,2026-08-09T02:53:42Z,other,48,false,
hanzoai/insights,post,2b4537675efa82cff3bd77edfd9c4557603d5644,2026-08-09T03:00:04Z,other,2,false,
hanzoai/insights,post,bec03cdce782eefdc3aae4e20e8e31826c3896c9,2026-08-09T03:02:30Z,other,20,false,
hanzoai/insights,post,daa1806b5e8f849eb948d8a3ec13fd18311f04b8,2026-08-09T03:09:15Z,other,3,false,
hanzoai/insights,post,4bfaab6b462b9170da061d389f8e9520eb8aa3c0,2026-08-09T03:09:49Z,,0,true,merge_commit
hanzoai/insights,post,aa316328f88d4b570d6aba19f78bc1ac530daa95,2026-08-09T03:14:13Z,other,6,false,
hanzoai/insights,post,fd5b9402f99a4c2884bb622e41380422e470b132,2026-08-09T03:23:23Z,other,1,false,
hanzoai/insights,post,90d2211ec7b536413f101a6e77b6398c93cbfbf9,2026-08-09T03:34:56Z,other,16,false,
hanzoai/insights,post,5049a97947b8e90c3008577ea5d59325196d91c2,2026-08-09T03:39:49Z,other,5,false,
hanzoai/insights,post,5049a97947b8e90c3008577ea5d59325196d91c2,2026-08-09T03:39:49Z,production,6,false,
hanzoai/insights,post,5049a97947b8e90c3008577ea5d59325196d91c2,2026-08-09T03:39:49Z,test,1,false,
hanzoai/insights,post,4065689f5ab9fa666c17e17a073413a3e4462692,2026-08-09T03:41:05Z,,0,true,merge_commit
hanzoai/insights,post,43760f5c0e613b72f7634f9136b19c8742d18ad1,2026-08-09T03:47:28Z,other,2,false,
hanzoai/insights,post,43760f5c0e613b72f7634f9136b19c8742d18ad1,2026-08-09T03:47:28Z,production,9,false,
hanzoai/insights,post,43760f5c0e613b72f7634f9136b19c8742d18ad1,2026-08-09T03:47:28Z,test,6,false,
hanzoai/insights,post,33dfc7b3119cc7c6430aa08b0fec179309f09677,2026-08-09T03:48:06Z,other,1,false,
hanzoai/insights,post,512f54ee00a2c0dd6a548973d91626f355fd0f62,2026-08-09T03:58:09Z,production,2,false,
hanzoai/insights,post,9113e4de0d93ae40dc4b526a85d5c0dceebf69be,2026-08-09T04:02:42Z,production,1,false,
hanzoai/insights,post,0d3db1f0549a3f1b5857e6dfacb7969314a96d12,2026-08-09T04:21:53Z,production,1,false,
hanzoai/insights,post,0d3db1f0549a3f1b5857e6dfacb7969314a96d12,2026-08-09T04:21:53Z,test,1,false,
hanzoai/insights,post,a29f91b9c796ba18dc1948ffb0cfca5365d72410,2026-08-09T04:22:30Z,,0,true,merge_commit
hanzoai/insights,post,eb6584bc59cd1004f2e60f711a0df74291abe7fe,2026-08-09T04:25:54Z,production,2,false,
hanzoai/insights,post,dd94917b55d90249d777c96d517c19b30f0f1a18,2026-08-09T04:29:58Z,production,1,false,
hanzoai/insights,post,017bff88d7ecca7e03ea849cf4ea245d8e0e0d3e,2026-08-09T04:30:23Z,,0,true,merge_commit
hanzoai/insights,post,ee22f0d3b1f4a3e6b7051fb0d79febb9eab86dc9,2026-08-09T05:02:27Z,other,1,false,
hanzoai/insights,post,ee22f0d3b1f4a3e6b7051fb0d79febb9eab86dc9,2026-08-09T05:02:27Z,production,1,false,
hanzoai/insights,post,1b8879e91e933a69f7827d769f99ecd9fcb0d1df,2026-08-09T05:06:20Z,other,1,false,
hanzoai/insights,post,2d26cd4050aa16502a3b5d117bc1cd9f2cbf936b,2026-08-09T05:18:51Z,other,3,false,
hanzoai/insights,post,0f4d6992eb8a3658220820403dd6da318afc1846,2026-08-09T05:21:47Z,,0,true,merge_commit
hanzoai/insights,post,54dcd8daa776c1867f6f188f87b946cc838ec488,2026-08-09T05:21:47Z,production,2,false,
hanzoai/insights,post,b8e447e65937622ea763c02eee5b3e859c24cb3c,2026-08-09T05:21:57Z,other,1,false,
hanzoai/insights,post,b09ce44b96833d89872fe6d197375d30dcd0e3ea,2026-08-09T05:22:23Z,,0,true,merge_commit
hanzoai/insights,post,baa86d150b65a7edb820044d9fe33c8676ba5a39,2026-08-09T05:29:07Z,other,1,false,
hanzoai/insights,post,9d2bfcc4484bb545dd007336bce24043849386d1,2026-08-09T05:36:50Z,other,1,false,
hanzoai/insights,post,d73c158b5f2c958f2b7858fcb4b7280436f469c5,2026-08-09T05:38:34Z,other,1,false,
hanzoai/insights,post,4ac707a80463d557696dc46865f0cf9fe6c120d0,2026-08-09T05:45:05Z,other,1,false,
hanzoai/insights,post,e9e474f836637b2dbd6745c3ee951df1ba259b1e,2026-08-09T05:51:16Z,other,2,false,
hanzoai/insights,post,266e5ff510a5e4a4750470d872f80c315f571059,2026-08-09T05:51:41Z,other,1,false,
hanzoai/insights,post,e872b1907a3ad862ce3a814a35c00a64114c141d,2026-08-09T06:10:13Z,other,4,false,
hanzoai/insights,post,e872b1907a3ad862ce3a814a35c00a64114c141d,2026-08-09T06:10:13Z,test,1,false,
hanzoai/insights,post,97df4e2db5472a3ce92edb6768e5b6a31167a7d1,2026-08-09T06:11:53Z,other,1,false,
hanzoai/insights,post,080938f88d3cc2b09ee0d012633e98ec361c2a07,2026-08-09T06:15:34Z,other,1,false,
hanzoai/insights,post,393fca1f379a6e4c969e8f20d4e7a5942571ad47,2026-08-09T06:18:16Z,production,9,false,
hanzoai/insights,post,ed6e26b3732423e7fa0d58e80fa13601e464d65d,2026-08-09T06:18:18Z,,0,true,merge_commit
hanzoai/insights,post,cd8f6e70c7f1cd5b6d4a90d834e292bb2f557261,2026-08-09T06:50:56Z,other,230,false,
hanzoai/insights,post,4edaf87766eb18de3445b2c2ac8774c9ee357139,2026-08-09T06:58:10Z,other,20,false,
hanzoai/insights,post,58e2f8e64e3038edeee5c649c4d9e09bd673b251,2026-08-09T07:07:24Z,other,8,false,
hanzoai/insights,post,a0b5a85130670e00b2aca86e35f20b47ad70c706,2026-08-09T11:06:07Z,other,78,false,
hanzoai/insights,post,6e16d8e1465c792e44b7a6d09fcc3674a500473a,2026-08-09T11:14:52Z,other,3,false,
hanzoai/insights,post,aad74572e5df02fd3ffb9e400c83c8242e9a8127,2026-08-09T11:20:40Z,production,1,false,
hanzoai/insights,post,69f7e2052e31ff4bf01aa376c8e6058766257854,2026-08-09T11:20:52Z,production,1,false,
hanzoai/insights,post,f1f9eaa454e88c27f5a63efc64f58f84e2350651,2026-08-09T11:25:17Z,other,2,false,
hanzoai/insights,post,f0e679ad9fa815565ced4c8ecd054660c0d771f2,2026-08-09T12:14:14Z,other,8,false,
hanzoai/insights,post,f0e679ad9fa815565ced4c8ecd054660c0d771f2,2026-08-09T12:14:14Z,production,15,false,
hanzoai/insights,post,f0e679ad9fa815565ced4c8ecd054660c0d771f2,2026-08-09T12:14:14Z,skill,1,false,
hanzoai/insights,post,f0e679ad9fa815565ced4c8ecd054660c0d771f2,2026-08-09T12:14:14Z,test,1,false,
hanzoai/insights,post,191c2c9e2072ac70ce5fa03c19464af94f4665cb,2026-08-09T14:41:34Z,production,1,false,
hanzoai/insights,post,25b85ff924ad8221d9f7f06e5b58a652af8fb903,2026-08-09T14:41:34Z,production,1,false,
hanzoai/insights,post,266fac2a559a5e47b9d04d171f751b7fd3b6b94d,2026-08-09T14:41:34Z,production,1,false,
hanzoai/insights,post,3dbdb71c57ae8843f3be59eba2f04427c8443065,2026-08-09T14:41:34Z,production,1,false,
hanzoai/insights,post,544dafa670748164e731af83f683783a5a8706dc,2026-08-09T14:41:34Z,production,2,false,
hanzoai/insights,post,b2db7a9609e1aea3dbab38c313bcf2837822cfcd,2026-08-09T14:41:34Z,production,9,false,
hanzoai/insights,post,d88def5c8596c57ee3ac93aefa806b12a927b2dd,2026-08-09T14:41:34Z,production,1,false,
hanzoai/insights,post,da638f3739ea8b97b15c1fe6c81f7798b083a30a,2026-08-09T14:41:34Z,production,1,false,
hanzoai/insights,post,fef1fe39bd4906ab4a3ac53e117ccccfab14957e,2026-08-09T14:41:34Z,production,31,false,
hanzoai/insights,post,ffad1660ffcc24399ed9c4a68eb58e230a76c1f8,2026-08-09T14:41:34Z,production,1,false,
hanzoai/insights,post,7752771290cdcf9dcef7859eee8388c1df26dc71,2026-08-09T16:04:35Z,other,255,false,
hanzoai/insights,post,841ea1c0daa360efd5944ca14bf25c6f8b17001f,2026-08-09T16:16:43Z,other,341,false,
hanzoai/insights,post,841ea1c0daa360efd5944ca14bf25c6f8b17001f,2026-08-09T16:16:43Z,production,260,false,
hanzoai/insights,post,841ea1c0daa360efd5944ca14bf25c6f8b17001f,2026-08-09T16:16:43Z,test,147,false,
hanzoai/insights,post,39e50051128e081d5793485554ea22b223506d53,2026-08-09T16:29:32Z,other,9,false,
hanzoai/insights,post,39e50051128e081d5793485554ea22b223506d53,2026-08-09T16:29:32Z,production,28,false,
hanzoai/insights,post,39e50051128e081d5793485554ea22b223506d53,2026-08-09T16:29:32Z,test,15,false,
hanzoai/insights,post,c4b59d82b6909c3bf391fc51b0c54b00d0ec6556,2026-08-09T16:40:18Z,production,1,false,
hanzoai/insights,post,2758b2ae2425e586e1005ad0c874ceebb40f658f,2026-08-09T16:50:31Z,other,6,false,
hanzoai/insights,post,9374cabbd5de8713960ab621a96cef02dac15a35,2026-08-09T17:02:27Z,other,6,false,
hanzoai/insights,post,bcfaeaab2c69dfa4e3e6a9ec0edf2afb4188bba6,2026-08-09T17:04:09Z,production,5,false,
hanzoai/insights,post,bcfaeaab2c69dfa4e3e6a9ec0edf2afb4188bba6,2026-08-09T17:04:09Z,test,1,false,
hanzoai/insights,post,c2568c69ad24b528ca4bf9b04b3dc63e583fe08c,2026-08-09T17:04:48Z,other,2,false,
hanzoai/insights,post,b825be895c18a0f5f5ff8278b3de3019cd3b2fb6,2026-08-09T17:11:48Z,other,2,false,
hanzoai/insights,post,b497511c0411345cecab67bf40f2ace1f061ff48,2026-08-09T17:18:18Z,other,269,false,
hanzoai/insights,post,b497511c0411345cecab67bf40f2ace1f061ff48,2026-08-09T17:18:18Z,production,273,false,
hanzoai/insights,post,b497511c0411345cecab67bf40f2ace1f061ff48,2026-08-09T17:18:18Z,test,120,false,
hanzoai/insights,post,258218c60bad02225ee23aab61db9854a22fde24,2026-08-09T17:21:00Z,other,17,false,
hanzoai/insights,post,258218c60bad02225ee23aab61db9854a22fde24,2026-08-09T17:21:00Z,production,1,false,
hanzoai/insights,post,258218c60bad02225ee23aab61db9854a22fde24,2026-08-09T17:21:00Z,test,1,false,
hanzoai/insights,post,9afd2f934a306ae8182de589d85947cf610ca20c,2026-08-09T17:21:35Z,other,2,false,
hanzoai/insights,post,9afd2f934a306ae8182de589d85947cf610ca20c,2026-08-09T17:21:35Z,production,2,false,
hanzoai/insights,post,fad96e267fe08e325bf4ab0f188ea453273f3eae,2026-08-09T17:21:41Z,other,26,false,
hanzoai/insights,post,fad96e267fe08e325bf4ab0f188ea453273f3eae,2026-08-09T17:21:41Z,production,12,false,
hanzoai/insights,post,fad96e267fe08e325bf4ab0f188ea453273f3eae,2026-08-09T17:21:41Z,test,11,false,
hanzoai/insights,post,881173dbb8f8f8c1c78f41b34ecbbfdc055d8aa6,2026-08-09T17:27:44Z,,0,true,merge_commit
hanzoai/insights,post,8e184cb649d4d58eb4b0dd7773e13bf42293b817,2026-08-09T17:30:03Z,other,1,false,
hanzoai/insights,post,e81b5efc28b82d082258efde6727224a3ebf813b,2026-08-09T17:32:24Z,,0,true,merge_commit
hanzoai/insights,post,381f27d7b13cc443de39d6b73388e10482f49539,2026-08-09T17:35:19Z,other,1,false,
hanzoai/insights,post,3c68a7385f4336eed1832498c2c819762eae755c,2026-08-09T17:35:37Z,other,1,false,
hanzoai/insights,post,f21bd7e614efda5b2e6a9939ba1f28fcd244013e,2026-08-09T17:35:43Z,,0,true,merge_commit
hanzoai/insights,post,652eddfa0f84cdffc76581d31f065db1038716a1,2026-08-09T18:14:23Z,production,27,false,
hanzoai/insights,post,18d177b0dea1e5cbd2455183c5106e88a620a083,2026-08-09T19:13:58Z,other,58,false,
hanzoai/insights,post,9e5cd41c57c39b00fb1992a91e56cd6f9da10adf,2026-08-09T19:43:52Z,other,1,false,
hanzoai/insights,post,6499f58a875ceec59770f1c0c900a257e49c61d2,2026-08-10T02:19:51Z,other,13,false,
hanzoai/insights,post,6499f58a875ceec59770f1c0c900a257e49c61d2,2026-08-10T02:19:51Z,production,10,false,
hanzoai/insights,post,6499f58a875ceec59770f1c0c900a257e49c61d2,2026-08-10T02:19:51Z,test,5,false,
hanzoai/insights,post,70ff9c72369683b0fca2d2bff54960a18db8eeda,2026-08-10T02:26:04Z,other,47,false,
hanzoai/insights,post,70ff9c72369683b0fca2d2bff54960a18db8eeda,2026-08-10T02:26:04Z,production,20,false,
hanzoai/insights,post,70ff9c72369683b0fca2d2bff54960a18db8eeda,2026-08-10T02:26:04Z,test,10,false,
hanzoai/insights,post,82b620621729ed8bad1e1d901c720df9f162345c,2026-08-10T02:27:27Z,other,3,false,
hanzoai/insights,post,a4d35c8435ff880af89fb973d7975b1afca7352c,2026-08-10T03:06:31Z,other,13,false,
hanzoai/insights,post,a4d35c8435ff880af89fb973d7975b1afca7352c,2026-08-10T03:06:31Z,production,10,false,
hanzoai/insights,post,a4d35c8435ff880af89fb973d7975b1afca7352c,2026-08-10T03:06:31Z,test,5,false,
hanzoai/insights,post,2b582f51381873ede22bdbfb03d53714aa2a947a,2026-08-10T04:35:15Z,other,4,false,
hanzoai/insights,post,6f005cdb93671dfcb1bdddd4706c853eb5fe0264,2026-08-10T04:41:41Z,other,8,false,
hanzoai/insights,post,ca9c49f7a74d3eedaaed6f7c9871dd8f1ab9e858,2026-08-10T04:52:10Z,production,7,false,
hanzoai/insights,post,ca9c49f7a74d3eedaaed6f7c9871dd8f1ab9e858,2026-08-10T04:52:10Z,test,3,false,
hanzoai/insights,post,7bb249c290afeb3919092772aacb2aa8be23f4b5,2026-08-10T04:58:02Z,other,2,false,
hanzoai/insights,post,7bb249c290afeb3919092772aacb2aa8be23f4b5,2026-08-10T04:58:02Z,production,6,false,
hanzoai/insights,post,478135f705611e628753a9bd4640be7cd99b4a71,2026-08-13T03:27:25Z,other,1,false,
hanzoai/insights,post,d89d32e089a3064bc9b03a0a571b230c923a80ee,2026-08-13T03:40:41Z,other,2,false,
hanzoai/insights,post,c50e5f7d0c766d92191d128ededd1f222cfb70dd,2026-08-13T13:40:06Z,other,1,false,
hanzoai/insights,post,22bbb702339774bd0878b88b6804c75a08802583,2026-08-13T13:41:05Z,other,1,false,
hanzoai/insights,post,041a74d18644a2602ed8fe43e32a6450b280d82e,2026-08-13T16:57:36Z,other,1,false,
hanzoai/insights,post,041a74d18644a2602ed8fe43e32a6450b280d82e,2026-08-13T16:57:36Z,production,2,false,
hanzoai/insights,post,7699a480d38e1f7d6a09e13bf1346b6fc1b92d11,2026-08-13T18:18:50Z,,0,true,merge_commit
hanzoai/insights,post,a096ea87c183773942c3d1db2fb1dc735b73f614,2026-08-13T19:06:09Z,other,1,false,
hanzoai/insights,post,a096ea87c183773942c3d1db2fb1dc735b73f614,2026-08-13T19:06:09Z,production,3,false,
hanzoai/insights,post,d6b64a991a6da4301876e39f84f129af9ab3c847,2026-08-13T19:08:10Z,other,1,false,
hanzoai/insights,post,e8da8a995fff8acddea8b719a67f70823a14e8fe,2026-08-13T19:08:11Z,other,4,false,
hanzoai/insights,post,923efde18c2797516729526d4f9d71172ff0b3c7,2026-08-13T19:31:29Z,other,1,false,
hanzoai/insights,post,34073201e61faec371c0a9d2c90ae9e2d98ca95d,2026-08-13T20:47:44Z,production,4,false,
hanzoai/insights,post,34073201e61faec371c0a9d2c90ae9e2d98ca95d,2026-08-13T20:47:44Z,test,2,false,
hanzoai/insights,post,5ac678fd84c4c64ea19748ab7c1fbdd07d4672f1,2026-08-13T20:57:50Z,other,20,false,
hanzoai/insights,post,5ac678fd84c4c64ea19748ab7c1fbdd07d4672f1,2026-08-13T20:57:50Z,production,4,false,
hanzoai/insights,post,5ac678fd84c4c64ea19748ab7c1fbdd07d4672f1,2026-08-13T20:57:50Z,skill,2,false,
hanzoai/insights,post,5ac678fd84c4c64ea19748ab7c1fbdd07d4672f1,2026-08-13T20:57:50Z,test,2,false,
hanzoai/insights,post,859392dcdbc72b1429737524aeafc2fdb2a1e688,2026-08-13T20:57:50Z,other,50,false,
hanzoai/insights,post,859392dcdbc72b1429737524aeafc2fdb2a1e688,2026-08-13T20:57:50Z,production,21,false,
hanzoai/insights,post,859392dcdbc72b1429737524aeafc2fdb2a1e688,2026-08-13T20:57:50Z,skill,3,false,
hanzoai/insights,post,859392dcdbc72b1429737524aeafc2fdb2a1e688,2026-08-13T20:57:50Z,test,1,false,
hanzoai/insights,post,c2448c308221a7ed983104cbc471f9b58c56b483,2026-08-13T20:57:50Z,other,14,false,
hanzoai/insights,post,c2448c308221a7ed983104cbc471f9b58c56b483,2026-08-13T20:57:50Z,production,4,false,
hanzoai/insights,post,c2448c308221a7ed983104cbc471f9b58c56b483,2026-08-13T20:57:50Z,test,5,false,
hanzoai/insights,post,e1c6e1315bbe3e7a98e9a897ca6b11b5142d3ec0,2026-08-13T20:57:50Z,other,3,false,
hanzoai/insights,post,e1c6e1315bbe3e7a98e9a897ca6b11b5142d3ec0,2026-08-13T20:57:50Z,production,3,false,
hanzoai/insights,post,3b642dd529ae49a4f9689da89d1da4029940af14,2026-08-13T21:32:58Z,other,1,false,
hanzoai/insights,post,8cee02757bab12544b18a0a1d8afe73c6940c5e3,2026-08-14T00:35:57Z,other,2,false,
hanzoai/insights,post,9102eb942a531729c0bed2ec4dfc3d4520c8f5eb,2026-08-14T02:39:10Z,other,2,false,
hanzoai/insights,post,b7e2b62a39584ed83e35ca2a43014a44236c3095,2026-08-14T03:04:08Z,other,50,false,
hanzoai/insights,post,b7e2b62a39584ed83e35ca2a43014a44236c3095,2026-08-14T03:04:08Z,production,5,false,
hanzoai/insights,post,b7e2b62a39584ed83e35ca2a43014a44236c3095,2026-08-14T03:04:08Z,test,1,false,
hanzoai/insights,post,18d44c1ec0e37d6ae6256ac4aeddeaf929dcd1b2,2026-08-14T03:12:56Z,other,17,false,
hanzoai/insights,post,18d44c1ec0e37d6ae6256ac4aeddeaf929dcd1b2,2026-08-14T03:12:56Z,production,8,false,
hanzoai/insights,post,18d44c1ec0e37d6ae6256ac4aeddeaf929dcd1b2,2026-08-14T03:12:56Z,test,5,false,
hanzoai/insights,post,724b974e58a4d732b7d8f1a38eaba5a4fb931fd6,2026-08-14T03:23:04Z,other,8,false,
hanzoai/insights,post,724b974e58a4d732b7d8f1a38eaba5a4fb931fd6,2026-08-14T03:23:04Z,production,1,false,
hanzoai/insights,post,724b974e58a4d732b7d8f1a38eaba5a4fb931fd6,2026-08-14T03:23:04Z,skill,2,false,
hanzoai/insights,post,de64ee77d45e86d90a91d0b492c8579ca44a9661,2026-08-14T03:51:25Z,other,3,false,
hanzoai/insights,post,99f4d5f06e4355a0feea5f47a1021b61f79c076d,2026-08-14T03:54:53Z,other,3,false,
hanzoai/insights,post,99f4d5f06e4355a0feea5f47a1021b61f79c076d,2026-08-14T03:54:53Z,skill,1,false,
hanzoai/insights,post,0671d5aad85a4fb472d7b8fc4e0db39b12f737e2,2026-08-14T03:58:01Z,other,5,false,
hanzoai/insights,post,0671d5aad85a4fb472d7b8fc4e0db39b12f737e2,2026-08-14T03:58:01Z,production,1,false,
hanzoai/insights,post,f93eefe46c517079842a7839a01714744e48dc91,2026-08-14T04:05:26Z,production,1,false,
hanzoai/insights,post,e2f4c4cbd778fdb5c3b390eaacd836deaef8ea28,2026-08-14T04:11:24Z,other,122,false,
hanzoai/insights,post,ba23d9277c93295e43de06a9fcf376e70c5443e4,2026-08-14T16:59:58Z,other,2,false,
marisa901225-cmyk/personal-portfolio,pre,01839267e26b769c9847a25bc7e4e32ce19d832a,2026-04-01T07:19:14Z,other,22,false,
marisa901225-cmyk/personal-portfolio,pre,01839267e26b769c9847a25bc7e4e32ce19d832a,2026-04-01T07:19:14Z,production,41,false,
marisa901225-cmyk/personal-portfolio,pre,01839267e26b769c9847a25bc7e4e32ce19d832a,2026-04-01T07:19:14Z,test,17,false,
marisa901225-cmyk/personal-portfolio,pre,406ce67b4336adc809d1ddfbb3b3f3bdb1d79e33,2026-04-02T02:36:20Z,other,7,false,
marisa901225-cmyk/personal-portfolio,pre,5712f9898cc8c1720d42ad8d9569431ad413344b,2026-04-17T04:26:10Z,production,32,false,
marisa901225-cmyk/personal-portfolio,pre,5712f9898cc8c1720d42ad8d9569431ad413344b,2026-04-17T04:26:10Z,test,6,false,
marisa901225-cmyk/personal-portfolio,pre,58f4c7a337b757025f16a92b5c56f1dbf4d26c00,2026-04-17T04:26:26Z,other,3,false,
marisa901225-cmyk/personal-portfolio,pre,58f4c7a337b757025f16a92b5c56f1dbf4d26c00,2026-04-17T04:26:26Z,production,1,false,
marisa901225-cmyk/personal-portfolio,pre,58f4c7a337b757025f16a92b5c56f1dbf4d26c00,2026-04-17T04:26:26Z,test,1,false,
marisa901225-cmyk/personal-portfolio,pre,551310a3c2a3604c7797e0a4fe9171350a07e38a,2026-04-17T04:26:40Z,other,1,false,
marisa901225-cmyk/personal-portfolio,pre,551310a3c2a3604c7797e0a4fe9171350a07e38a,2026-04-17T04:26:40Z,production,5,false,
marisa901225-cmyk/personal-portfolio,pre,551310a3c2a3604c7797e0a4fe9171350a07e38a,2026-04-17T04:26:40Z,test,1,false,
marisa901225-cmyk/personal-portfolio,pre,b4cd6e8a8d85c2e1ff961a8051f5bd23fac83146,2026-04-17T04:27:26Z,other,5,false,
marisa901225-cmyk/personal-portfolio,pre,b4cd6e8a8d85c2e1ff961a8051f5bd23fac83146,2026-04-17T04:27:26Z,production,13,false,
marisa901225-cmyk/personal-portfolio,pre,b4cd6e8a8d85c2e1ff961a8051f5bd23fac83146,2026-04-17T04:27:26Z,test,8,false,
marisa901225-cmyk/personal-portfolio,pre,7fd8971ea26e8b4abca1f5e3f582e3e0a681356d,2026-04-17T04:27:40Z,other,2,false,
marisa901225-cmyk/personal-portfolio,pre,7fd8971ea26e8b4abca1f5e3f582e3e0a681356d,2026-04-17T04:27:40Z,production,1,false,
marisa901225-cmyk/personal-portfolio,pre,7fd8971ea26e8b4abca1f5e3f582e3e0a681356d,2026-04-17T04:27:40Z,test,2,false,
marisa901225-cmyk/personal-portfolio,pre,50556509071818e62108f2ec6e81d15c215617a9,2026-04-17T04:27:51Z,production,1,false,
marisa901225-cmyk/personal-portfolio,pre,50556509071818e62108f2ec6e81d15c215617a9,2026-04-17T04:27:51Z,test,1,false,
marisa901225-cmyk/personal-portfolio,pre,6eeb446a4452ac453c993d6d5281548ce738cef3,2026-04-17T04:28:44Z,other,9,false,
marisa901225-cmyk/personal-portfolio,pre,d79bbdb269961177bc3af136b38bfc7d33651b96,2026-04-17T04:30:15Z,other,11,false,
marisa901225-cmyk/personal-portfolio,pre,85e15a625d44e892115bd907d1fbddf949fa38c8,2026-04-17T04:53:04Z,other,1,false,
marisa901225-cmyk/personal-portfolio,pre,1475ed3394793de4c12747da4941dc1fd780fb23,2026-04-17T08:38:29Z,other,9,false,
marisa901225-cmyk/personal-portfolio,pre,1475ed3394793de4c12747da4941dc1fd780fb23,2026-04-17T08:38:29Z,production,19,false,
marisa901225-cmyk/personal-portfolio,pre,1475ed3394793de4c12747da4941dc1fd780fb23,2026-04-17T08:38:29Z,test,5,false,
marisa901225-cmyk/personal-portfolio,pre,da67aa11bd047210f326d81a879662a93efecfd0,2026-04-20T02:54:40Z,other,6,false,
marisa901225-cmyk/personal-portfolio,pre,da67aa11bd047210f326d81a879662a93efecfd0,2026-04-20T02:54:40Z,production,15,false,
marisa901225-cmyk/personal-portfolio,pre,da67aa11bd047210f326d81a879662a93efecfd0,2026-04-20T02:54:40Z,test,4,false,
marisa901225-cmyk/personal-portfolio,pre,f1d50b7c6e2efd6649977c8e02969b4018ad4615,2026-04-22T05:52:56Z,other,2,false,
marisa901225-cmyk/personal-portfolio,pre,f1d50b7c6e2efd6649977c8e02969b4018ad4615,2026-04-22T05:52:56Z,production,22,false,
marisa901225-cmyk/personal-portfolio,pre,f1d50b7c6e2efd6649977c8e02969b4018ad4615,2026-04-22T05:52:56Z,test,9,false,
marisa901225-cmyk/personal-portfolio,pre,3e2f4c7e9253b560de71c0c0fcf85d509ad6544c,2026-04-24T06:25:59Z,production,22,false,
marisa901225-cmyk/personal-portfolio,pre,3e2f4c7e9253b560de71c0c0fcf85d509ad6544c,2026-04-24T06:25:59Z,test,6,false,
marisa901225-cmyk/personal-portfolio,pre,6d76167545cf57856c548147925b64933e3b0a0b,2026-04-28T00:15:01Z,production,1,false,
marisa901225-cmyk/personal-portfolio,pre,6d76167545cf57856c548147925b64933e3b0a0b,2026-04-28T00:15:01Z,test,1,false,
marisa901225-cmyk/personal-portfolio,pre,0464d700947bc3daebf69830b88fa07d400aca98,2026-04-28T00:17:13Z,other,2,false,
marisa901225-cmyk/personal-portfolio,pre,7fe1c4e4e16ac909be13fb7afd2c125153813bfc,2026-04-28T00:17:39Z,production,12,false,
marisa901225-cmyk/personal-portfolio,pre,7fe1c4e4e16ac909be13fb7afd2c125153813bfc,2026-04-28T00:17:39Z,test,4,false,
marisa901225-cmyk/personal-portfolio,pre,d926da16e07924d18f2cc56842347c73b52f2501,2026-04-28T00:18:51Z,other,6,false,
marisa901225-cmyk/personal-portfolio,pre,d926da16e07924d18f2cc56842347c73b52f2501,2026-04-28T00:18:51Z,production,10,false,
marisa901225-cmyk/personal-portfolio,pre,d926da16e07924d18f2cc56842347c73b52f2501,2026-04-28T00:18:51Z,test,5,false,
marisa901225-cmyk/personal-portfolio,pre,c867ad2450993e0ff45e4387551cbd8082c22dc7,2026-04-28T00:21:06Z,other,2,false,
marisa901225-cmyk/personal-portfolio,pre,c867ad2450993e0ff45e4387551cbd8082c22dc7,2026-04-28T00:21:06Z,production,8,false,
marisa901225-cmyk/personal-portfolio,pre,c867ad2450993e0ff45e4387551cbd8082c22dc7,2026-04-28T00:21:06Z,test,6,false,
marisa901225-cmyk/personal-portfolio,pre,c8176428978021caa3d2d8e7dbeb9017ad2a0022,2026-04-28T00:21:47Z,production,1,false,
marisa901225-cmyk/personal-portfolio,pre,c8176428978021caa3d2d8e7dbeb9017ad2a0022,2026-04-28T00:21:47Z,test,4,false,
marisa901225-cmyk/personal-portfolio,pre,e30c59e8bb39e44cf893751cdf7492ee612a46f3,2026-04-28T00:22:02Z,other,8,false,
marisa901225-cmyk/personal-portfolio,pre,903bef15d956af77507efb9e6b0ac1f4b92a0cca,2026-04-29T06:08:12Z,production,2,false,
marisa901225-cmyk/personal-portfolio,pre,6f2045be15e7b8a0451197b1c0d0c7c7b5d333a4,2026-04-29T06:09:06Z,production,6,false,
marisa901225-cmyk/personal-portfolio,pre,6f2045be15e7b8a0451197b1c0d0c7c7b5d333a4,2026-04-29T06:09:06Z,test,3,false,
marisa901225-cmyk/personal-portfolio,pre,129a25506be0451530f02f11d4ca361bc6c0d880,2026-04-29T07:42:33Z,production,34,false,
marisa901225-cmyk/personal-portfolio,pre,129a25506be0451530f02f11d4ca361bc6c0d880,2026-04-29T07:42:33Z,test,23,false,
marisa901225-cmyk/personal-portfolio,pre,0060e56091dbcbb99a952dd1820f25c7078e7deb,2026-04-29T07:56:51Z,other,1,false,
marisa901225-cmyk/personal-portfolio,pre,1fa4fe881eb07ecf86c9934a965c2d06f98eae7c,2026-04-29T08:22:54Z,production,21,false,
marisa901225-cmyk/personal-portfolio,pre,1fa4fe881eb07ecf86c9934a965c2d06f98eae7c,2026-04-29T08:22:54Z,test,1,false,
marisa901225-cmyk/personal-portfolio,pre,6d81b2a7db3faca5846f98fe4522dbe27b7529a6,2026-04-30T03:42:17Z,other,1,false,
marisa901225-cmyk/personal-portfolio,pre,32d8bf4d00029f616f7c033a59b56fa2a5576c6e,2026-04-30T03:42:30Z,other,1,false,
marisa901225-cmyk/personal-portfolio,pre,32d8bf4d00029f616f7c033a59b56fa2a5576c6e,2026-04-30T03:42:30Z,production,15,false,
marisa901225-cmyk/personal-portfolio,pre,32d8bf4d00029f616f7c033a59b56fa2a5576c6e,2026-04-30T03:42:30Z,test,9,false,
marisa901225-cmyk/personal-portfolio,pre,c792981a8cfc96a76c1905ea66f7ed22842ce48c,2026-04-30T03:42:40Z,production,3,false,
marisa901225-cmyk/personal-portfolio,pre,c792981a8cfc96a76c1905ea66f7ed22842ce48c,2026-04-30T03:42:40Z,test,2,false,
marisa901225-cmyk/personal-portfolio,pre,33421b8a2dda94971564fe1173dc9ec94eb0c78c,2026-04-30T04:36:14Z,other,1,false,
marisa901225-cmyk/personal-portfolio,pre,33421b8a2dda94971564fe1173dc9ec94eb0c78c,2026-04-30T04:36:14Z,production,1,false,
marisa901225-cmyk/personal-portfolio,pre,a26f0ce33c05ed8f34733d2fa8465d1a415b2995,2026-04-30T05:21:58Z,other,1,false,
marisa901225-cmyk/personal-portfolio,pre,7f9f5b4a26c62feedf61e76cac2c01c457699cbc,2026-04-30T05:22:52Z,other,1,false,
marisa901225-cmyk/personal-portfolio,pre,7f9f5b4a26c62feedf61e76cac2c01c457699cbc,2026-04-30T05:22:52Z,production,5,false,
marisa901225-cmyk/personal-portfolio,pre,7f9f5b4a26c62feedf61e76cac2c01c457699cbc,2026-04-30T05:22:52Z,test,2,false,
marisa901225-cmyk/personal-portfolio,pre,c419ab20f6ca1b296c7d9df51b593a37697cb785,2026-04-30T05:25:44Z,production,1,false,
marisa901225-cmyk/personal-portfolio,pre,c419ab20f6ca1b296c7d9df51b593a37697cb785,2026-04-30T05:25:44Z,test,1,false,
marisa901225-cmyk/personal-portfolio,pre,9f939836832b4e150e1f2874c1871e855b68d116,2026-05-03T11:42:10Z,production,1,false,
marisa901225-cmyk/personal-portfolio,pre,22986fae1effdec7f419e38c2164b543af047411,2026-05-03T11:49:52Z,production,2,false,
marisa901225-cmyk/personal-portfolio,pre,22986fae1effdec7f419e38c2164b543af047411,2026-05-03T11:49:52Z,test,2,false,
marisa901225-cmyk/personal-portfolio,pre,ea600006101060dcd2cddad8f8dfee0b97a0b1b4,2026-05-03T22:55:40Z,other,1,false,
marisa901225-cmyk/personal-portfolio,pre,ea600006101060dcd2cddad8f8dfee0b97a0b1b4,2026-05-03T22:55:40Z,test,1,false,
marisa901225-cmyk/personal-portfolio,pre,37dfb37003d13a5b30db89929451ba3ed18ad1a5,2026-05-03T22:57:33Z,other,1,false,
marisa901225-cmyk/personal-portfolio,pre,37dfb37003d13a5b30db89929451ba3ed18ad1a5,2026-05-03T22:57:33Z,test,1,false,
marisa901225-cmyk/personal-portfolio,pre,22eb03f02e2e487d474626cf926e41c08f81699e,2026-05-03T23:07:22Z,other,1,false,
marisa901225-cmyk/personal-portfolio,pre,22eb03f02e2e487d474626cf926e41c08f81699e,2026-05-03T23:07:22Z,test,1,false,
marisa901225-cmyk/personal-portfolio,pre,b43f6983ee575ca9f97643fad333b31a4c0600ca,2026-05-04T00:35:57Z,other,1,false,
marisa901225-cmyk/personal-portfolio,pre,b43f6983ee575ca9f97643fad333b31a4c0600ca,2026-05-04T00:35:57Z,production,5,false,
marisa901225-cmyk/personal-portfolio,pre,6861024d3ef23a35c871e8ad5e8190b37d6ba60e,2026-05-04T00:48:07Z,other,1,false,
marisa901225-cmyk/personal-portfolio,pre,6861024d3ef23a35c871e8ad5e8190b37d6ba60e,2026-05-04T00:48:07Z,production,4,false,
marisa901225-cmyk/personal-portfolio,pre,6861024d3ef23a35c871e8ad5e8190b37d6ba60e,2026-05-04T00:48:07Z,test,1,false,
marisa901225-cmyk/personal-portfolio,pre,99889f40cfa5e554faa24e58e6d5e319343c56db,2026-05-04T00:53:35Z,production,1,false,
marisa901225-cmyk/personal-portfolio,pre,99889f40cfa5e554faa24e58e6d5e319343c56db,2026-05-04T00:53:35Z,test,1,false,
marisa901225-cmyk/personal-portfolio,pre,5c0ba1446bd483bd37f49f9ee6a4b62d6aabf078,2026-05-04T01:01:11Z,production,1,false,
marisa901225-cmyk/personal-portfolio,pre,5c0ba1446bd483bd37f49f9ee6a4b62d6aabf078,2026-05-04T01:01:11Z,test,1,false,
marisa901225-cmyk/personal-portfolio,pre,23615f49044e12e48ce33b597d01a5c185a40008,2026-05-04T01:07:45Z,other,1,false,
marisa901225-cmyk/personal-portfolio,pre,23615f49044e12e48ce33b597d01a5c185a40008,2026-05-04T01:07:45Z,production,3,false,
marisa901225-cmyk/personal-portfolio,pre,23615f49044e12e48ce33b597d01a5c185a40008,2026-05-04T01:07:45Z,test,1,false,
marisa901225-cmyk/personal-portfolio,pre,60cc87472aad2161c0890d768b09c31e855d2711,2026-05-04T01:19:38Z,production,1,false,
marisa901225-cmyk/personal-portfolio,pre,60cc87472aad2161c0890d768b09c31e855d2711,2026-05-04T01:19:38Z,test,1,false,
marisa901225-cmyk/personal-portfolio,pre,39f583b13fc2af3eb9ff0968dccb3cad1aa67bb1,2026-05-04T01:23:55Z,production,1,false,
marisa901225-cmyk/personal-portfolio,pre,39f583b13fc2af3eb9ff0968dccb3cad1aa67bb1,2026-05-04T01:23:55Z,test,1,false,
marisa901225-cmyk/personal-portfolio,pre,b51012adbf86c3a77a7cb7ea7abc6f40160d695e,2026-05-04T01:41:41Z,production,1,false,
marisa901225-cmyk/personal-portfolio,pre,b51012adbf86c3a77a7cb7ea7abc6f40160d695e,2026-05-04T01:41:41Z,test,1,false,
marisa901225-cmyk/personal-portfolio,pre,12cc46f79b154053d36c1f2ec256b2707a385946,2026-05-04T01:47:26Z,production,2,false,
marisa901225-cmyk/personal-portfolio,pre,12cc46f79b154053d36c1f2ec256b2707a385946,2026-05-04T01:47:26Z,test,2,false,
marisa901225-cmyk/personal-portfolio,pre,fb6ea082a0f32367c9e7a6f97dba9bbfd4807773,2026-05-04T03:43:31Z,other,2,false,
marisa901225-cmyk/personal-portfolio,pre,fb6ea082a0f32367c9e7a6f97dba9bbfd4807773,2026-05-04T03:43:31Z,test,1,false,
marisa901225-cmyk/personal-portfolio,pre,1dac7a9b69f155926f9e49cd86c04c97c35f0f3e,2026-05-04T09:01:43Z,other,1,false,
marisa901225-cmyk/personal-portfolio,pre,1fdc6d120aea85a85c1c347647dd58f1871ddd1f,2026-05-04T09:16:51Z,other,2,false,
marisa901225-cmyk/personal-portfolio,pre,609de1cd626dbbf282f21e57d0017f5847976852,2026-05-04T09:22:00Z,other,1,false,
marisa901225-cmyk/personal-portfolio,pre,2ffe39fca13a65d97832c9c6bb0fddf5c9f91f58,2026-05-05T06:31:33Z,other,1,false,
marisa901225-cmyk/personal-portfolio,pre,e4f096ddf6320b45a45031cd827070590250809f,2026-05-06T07:31:12Z,other,1,false,
marisa901225-cmyk/personal-portfolio,pre,e1a1efa43249630d16fc523b9c15c0cee4faad6d,2026-05-06T07:56:01Z,production,1,false,
marisa901225-cmyk/personal-portfolio,pre,e1a1efa43249630d16fc523b9c15c0cee4faad6d,2026-05-06T07:56:01Z,test,10,false,
marisa901225-cmyk/personal-portfolio,pre,b7437efc6f7502b1cc387f22be26534d7e3a7e52,2026-05-06T08:22:12Z,production,5,false,
marisa901225-cmyk/personal-portfolio,pre,b7437efc6f7502b1cc387f22be26534d7e3a7e52,2026-05-06T08:22:12Z,test,3,false,
marisa901225-cmyk/personal-portfolio,pre,ce09a82338a6be00f9c467dcc10491f84c02df63,2026-05-07T00:20:38Z,production,2,false,
marisa901225-cmyk/personal-portfolio,pre,ce09a82338a6be00f9c467dcc10491f84c02df63,2026-05-07T00:20:38Z,test,2,false,
marisa901225-cmyk/personal-portfolio,pre,8510c42904f3a83ee2e2957a720316ff6256cfb1,2026-05-07T00:21:47Z,other,1,false,
marisa901225-cmyk/personal-portfolio,pre,5a12b68a770add3a439bab52159ac223e6811392,2026-05-07T00:24:55Z,production,3,false,
marisa901225-cmyk/personal-portfolio,pre,5a12b68a770add3a439bab52159ac223e6811392,2026-05-07T00:24:55Z,test,1,false,
marisa901225-cmyk/personal-portfolio,pre,65162b531ec91253c060c404bebc43499379013f,2026-05-07T00:30:38Z,production,3,false,
marisa901225-cmyk/personal-portfolio,pre,65162b531ec91253c060c404bebc43499379013f,2026-05-07T00:30:38Z,test,2,false,
marisa901225-cmyk/personal-portfolio,pre,b4300d8e636e4f242cb745161e167cf220f0cf6a,2026-05-07T00:34:07Z,other,1,false,
marisa901225-cmyk/personal-portfolio,pre,b4300d8e636e4f242cb745161e167cf220f0cf6a,2026-05-07T00:34:07Z,production,2,false,
marisa901225-cmyk/personal-portfolio,pre,b4300d8e636e4f242cb745161e167cf220f0cf6a,2026-05-07T00:34:07Z,test,2,false,
marisa901225-cmyk/personal-portfolio,pre,58c3bf3ea7c31a3578fe265df97bdd2958c2c63f,2026-05-07T01:22:51Z,other,2,false,
marisa901225-cmyk/personal-portfolio,pre,c6743cbc63521d5a7615775b5f6f03347ba01142,2026-05-07T01:31:49Z,production,1,false,
marisa901225-cmyk/personal-portfolio,pre,c6743cbc63521d5a7615775b5f6f03347ba01142,2026-05-07T01:31:49Z,test,1,false,
marisa901225-cmyk/personal-portfolio,pre,87801aa0cba483c59a0f1a7d5d80ee785c66f706,2026-05-07T01:33:03Z,production,1,false,
marisa901225-cmyk/personal-portfolio,pre,87801aa0cba483c59a0f1a7d5d80ee785c66f706,2026-05-07T01:33:03Z,test,1,false,
marisa901225-cmyk/personal-portfolio,pre,37125b9e28033ce9b01ee020552f2c7610506e3b,2026-05-07T01:34:59Z,other,1,false,
marisa901225-cmyk/personal-portfolio,pre,98a061ad0662aa65766bc2846d65898f20828668,2026-05-07T01:36:45Z,production,1,false,
marisa901225-cmyk/personal-portfolio,pre,98a061ad0662aa65766bc2846d65898f20828668,2026-05-07T01:36:45Z,test,1,false,
marisa901225-cmyk/personal-portfolio,pre,3a8482221a6f3073d97231c786fc158881dffbc2,2026-05-07T01:48:13Z,production,1,false,
marisa901225-cmyk/personal-portfolio,pre,3a8482221a6f3073d97231c786fc158881dffbc2,2026-05-07T01:48:13Z,test,1,false,
marisa901225-cmyk/personal-portfolio,pre,a5af16e5ec2f3a15fd0e65d3c316e9308a07a383,2026-05-07T02:00:22Z,production,3,false,
marisa901225-cmyk/personal-portfolio,pre,a5af16e5ec2f3a15fd0e65d3c316e9308a07a383,2026-05-07T02:00:22Z,test,2,false,
marisa901225-cmyk/personal-portfolio,pre,c07ad6b758f5ec395ac62974f2855ea1eb353b96,2026-05-07T02:01:56Z,other,1,false,
marisa901225-cmyk/personal-portfolio,pre,c07ad6b758f5ec395ac62974f2855ea1eb353b96,2026-05-07T02:01:56Z,production,1,false,
marisa901225-cmyk/personal-portfolio,pre,a976c9d4b294573fcff5825b61fecf2cc9c01674,2026-05-07T02:14:59Z,production,6,false,
marisa901225-cmyk/personal-portfolio,pre,a976c9d4b294573fcff5825b61fecf2cc9c01674,2026-05-07T02:14:59Z,test,1,false,
marisa901225-cmyk/personal-portfolio,pre,0cdee362b6ba2c21c7e59128b9f254e11fba5083,2026-05-07T02:18:13Z,other,1,false,
marisa901225-cmyk/personal-portfolio,pre,0cdee362b6ba2c21c7e59128b9f254e11fba5083,2026-05-07T02:18:13Z,production,1,false,
marisa901225-cmyk/personal-portfolio,pre,0cdee362b6ba2c21c7e59128b9f254e11fba5083,2026-05-07T02:18:13Z,test,1,false,
marisa901225-cmyk/personal-portfolio,pre,a68b5486828fe8f03c45099e245589c008cb89b0,2026-05-07T02:22:11Z,production,2,false,
marisa901225-cmyk/personal-portfolio,pre,a68b5486828fe8f03c45099e245589c008cb89b0,2026-05-07T02:22:11Z,test,1,false,
marisa901225-cmyk/personal-portfolio,pre,b570c9373ecfc8e79af921a26424e41ecef5b7b8,2026-05-07T06:40:00Z,production,1,false,
marisa901225-cmyk/personal-portfolio,pre,b570c9373ecfc8e79af921a26424e41ecef5b7b8,2026-05-07T06:40:00Z,test,1,false,
marisa901225-cmyk/personal-portfolio,pre,9543b975dc35bf2de46caa79e4e56473d2ddc54b,2026-05-07T06:57:51Z,other,1,false,
marisa901225-cmyk/personal-portfolio,pre,9543b975dc35bf2de46caa79e4e56473d2ddc54b,2026-05-07T06:57:51Z,test,1,false,
marisa901225-cmyk/personal-portfolio,pre,7651547cac5457d1bdcab5e3bd214d69984a802f,2026-05-07T07:00:49Z,other,1,false,
marisa901225-cmyk/personal-portfolio,pre,7651547cac5457d1bdcab5e3bd214d69984a802f,2026-05-07T07:00:49Z,test,1,false,
marisa901225-cmyk/personal-portfolio,pre,06a9e61bf317459d5a148a5b6a6515e79232b5d9,2026-05-08T00:16:43Z,production,2,false,
marisa901225-cmyk/personal-portfolio,pre,06a9e61bf317459d5a148a5b6a6515e79232b5d9,2026-05-08T00:16:43Z,test,1,false,
marisa901225-cmyk/personal-portfolio,pre,e53eb1ca1e1fe1c0e6ea6831aa0ddc6ccaad67e3,2026-05-08T00:22:28Z,production,4,false,
marisa901225-cmyk/personal-portfolio,pre,e53eb1ca1e1fe1c0e6ea6831aa0ddc6ccaad67e3,2026-05-08T00:22:28Z,test,1,false,
marisa901225-cmyk/personal-portfolio,pre,f5c13f0b959984b2a103c86557639ba304630bf9,2026-05-08T00:49:54Z,other,1,false,
marisa901225-cmyk/personal-portfolio,pre,f5c13f0b959984b2a103c86557639ba304630bf9,2026-05-08T00:49:54Z,production,1,false,
marisa901225-cmyk/personal-portfolio,pre,f5c13f0b959984b2a103c86557639ba304630bf9,2026-05-08T00:49:54Z,test,1,false,
marisa901225-cmyk/personal-portfolio,pre,77a71ffb456811ec1541356582cba75055d9e29c,2026-05-08T02:14:56Z,other,1,false,
marisa901225-cmyk/personal-portfolio,pre,77a71ffb456811ec1541356582cba75055d9e29c,2026-05-08T02:14:56Z,production,1,false,
marisa901225-cmyk/personal-portfolio,pre,77a71ffb456811ec1541356582cba75055d9e29c,2026-05-08T02:14:56Z,test,1,false,
marisa901225-cmyk/personal-portfolio,pre,426586a2be06e859bf75c41012da060dc84b4138,2026-05-08T07:45:23Z,other,1,false,
marisa901225-cmyk/personal-portfolio,pre,426586a2be06e859bf75c41012da060dc84b4138,2026-05-08T07:45:23Z,production,6,false,
marisa901225-cmyk/personal-portfolio,pre,426586a2be06e859bf75c41012da060dc84b4138,2026-05-08T07:45:23Z,test,1,false,
marisa901225-cmyk/personal-portfolio,pre,b00a75384f34528efd741a464e543475a9b01f91,2026-05-08T08:24:44Z,other,1,false,
marisa901225-cmyk/personal-portfolio,pre,b00a75384f34528efd741a464e543475a9b01f91,2026-05-08T08:24:44Z,production,5,false,
marisa901225-cmyk/personal-portfolio,pre,b00a75384f34528efd741a464e543475a9b01f91,2026-05-08T08:24:44Z,test,1,false,
marisa901225-cmyk/personal-portfolio,pre,c1447eb0dfe6bcaaa6d5df0f137baa4b5fe06971,2026-05-08T08:50:20Z,production,5,false,
marisa901225-cmyk/personal-portfolio,pre,c1447eb0dfe6bcaaa6d5df0f137baa4b5fe06971,2026-05-08T08:50:20Z,test,1,false,
marisa901225-cmyk/personal-portfolio,pre,d2aeddfba6af1ea60766fe957fce7dec1622d14b,2026-05-08T08:56:33Z,production,2,false,
marisa901225-cmyk/personal-portfolio,pre,d2aeddfba6af1ea60766fe957fce7dec1622d14b,2026-05-08T08:56:33Z,test,1,false,
marisa901225-cmyk/personal-portfolio,pre,158ea9dad5a1991ef37eae359447f64d5469b9a3,2026-05-10T23:52:40Z,production,2,false,
marisa901225-cmyk/personal-portfolio,pre,158ea9dad5a1991ef37eae359447f64d5469b9a3,2026-05-10T23:52:40Z,test,2,false,
marisa901225-cmyk/personal-portfolio,pre,53ff73db024d05696c938a2d08ec19c7e2f6c2ab,2026-05-11T00:38:55Z,production,1,false,
marisa901225-cmyk/personal-portfolio,pre,53ff73db024d05696c938a2d08ec19c7e2f6c2ab,2026-05-11T00:38:55Z,test,1,false,
marisa901225-cmyk/personal-portfolio,pre,e2876b13e55edb99e16aa6682d00e7f198699404,2026-05-11T00:41:04Z,production,1,false,
marisa901225-cmyk/personal-portfolio,pre,e2876b13e55edb99e16aa6682d00e7f198699404,2026-05-11T00:41:04Z,test,1,false,
marisa901225-cmyk/personal-portfolio,pre,47de892a3e89f118a9092325624be8a8d7240c37,2026-05-11T00:55:47Z,other,1,false,
marisa901225-cmyk/personal-portfolio,pre,47de892a3e89f118a9092325624be8a8d7240c37,2026-05-11T00:55:47Z,production,2,false,
marisa901225-cmyk/personal-portfolio,pre,c494a1eecbe5687479947521bd68b1ed85cac250,2026-05-11T01:02:03Z,other,1,false,
marisa901225-cmyk/personal-portfolio,pre,c494a1eecbe5687479947521bd68b1ed85cac250,2026-05-11T01:02:03Z,production,2,false,
marisa901225-cmyk/personal-portfolio,pre,c494a1eecbe5687479947521bd68b1ed85cac250,2026-05-11T01:02:03Z,test,1,false,
marisa901225-cmyk/personal-portfolio,pre,b3ace8f54cf6f5d0a5b090491c852a2d2d2536e1,2026-05-11T01:05:51Z,other,1,false,
marisa901225-cmyk/personal-portfolio,pre,b3ace8f54cf6f5d0a5b090491c852a2d2d2536e1,2026-05-11T01:05:51Z,production,2,false,
marisa901225-cmyk/personal-portfolio,pre,b3ace8f54cf6f5d0a5b090491c852a2d2d2536e1,2026-05-11T01:05:51Z,test,1,false,
marisa901225-cmyk/personal-portfolio,pre,c554901ef54ca2a10da8151e8e459c450dbc2997,2026-05-11T01:07:52Z,production,1,false,
marisa901225-cmyk/personal-portfolio,pre,c554901ef54ca2a10da8151e8e459c450dbc2997,2026-05-11T01:07:52Z,test,1,false,
marisa901225-cmyk/personal-portfolio,pre,f2bbb5331c07782edecadf78ae17423ef4ed9102,2026-05-11T01:23:05Z,other,2,false,
marisa901225-cmyk/personal-portfolio,pre,f2bbb5331c07782edecadf78ae17423ef4ed9102,2026-05-11T01:23:05Z,production,2,false,
marisa901225-cmyk/personal-portfolio,pre,3e710f9b6fc4e68e3a37c2248663e0f2808590a7,2026-05-11T01:31:30Z,production,2,false,
marisa901225-cmyk/personal-portfolio,pre,3e710f9b6fc4e68e3a37c2248663e0f2808590a7,2026-05-11T01:31:30Z,test,1,false,
marisa901225-cmyk/personal-portfolio,pre,125fe79fb564612fa7c3312bfcfd6732b891075e,2026-05-11T01:34:28Z,other,1,false,
marisa901225-cmyk/personal-portfolio,pre,4e4cba06cd570193faad89ed92db1f2cc405e2b7,2026-05-11T01:34:33Z,other,1,false,
marisa901225-cmyk/personal-portfolio,pre,beeaf147080f4c739d42c397559f9c65a7badad7,2026-05-11T01:34:38Z,other,1,false,
marisa901225-cmyk/personal-portfolio,pre,69caf13129dfff5016bb5490952bd37bbba5adf4,2026-05-11T01:34:45Z,production,1,false,
marisa901225-cmyk/personal-portfolio,pre,2dc242a9cce871da8c6a8a38f21e823c5b271a26,2026-05-11T01:34:51Z,other,1,false,
marisa901225-cmyk/personal-portfolio,pre,2bf2a3dc43e643dbbf57a84961991258c7e9104d,2026-05-11T01:35:12Z,other,1,false,
marisa901225-cmyk/personal-portfolio,pre,26724c5f205d41c93cb9fb531d51c171e69e9ef5,2026-05-11T01:48:39Z,production,2,false,
marisa901225-cmyk/personal-portfolio,pre,26724c5f205d41c93cb9fb531d51c171e69e9ef5,2026-05-11T01:48:39Z,test,1,false,
marisa901225-cmyk/personal-portfolio,pre,153fbf15553e0a4682eebf6d75e688041896ecda,2026-05-11T02:18:13Z,other,1,false,
marisa901225-cmyk/personal-portfolio,pre,153fbf15553e0a4682eebf6d75e688041896ecda,2026-05-11T02:18:13Z,production,3,false,
marisa901225-cmyk/personal-portfolio,pre,153fbf15553e0a4682eebf6d75e688041896ecda,2026-05-11T02:18:13Z,test,1,false,
marisa901225-cmyk/personal-portfolio,pre,0ac15e441ea9f7af940cad954540dba44434a68c,2026-05-11T02:31:31Z,production,3,false,
marisa901225-cmyk/personal-portfolio,pre,9fbb9dbe34c339cf9d15d6789a256169e03cafa4,2026-05-11T02:36:32Z,production,5,false,
marisa901225-cmyk/personal-portfolio,pre,77a10b7443d4d2509c66394a7f65762889d44789,2026-05-11T02:43:12Z,production,1,false,
marisa901225-cmyk/personal-portfolio,pre,77a10b7443d4d2509c66394a7f65762889d44789,2026-05-11T02:43:12Z,test,1,false,
marisa901225-cmyk/personal-portfolio,pre,003df8a15f042f6f383911bfaa4885f5b9bf1c0f,2026-05-11T02:45:33Z,production,1,false,
marisa901225-cmyk/personal-portfolio,pre,62c595e2e860eb35e04bf026595225bcf34d93ab,2026-05-11T03:13:42Z,production,2,false,
marisa901225-cmyk/personal-portfolio,pre,62c595e2e860eb35e04bf026595225bcf34d93ab,2026-05-11T03:13:42Z,test,2,false,
marisa901225-cmyk/personal-portfolio,pre,8df1c2f0c76dc2cf9c28b2145c7e808d894425d9,2026-05-11T03:20:43Z,production,2,false,
marisa901225-cmyk/personal-portfolio,pre,8df1c2f0c76dc2cf9c28b2145c7e808d894425d9,2026-05-11T03:20:43Z,test,2,false,
marisa901225-cmyk/personal-portfolio,pre,9a62b8efb169df6be4d7b3b9d6b3ca0e7b22546d,2026-05-11T03:35:42Z,production,1,false,
marisa901225-cmyk/personal-portfolio,pre,9a62b8efb169df6be4d7b3b9d6b3ca0e7b22546d,2026-05-11T03:35:42Z,test,1,false,
marisa901225-cmyk/personal-portfolio,pre,c9a2859d0e3df33e819eea9520c2a3936420eabb,2026-05-11T03:39:29Z,production,1,false,
marisa901225-cmyk/personal-portfolio,pre,c9a2859d0e3df33e819eea9520c2a3936420eabb,2026-05-11T03:39:29Z,test,1,false,
marisa901225-cmyk/personal-portfolio,pre,80acf40d79dd1482a96f8c652513ec09e77ae679,2026-05-11T03:51:44Z,production,4,false,
marisa901225-cmyk/personal-portfolio,pre,80acf40d79dd1482a96f8c652513ec09e77ae679,2026-05-11T03:51:44Z,test,1,false,
marisa901225-cmyk/personal-portfolio,pre,9a0e582b85e812d30fd89d8469ab01b8d6dfc3f2,2026-05-11T03:55:31Z,production,2,false,
marisa901225-cmyk/personal-portfolio,pre,9a0e582b85e812d30fd89d8469ab01b8d6dfc3f2,2026-05-11T03:55:31Z,test,1,false,
marisa901225-cmyk/personal-portfolio,pre,a47c2dc1cc0479f8c8c59146d1b0dd9c610b6e4c,2026-05-11T04:01:30Z,production,4,false,
marisa901225-cmyk/personal-portfolio,pre,a47c2dc1cc0479f8c8c59146d1b0dd9c610b6e4c,2026-05-11T04:01:30Z,test,1,false,
marisa901225-cmyk/personal-portfolio,pre,6e8d04c3a78b2891e37e5e9717931c3d9c84ab82,2026-05-11T04:08:45Z,production,3,false,
marisa901225-cmyk/personal-portfolio,pre,6e8d04c3a78b2891e37e5e9717931c3d9c84ab82,2026-05-11T04:08:45Z,test,1,false,
marisa901225-cmyk/personal-portfolio,pre,dfc7fce925ba6e4ba3dc762a076575894439c77b,2026-05-11T04:11:25Z,production,2,false,
marisa901225-cmyk/personal-portfolio,pre,4f0efb8210f06cb151cf0de0caca9b9c9de07a85,2026-05-11T07:22:28Z,production,1,false,
marisa901225-cmyk/personal-portfolio,pre,4f0efb8210f06cb151cf0de0caca9b9c9de07a85,2026-05-11T07:22:28Z,test,1,false,
marisa901225-cmyk/personal-portfolio,pre,689fd37fa01a3b1b6726298f68c11bef3c4edd79,2026-05-12T01:43:45Z,production,4,false,
marisa901225-cmyk/personal-portfolio,pre,689fd37fa01a3b1b6726298f68c11bef3c4edd79,2026-05-12T01:43:45Z,test,1,false,
marisa901225-cmyk/personal-portfolio,pre,46b4a84a99530e5c5eac9eaba38f5436fc40cfa9,2026-05-12T01:51:11Z,production,1,false,
marisa901225-cmyk/personal-portfolio,pre,46b4a84a99530e5c5eac9eaba38f5436fc40cfa9,2026-05-12T01:51:11Z,test,1,false,
marisa901225-cmyk/personal-portfolio,pre,1d4b55037d946046b3757eb5ec09efe3bcc8ae83,2026-05-12T01:53:28Z,production,1,false,
marisa901225-cmyk/personal-portfolio,pre,1d4b55037d946046b3757eb5ec09efe3bcc8ae83,2026-05-12T01:53:28Z,test,1,false,
marisa901225-cmyk/personal-portfolio,pre,7e0d3055eac44c989b59340d0c28253d27aec80d,2026-05-12T02:09:39Z,other,1,false,
marisa901225-cmyk/personal-portfolio,pre,7e0d3055eac44c989b59340d0c28253d27aec80d,2026-05-12T02:09:39Z,production,1,false,
marisa901225-cmyk/personal-portfolio,pre,d9bc2efbd62a5bdeb50d010c478d023d2df24fef,2026-05-13T00:07:44Z,production,3,false,
marisa901225-cmyk/personal-portfolio,pre,d9bc2efbd62a5bdeb50d010c478d023d2df24fef,2026-05-13T00:07:44Z,test,2,false,
marisa901225-cmyk/personal-portfolio,pre,96c2958c7900b14b1f2e42e8c7581a33a8879388,2026-05-13T07:26:28Z,other,1,false,
marisa901225-cmyk/personal-portfolio,pre,96c2958c7900b14b1f2e42e8c7581a33a8879388,2026-05-13T07:26:28Z,test,1,false,
marisa901225-cmyk/personal-portfolio,pre,47c2f577e977d2795551ed44683c501789749af3,2026-05-14T00:19:47Z,production,2,false,
marisa901225-cmyk/personal-portfolio,pre,47c2f577e977d2795551ed44683c501789749af3,2026-05-14T00:19:47Z,test,1,false,
marisa901225-cmyk/personal-portfolio,pre,e3bd8dc0a90b3defcb5e639e13bfc8696e3f3544,2026-05-14T00:25:36Z,test,5,false,
marisa901225-cmyk/personal-portfolio,pre,3c105eca7133eaa723446256ed2398fbeb68c8e4,2026-05-14T04:20:23Z,other,2,false,
marisa901225-cmyk/personal-portfolio,pre,3c105eca7133eaa723446256ed2398fbeb68c8e4,2026-05-14T04:20:23Z,production,9,false,
marisa901225-cmyk/personal-portfolio,pre,3c105eca7133eaa723446256ed2398fbeb68c8e4,2026-05-14T04:20:23Z,test,1,false,
marisa901225-cmyk/personal-portfolio,pre,1894b3823acfad69a2e0632aec9e61715c8959f9,2026-05-14T06:14:38Z,other,1,false,
marisa901225-cmyk/personal-portfolio,pre,51b9b2d16df0d241829185664742f589cbfa777a,2026-05-14T06:18:15Z,other,1,false,
marisa901225-cmyk/personal-portfolio,pre,51b9b2d16df0d241829185664742f589cbfa777a,2026-05-14T06:18:15Z,test,1,false,
marisa901225-cmyk/personal-portfolio,pre,ba9e0c0c4035f4282542397c6daecd6c1af9c057,2026-05-14T06:25:54Z,other,1,false,
marisa901225-cmyk/personal-portfolio,pre,a1f2b9d86770cd87aafac8da447b74297b14d555,2026-05-14T06:37:18Z,other,1,false,
marisa901225-cmyk/personal-portfolio,pre,c817f859ec331521721d5d5836a0dd3225c5d1dd,2026-05-15T01:50:46Z,production,4,false,
marisa901225-cmyk/personal-portfolio,pre,c817f859ec331521721d5d5836a0dd3225c5d1dd,2026-05-15T01:50:46Z,test,3,false,
marisa901225-cmyk/personal-portfolio,pre,dff1f19658f816aae92a8a8db2ad56ff705f2465,2026-05-15T01:59:53Z,production,2,false,
marisa901225-cmyk/personal-portfolio,pre,dff1f19658f816aae92a8a8db2ad56ff705f2465,2026-05-15T01:59:53Z,test,2,false,
marisa901225-cmyk/personal-portfolio,pre,5bc3d0544c43c22a365475299d54ebbec3f2ac9d,2026-05-15T02:02:15Z,production,2,false,
marisa901225-cmyk/personal-portfolio,pre,5bc3d0544c43c22a365475299d54ebbec3f2ac9d,2026-05-15T02:02:15Z,test,1,false,
marisa901225-cmyk/personal-portfolio,pre,91ff6cb0b48ad5c5584312ab489ad4afaed11e1d,2026-05-15T02:05:47Z,production,2,false,
marisa901225-cmyk/personal-portfolio,pre,91ff6cb0b48ad5c5584312ab489ad4afaed11e1d,2026-05-15T02:05:47Z,test,1,false,
marisa901225-cmyk/personal-portfolio,pre,00c336eba1f1df237821d368ff38445a0134579b,2026-05-15T02:09:14Z,production,2,false,
marisa901225-cmyk/personal-portfolio,pre,00c336eba1f1df237821d368ff38445a0134579b,2026-05-15T02:09:14Z,test,2,false,
marisa901225-cmyk/personal-portfolio,pre,e6939438f4983f0bca2d7ce5e210c8498e8ed9a7,2026-05-15T02:13:44Z,other,1,false,
marisa901225-cmyk/personal-portfolio,pre,e6939438f4983f0bca2d7ce5e210c8498e8ed9a7,2026-05-15T02:13:44Z,production,2,false,
marisa901225-cmyk/personal-portfolio,pre,e6939438f4983f0bca2d7ce5e210c8498e8ed9a7,2026-05-15T02:13:44Z,test,1,false,
marisa901225-cmyk/personal-portfolio,pre,921d8a2ae3dec348fbdb29d53ca1c0cf2eda2c73,2026-05-15T02:14:49Z,other,1,false,
marisa901225-cmyk/personal-portfolio,pre,244b1b830267d93a30f0a800af44ccf2f2e16d2e,2026-05-15T02:26:18Z,other,1,false,
marisa901225-cmyk/personal-portfolio,pre,c7a7ddcc67c57875142b8223da9ba57a911e61b9,2026-05-15T02:27:59Z,other,2,false,
marisa901225-cmyk/personal-portfolio,pre,da8ee722470b43a9a7666e390134db47760cef42,2026-05-15T02:29:18Z,production,1,false,
marisa901225-cmyk/personal-portfolio,pre,da8ee722470b43a9a7666e390134db47760cef42,2026-05-15T02:29:18Z,test,1,false,
marisa901225-cmyk/personal-portfolio,pre,e4b9d3c39da447999a418858437126b0236aca19,2026-05-15T02:31:38Z,other,2,false,
marisa901225-cmyk/personal-portfolio,pre,7f643a34924a334e407c96f0638eaa10d45b7055,2026-05-15T02:49:06Z,other,2,false,
marisa901225-cmyk/personal-portfolio,pre,3721f30a9b7a542ec5dbdcb1e0866c98a9b63e20,2026-05-15T03:29:46Z,other,1,false,
marisa901225-cmyk/personal-portfolio,pre,516f5a7a3434b9f261404601a773376a6aadd5a4,2026-05-15T03:59:20Z,other,2,false,
marisa901225-cmyk/personal-portfolio,pre,47629b25942d3242f4b03676ab89a2e30e9c00eb,2026-05-15T04:10:31Z,production,2,false,
marisa901225-cmyk/personal-portfolio,pre,47629b25942d3242f4b03676ab89a2e30e9c00eb,2026-05-15T04:10:31Z,test,1,false,
marisa901225-cmyk/personal-portfolio,pre,eac11ac25037dc2b8f3193582a90cc4da37ff193,2026-05-15T06:40:55Z,production,1,false,
marisa901225-cmyk/personal-portfolio,pre,eac11ac25037dc2b8f3193582a90cc4da37ff193,2026-05-15T06:40:55Z,test,1,false,
marisa901225-cmyk/personal-portfolio,pre,9d89ae21105af923d0adfc84b810af9cd3c27aa1,2026-05-17T23:57:02Z,other,5,false,
marisa901225-cmyk/personal-portfolio,pre,9d89ae21105af923d0adfc84b810af9cd3c27aa1,2026-05-17T23:57:02Z,production,2,false,
marisa901225-cmyk/personal-portfolio,pre,9d89ae21105af923d0adfc84b810af9cd3c27aa1,2026-05-17T23:57:02Z,test,1,false,
marisa901225-cmyk/personal-portfolio,pre,fea1159cb2080b6ef051883c3fdc40a2acb3fa04,2026-05-18T00:00:46Z,production,2,false,
marisa901225-cmyk/personal-portfolio,pre,fea1159cb2080b6ef051883c3fdc40a2acb3fa04,2026-05-18T00:00:46Z,test,1,false,
marisa901225-cmyk/personal-portfolio,pre,3ffaee77263e16d531eb76e1d24500affa626fc3,2026-05-18T00:30:42Z,other,14,false,
marisa901225-cmyk/personal-portfolio,pre,3ffaee77263e16d531eb76e1d24500affa626fc3,2026-05-18T00:30:42Z,production,5,false,
marisa901225-cmyk/personal-portfolio,pre,3ffaee77263e16d531eb76e1d24500affa626fc3,2026-05-18T00:30:42Z,test,1,false,
marisa901225-cmyk/personal-portfolio,pre,8ca04fc8a714eb290df96a64a0a5541c36bb25ec,2026-05-18T00:45:21Z,other,3,false,
marisa901225-cmyk/personal-portfolio,pre,8ca04fc8a714eb290df96a64a0a5541c36bb25ec,2026-05-18T00:45:21Z,production,2,false,
marisa901225-cmyk/personal-portfolio,pre,8ca04fc8a714eb290df96a64a0a5541c36bb25ec,2026-05-18T00:45:21Z,test,1,false,
marisa901225-cmyk/personal-portfolio,pre,d499c270aac538d35592115c62b09eab72f124d6,2026-05-18T00:50:34Z,other,1,false,
marisa901225-cmyk/personal-portfolio,pre,d499c270aac538d35592115c62b09eab72f124d6,2026-05-18T00:50:34Z,test,1,false,
marisa901225-cmyk/personal-portfolio,pre,c5fca762e409018ed92544a5eed952bc10626850,2026-05-18T00:57:14Z,other,7,false,
marisa901225-cmyk/personal-portfolio,pre,c5fca762e409018ed92544a5eed952bc10626850,2026-05-18T00:57:14Z,production,4,false,
marisa901225-cmyk/personal-portfolio,pre,c5fca762e409018ed92544a5eed952bc10626850,2026-05-18T00:57:14Z,test,1,false,
marisa901225-cmyk/personal-portfolio,pre,52e57820fb71c284f9af0c22e6a7cc26d818d86c,2026-05-18T01:02:26Z,other,6,false,
marisa901225-cmyk/personal-portfolio,pre,52e57820fb71c284f9af0c22e6a7cc26d818d86c,2026-05-18T01:02:26Z,production,2,false,
marisa901225-cmyk/personal-portfolio,pre,52e57820fb71c284f9af0c22e6a7cc26d818d86c,2026-05-18T01:02:26Z,test,1,false,
marisa901225-cmyk/personal-portfolio,pre,f689c0ef96f582d83345ff6dd917cddf97a7fdae,2026-05-18T01:07:25Z,other,1,false,
marisa901225-cmyk/personal-portfolio,pre,0cbbe2015cec5085a371346e224409c28afda5d3,2026-05-18T01:10:14Z,other,1,false,
marisa901225-cmyk/personal-portfolio,pre,88a3a47261e0aa02f323890f70d8d09af35a8f74,2026-05-18T01:33:52Z,other,1,false,
marisa901225-cmyk/personal-portfolio,pre,8f19169df63425464e920760626fa4ed704c0259,2026-05-18T01:42:50Z,production,1,false,
marisa901225-cmyk/personal-portfolio,pre,fd840860f0ae6496e8ffa4cc04518ac515cf36cb,2026-05-18T01:58:24Z,other,2,false,
marisa901225-cmyk/personal-portfolio,pre,fd840860f0ae6496e8ffa4cc04518ac515cf36cb,2026-05-18T01:58:24Z,production,1,false,
marisa901225-cmyk/personal-portfolio,pre,fd840860f0ae6496e8ffa4cc04518ac515cf36cb,2026-05-18T01:58:24Z,test,1,false,
marisa901225-cmyk/personal-portfolio,pre,d6ac8fd035049444d93198b3df6325af75dffc58,2026-05-18T02:00:00Z,production,1,false,
marisa901225-cmyk/personal-portfolio,pre,d6ac8fd035049444d93198b3df6325af75dffc58,2026-05-18T02:00:00Z,test,1,false,
marisa901225-cmyk/personal-portfolio,pre,eafd31f505365bade4b93fdd8a6b7a095aea967b,2026-05-18T02:02:35Z,production,1,false,
marisa901225-cmyk/personal-portfolio,pre,eafd31f505365bade4b93fdd8a6b7a095aea967b,2026-05-18T02:02:35Z,test,1,false,
marisa901225-cmyk/personal-portfolio,pre,ec2f8d8fb77c543828d23a1534152530913f4bc6,2026-05-18T02:07:28Z,production,4,false,
marisa901225-cmyk/personal-portfolio,pre,ec2f8d8fb77c543828d23a1534152530913f4bc6,2026-05-18T02:07:28Z,test,2,false,
marisa901225-cmyk/personal-portfolio,pre,614dad390a9c0badb2f38bf432f2d479900a5340,2026-05-18T02:07:37Z,other,4,false,
marisa901225-cmyk/personal-portfolio,pre,614dad390a9c0badb2f38bf432f2d479900a5340,2026-05-18T02:07:37Z,production,2,false,
marisa901225-cmyk/personal-portfolio,pre,614dad390a9c0badb2f38bf432f2d479900a5340,2026-05-18T02:07:37Z,test,3,false,
marisa901225-cmyk/personal-portfolio,pre,190ccda4759584c175b6757ddb6eed4cb6051175,2026-05-18T02:07:48Z,other,2,false,
marisa901225-cmyk/personal-portfolio,pre,3087b9c3c15337e29e3b2a927c8f5dbbe05ad3b0,2026-05-18T02:15:50Z,other,2,false,
marisa901225-cmyk/personal-portfolio,pre,3087b9c3c15337e29e3b2a927c8f5dbbe05ad3b0,2026-05-18T02:15:50Z,production,2,false,
marisa901225-cmyk/personal-portfolio,pre,3087b9c3c15337e29e3b2a927c8f5dbbe05ad3b0,2026-05-18T02:15:50Z,test,1,false,
marisa901225-cmyk/personal-portfolio,pre,ed78efafc5c976efb230ee2b37aff36aea148966,2026-05-18T02:33:45Z,other,1,false,
marisa901225-cmyk/personal-portfolio,pre,a78b3a157233f0c46277982cac2e040209d96bb4,2026-05-18T02:41:53Z,other,5,false,
marisa901225-cmyk/personal-portfolio,pre,a78b3a157233f0c46277982cac2e040209d96bb4,2026-05-18T02:41:53Z,production,3,false,
marisa901225-cmyk/personal-portfolio,pre,a78b3a157233f0c46277982cac2e040209d96bb4,2026-05-18T02:41:53Z,test,1,false,
marisa901225-cmyk/personal-portfolio,pre,ef257ecc93868b6d3523c627cdf58e41d3c9f14a,2026-05-18T02:48:53Z,production,11,false,
marisa901225-cmyk/personal-portfolio,pre,ef257ecc93868b6d3523c627cdf58e41d3c9f14a,2026-05-18T02:48:53Z,test,1,false,
marisa901225-cmyk/personal-portfolio,pre,d3c2b90bd392829fa95d44e0b7437f4a05022031,2026-05-18T02:52:39Z,other,3,false,
marisa901225-cmyk/personal-portfolio,pre,d3c2b90bd392829fa95d44e0b7437f4a05022031,2026-05-18T02:52:39Z,production,3,false,
marisa901225-cmyk/personal-portfolio,pre,d3c2b90bd392829fa95d44e0b7437f4a05022031,2026-05-18T02:52:39Z,test,2,false,
marisa901225-cmyk/personal-portfolio,pre,cf34e8224ce949ffbede8583c63238c012f48a37,2026-05-18T03:56:57Z,other,5,false,
marisa901225-cmyk/personal-portfolio,pre,cf34e8224ce949ffbede8583c63238c012f48a37,2026-05-18T03:56:57Z,production,4,false,
marisa901225-cmyk/personal-portfolio,pre,cf34e8224ce949ffbede8583c63238c012f48a37,2026-05-18T03:56:57Z,test,1,false,
marisa901225-cmyk/personal-portfolio,pre,bda4317268919179496a59fbc86bc9d9c28dc6fc,2026-05-18T04:02:34Z,other,3,false,
marisa901225-cmyk/personal-portfolio,pre,bda4317268919179496a59fbc86bc9d9c28dc6fc,2026-05-18T04:02:34Z,production,4,false,
marisa901225-cmyk/personal-portfolio,pre,bda4317268919179496a59fbc86bc9d9c28dc6fc,2026-05-18T04:02:34Z,test,1,false,
marisa901225-cmyk/personal-portfolio,pre,6af4cc40d06299e4c0a24d03adb8b9a76028e352,2026-05-18T04:07:32Z,production,1,false,
marisa901225-cmyk/personal-portfolio,pre,6af4cc40d06299e4c0a24d03adb8b9a76028e352,2026-05-18T04:07:32Z,test,1,false,
marisa901225-cmyk/personal-portfolio,pre,da7b20fba3cdf4274df7f3ade081499a186ce0df,2026-05-18T04:12:29Z,production,2,false,
marisa901225-cmyk/personal-portfolio,pre,da7b20fba3cdf4274df7f3ade081499a186ce0df,2026-05-18T04:12:29Z,test,1,false,
marisa901225-cmyk/personal-portfolio,pre,5a218afb47f3c1ccf03f2dbf5a16aa2cd6ec0cc8,2026-05-18T04:34:05Z,other,2,false,
marisa901225-cmyk/personal-portfolio,pre,5a218afb47f3c1ccf03f2dbf5a16aa2cd6ec0cc8,2026-05-18T04:34:05Z,production,2,false,
marisa901225-cmyk/personal-portfolio,pre,5a218afb47f3c1ccf03f2dbf5a16aa2cd6ec0cc8,2026-05-18T04:34:05Z,test,1,false,
marisa901225-cmyk/personal-portfolio,pre,4c11375888954d7739b1267308b02f257488dd22,2026-05-18T04:47:52Z,other,2,false,
marisa901225-cmyk/personal-portfolio,pre,4c11375888954d7739b1267308b02f257488dd22,2026-05-18T04:47:52Z,production,1,false,
marisa901225-cmyk/personal-portfolio,pre,4c11375888954d7739b1267308b02f257488dd22,2026-05-18T04:47:52Z,test,1,false,
marisa901225-cmyk/personal-portfolio,pre,7621f6ae2c23412f70aa77cbf08129cc141bd429,2026-05-18T04:52:29Z,production,1,false,
marisa901225-cmyk/personal-portfolio,pre,7621f6ae2c23412f70aa77cbf08129cc141bd429,2026-05-18T04:52:29Z,test,1,false,
marisa901225-cmyk/personal-portfolio,pre,f8463fbad2c8232c702fe2c123194e48a6c74cc7,2026-05-18T05:01:49Z,production,1,false,
marisa901225-cmyk/personal-portfolio,pre,0a1ebe3e2728c63efa55e28b419d967f474c93c0,2026-05-18T05:12:26Z,other,1,false,
marisa901225-cmyk/personal-portfolio,pre,e56e7ee48b492e48cacedb91a5bb2233c7ac8906,2026-05-18T05:24:41Z,other,1,false,
marisa901225-cmyk/personal-portfolio,pre,e56e7ee48b492e48cacedb91a5bb2233c7ac8906,2026-05-18T05:24:41Z,production,1,false,
marisa901225-cmyk/personal-portfolio,pre,e56e7ee48b492e48cacedb91a5bb2233c7ac8906,2026-05-18T05:24:41Z,test,1,false,
marisa901225-cmyk/personal-portfolio,pre,f36b2004d465e4d40134e0128a24768af2490c2d,2026-05-18T05:33:50Z,other,1,false,
marisa901225-cmyk/personal-portfolio,pre,f36b2004d465e4d40134e0128a24768af2490c2d,2026-05-18T05:33:50Z,production,4,false,
marisa901225-cmyk/personal-portfolio,pre,c23f19d11f3d0ecf53193cc80fd5a2b5ed5e1f01,2026-05-18T05:36:47Z,production,2,false,
marisa901225-cmyk/personal-portfolio,pre,c23f19d11f3d0ecf53193cc80fd5a2b5ed5e1f01,2026-05-18T05:36:47Z,test,1,false,
marisa901225-cmyk/personal-portfolio,pre,795e400cf78e8e040b92e3f2cdbab5e4e52d1d3d,2026-05-18T05:40:41Z,production,1,false,
marisa901225-cmyk/personal-portfolio,pre,300e9e0f1d1b5fbc41592135991a8305b548bd9b,2026-05-18T05:56:21Z,other,1,false,
marisa901225-cmyk/personal-portfolio,pre,300e9e0f1d1b5fbc41592135991a8305b548bd9b,2026-05-18T05:56:21Z,production,2,false,
marisa901225-cmyk/personal-portfolio,pre,300e9e0f1d1b5fbc41592135991a8305b548bd9b,2026-05-18T05:56:21Z,test,2,false,
marisa901225-cmyk/personal-portfolio,pre,8a45e25867ae0e07d78c33e8042a3714a0b79521,2026-05-18T05:57:45Z,production,1,false,
marisa901225-cmyk/personal-portfolio,pre,42dbb01e106ad85d3090b2029c884199cd688e97,2026-05-18T06:41:54Z,other,5,false,
marisa901225-cmyk/personal-portfolio,pre,42dbb01e106ad85d3090b2029c884199cd688e97,2026-05-18T06:41:54Z,production,8,false,
marisa901225-cmyk/personal-portfolio,pre,42dbb01e106ad85d3090b2029c884199cd688e97,2026-05-18T06:41:54Z,test,1,false,
marisa901225-cmyk/personal-portfolio,pre,ea5fee4f23f80e3e53b2774b41bd2a4aef574b6c,2026-05-18T06:54:20Z,other,5,false,
marisa901225-cmyk/personal-portfolio,pre,ea5fee4f23f80e3e53b2774b41bd2a4aef574b6c,2026-05-18T06:54:20Z,production,6,false,
marisa901225-cmyk/personal-portfolio,pre,8d488f4e0679ec18fcd6d0e0521131a58ae863c4,2026-05-18T08:01:46Z,other,1,false,
marisa901225-cmyk/personal-portfolio,pre,fe5fdd16bc4b701ea042ff60b6ddf103b05b897f,2026-05-18T08:40:33Z,other,1,false,
marisa901225-cmyk/personal-portfolio,pre,fe5fdd16bc4b701ea042ff60b6ddf103b05b897f,2026-05-18T08:40:33Z,production,1,false,
marisa901225-cmyk/personal-portfolio,pre,fe5fdd16bc4b701ea042ff60b6ddf103b05b897f,2026-05-18T08:40:33Z,test,1,false,
marisa901225-cmyk/personal-portfolio,pre,4d680109477cff9f19b14eaada2e7d3fd390fab2,2026-05-18T08:45:15Z,other,1,false,
marisa901225-cmyk/personal-portfolio,pre,4d680109477cff9f19b14eaada2e7d3fd390fab2,2026-05-18T08:45:15Z,production,1,false,
marisa901225-cmyk/personal-portfolio,pre,4d680109477cff9f19b14eaada2e7d3fd390fab2,2026-05-18T08:45:15Z,test,1,false,
marisa901225-cmyk/personal-portfolio,pre,dd5f76f7c459f751f52c2415e9e8fe3be39d058b,2026-05-19T03:38:52Z,production,1,false,
marisa901225-cmyk/personal-portfolio,pre,217774ba7f9e30e163d34ce407111d706a346800,2026-05-19T03:40:43Z,production,5,false,
marisa901225-cmyk/personal-portfolio,pre,9deba501faa537871a4211d011fdde82f8eb9840,2026-05-19T03:43:14Z,other,1,false,
marisa901225-cmyk/personal-portfolio,pre,f5fb5cf37009afd471d72093018448960a0f9003,2026-05-19T03:44:57Z,other,1,false,
marisa901225-cmyk/personal-portfolio,pre,b9d54574f2ae4998657e5c35594ec2e450e89084,2026-05-19T06:29:15Z,production,3,false,
marisa901225-cmyk/personal-portfolio,pre,83ecf6d8524b083c59e5c57aa59911f4c0c0e7a7,2026-05-19T06:37:08Z,production,1,false,
marisa901225-cmyk/personal-portfolio,pre,bcf58af260679b68f1cdba2bb39bd2d1ad8a6e9a,2026-05-19T07:05:14Z,production,1,false,
marisa901225-cmyk/personal-portfolio,pre,b08846328d95fbce63715a62b93df6c9ac166a15,2026-05-19T07:40:51Z,test,1,false,
marisa901225-cmyk/personal-portfolio,pre,2294d3ffdb0575bb2fddf2764d79ec4cb371d5e6,2026-05-20T03:22:24Z,other,2,false,
marisa901225-cmyk/personal-portfolio,pre,8c91f7ef087c2b4f07347a318d1e3c83b0a585fa,2026-05-21T05:08:17Z,other,1,false,
marisa901225-cmyk/personal-portfolio,pre,8b90ac5c3884480b97217732c3bcd53ba51bf2f3,2026-05-21T05:13:07Z,other,1,false,
marisa901225-cmyk/personal-portfolio,pre,34c68ff14b74ededc6a26cdb83c9b59e7d3cdd44,2026-05-21T05:25:46Z,other,1,false,
marisa901225-cmyk/personal-portfolio,pre,b9ac8d545dde447b7b9fd9346b11e30d396491cb,2026-05-21T06:20:17Z,other,2,false,
marisa901225-cmyk/personal-portfolio,pre,b9ac8d545dde447b7b9fd9346b11e30d396491cb,2026-05-21T06:20:17Z,production,1,false,
marisa901225-cmyk/personal-portfolio,pre,11a7b241fe51764d639e5bd3190087e6659a2a0a,2026-05-21T07:15:50Z,other,3,false,
marisa901225-cmyk/personal-portfolio,pre,1b4d20743ccecd1bca0e5b80cb4d7824776d9dfc,2026-05-21T07:33:35Z,production,3,false,
marisa901225-cmyk/personal-portfolio,pre,1b4d20743ccecd1bca0e5b80cb4d7824776d9dfc,2026-05-21T07:33:35Z,test,2,false,
marisa901225-cmyk/personal-portfolio,pre,be4fee73403b6688006f3ee75971045c9e6f1546,2026-05-21T07:44:51Z,other,1,false,
marisa901225-cmyk/personal-portfolio,pre,a247c055688eb9521e14f0bc1294e8ae4a829899,2026-05-22T01:28:11Z,other,12,false,
marisa901225-cmyk/personal-portfolio,pre,a247c055688eb9521e14f0bc1294e8ae4a829899,2026-05-22T01:28:11Z,production,5,false,
marisa901225-cmyk/personal-portfolio,pre,a247c055688eb9521e14f0bc1294e8ae4a829899,2026-05-22T01:28:11Z,test,2,false,
marisa901225-cmyk/personal-portfolio,pre,36df6a59f3f79fb3af70b7c88fe6b7c55f545910,2026-05-22T01:34:33Z,production,1,false,
marisa901225-cmyk/personal-portfolio,pre,36df6a59f3f79fb3af70b7c88fe6b7c55f545910,2026-05-22T01:34:33Z,test,1,false,
marisa901225-cmyk/personal-portfolio,pre,a5f91adf1639a176b38b424c320839e85b2f48be,2026-05-22T01:35:59Z,production,1,false,
marisa901225-cmyk/personal-portfolio,pre,a5f91adf1639a176b38b424c320839e85b2f48be,2026-05-22T01:35:59Z,test,1,false,
marisa901225-cmyk/personal-portfolio,pre,eda967a5de44820e921a12d09543609f3d8e0f2f,2026-05-22T01:36:59Z,production,1,false,
marisa901225-cmyk/personal-portfolio,pre,eda967a5de44820e921a12d09543609f3d8e0f2f,2026-05-22T01:36:59Z,test,1,false,
marisa901225-cmyk/personal-portfolio,pre,1b61447e591832839d170be93c1447888bb74720,2026-05-22T01:39:27Z,other,1,false,
marisa901225-cmyk/personal-portfolio,pre,7f526b87334cf0b8a058b49baf3b1a435949b92b,2026-05-22T01:41:29Z,production,1,false,
marisa901225-cmyk/personal-portfolio,pre,7f526b87334cf0b8a058b49baf3b1a435949b92b,2026-05-22T01:41:29Z,test,1,false,
marisa901225-cmyk/personal-portfolio,pre,8a389a0b90528bb4f884a05971e53130070a89d3,2026-05-22T01:43:39Z,other,1,false,
marisa901225-cmyk/personal-portfolio,pre,8a389a0b90528bb4f884a05971e53130070a89d3,2026-05-22T01:43:39Z,production,1,false,
marisa901225-cmyk/personal-portfolio,pre,1c8331e3a7d639775991ef4e032d3c498ccf32c8,2026-05-22T01:45:11Z,other,1,false,
marisa901225-cmyk/personal-portfolio,pre,3635ffe887cf08448cb8ba2859808e219938375f,2026-05-22T01:47:38Z,other,1,false,
marisa901225-cmyk/personal-portfolio,pre,3635ffe887cf08448cb8ba2859808e219938375f,2026-05-22T01:47:38Z,test,1,false,
marisa901225-cmyk/personal-portfolio,pre,0d1ab2935bc00442cb3f27b1cd36216801682fde,2026-05-22T02:02:35Z,other,4,false,
marisa901225-cmyk/personal-portfolio,pre,0d1ab2935bc00442cb3f27b1cd36216801682fde,2026-05-22T02:02:35Z,production,3,false,
marisa901225-cmyk/personal-portfolio,pre,0d1ab2935bc00442cb3f27b1cd36216801682fde,2026-05-22T02:02:35Z,test,1,false,
marisa901225-cmyk/personal-portfolio,pre,860fec016841213068484d79fe464303bba04ac8,2026-05-22T02:11:57Z,other,2,false,
marisa901225-cmyk/personal-portfolio,pre,96f72fcd2e5e52ce90ab792ee32cd4b20d04db28,2026-05-22T02:19:11Z,other,1,false,
marisa901225-cmyk/personal-portfolio,pre,0128fb1b9c64d65bd58b75ad2a70617cac83423b,2026-05-22T02:21:47Z,other,1,false,
marisa901225-cmyk/personal-portfolio,pre,e3602b44ec5c9a571f3c1d190d59f3b912533531,2026-05-22T02:26:10Z,other,1,false,
marisa901225-cmyk/personal-portfolio,pre,408c574cc235a06db7e044fca0c5c65914c5a094,2026-05-22T02:27:39Z,other,1,false,
marisa901225-cmyk/personal-portfolio,pre,4b3dd115e4844fa14512cf5f4733a3096e44d6c5,2026-05-22T05:17:15Z,other,1,false,
marisa901225-cmyk/personal-portfolio,pre,0590594a990fe2f2a3e9dc5b052df32cc304814e,2026-05-22T05:19:05Z,other,1,false,
marisa901225-cmyk/personal-portfolio,pre,af2a2ea1095a4fe36e79830f83731728f244074e,2026-05-22T05:32:14Z,production,6,false,
marisa901225-cmyk/personal-portfolio,pre,af2a2ea1095a4fe36e79830f83731728f244074e,2026-05-22T05:32:14Z,test,2,false,
marisa901225-cmyk/personal-portfolio,pre,1cb1f661e0bab4e4c7c87ead5745d05a47670004,2026-05-22T08:42:19Z,production,2,false,
marisa901225-cmyk/personal-portfolio,pre,1cb1f661e0bab4e4c7c87ead5745d05a47670004,2026-05-22T08:42:19Z,test,1,false,
marisa901225-cmyk/personal-portfolio,pre,e32b91a758e7c019852de4e28563171cd15e3bbf,2026-05-22T08:54:38Z,other,4,false,
marisa901225-cmyk/personal-portfolio,pre,e32b91a758e7c019852de4e28563171cd15e3bbf,2026-05-22T08:54:38Z,production,7,false,
marisa901225-cmyk/personal-portfolio,pre,e32b91a758e7c019852de4e28563171cd15e3bbf,2026-05-22T08:54:38Z,test,1,false,
marisa901225-cmyk/personal-portfolio,pre,2c48e13f8efcb23c2d6fd733919ecc13a818fc1d,2026-05-22T09:01:52Z,other,3,false,
marisa901225-cmyk/personal-portfolio,pre,2c48e13f8efcb23c2d6fd733919ecc13a818fc1d,2026-05-22T09:01:52Z,production,3,false,
marisa901225-cmyk/personal-portfolio,pre,2c48e13f8efcb23c2d6fd733919ecc13a818fc1d,2026-05-22T09:01:52Z,test,1,false,
marisa901225-cmyk/personal-portfolio,pre,3ac3f341ba95a5aab689fa9293c0e5a24a412b3b,2026-05-26T04:03:16Z,other,1,false,
marisa901225-cmyk/personal-portfolio,pre,3ac3f341ba95a5aab689fa9293c0e5a24a412b3b,2026-05-26T04:03:16Z,production,1,false,
marisa901225-cmyk/personal-portfolio,pre,3ac3f341ba95a5aab689fa9293c0e5a24a412b3b,2026-05-26T04:03:16Z,test,1,false,
marisa901225-cmyk/personal-portfolio,post,c1a34508eebce57ed908ac962f9b168e9f45b746,2026-05-27T00:17:11Z,production,1,false,
marisa901225-cmyk/personal-portfolio,post,c1a34508eebce57ed908ac962f9b168e9f45b746,2026-05-27T00:17:11Z,test,1,false,
marisa901225-cmyk/personal-portfolio,post,8c6667ef0876317299a35430e67e8f23a7aa2d70,2026-05-27T02:11:51Z,production,1,false,
marisa901225-cmyk/personal-portfolio,post,8c6667ef0876317299a35430e67e8f23a7aa2d70,2026-05-27T02:11:51Z,test,1,false,
marisa901225-cmyk/personal-portfolio,post,d5fb14e8e8a1ee2dccba0c7545ce757335988b7e,2026-05-27T02:13:42Z,production,1,false,
marisa901225-cmyk/personal-portfolio,post,d5fb14e8e8a1ee2dccba0c7545ce757335988b7e,2026-05-27T02:13:42Z,test,1,false,
marisa901225-cmyk/personal-portfolio,post,c5272fe4aeb2bc1b3aa7249c433e03c29bc39c8b,2026-05-27T02:18:35Z,production,1,false,
marisa901225-cmyk/personal-portfolio,post,c5272fe4aeb2bc1b3aa7249c433e03c29bc39c8b,2026-05-27T02:18:35Z,test,1,false,
marisa901225-cmyk/personal-portfolio,post,4653c6fca4b9935c3a99492d34a3355c31897061,2026-05-27T02:23:41Z,other,1,false,
marisa901225-cmyk/personal-portfolio,post,9cca6144d72001e9b1b8303a442b380ded720030,2026-05-27T06:04:41Z,production,1,false,
marisa901225-cmyk/personal-portfolio,post,9cca6144d72001e9b1b8303a442b380ded720030,2026-05-27T06:04:41Z,test,1,false,
marisa901225-cmyk/personal-portfolio,post,303979808b15240fb8e1a7280622a067b08e1e26,2026-05-27T06:12:37Z,other,19,false,
marisa901225-cmyk/personal-portfolio,post,af0d0875fa8c2da18cf612400d8e469e9ef251f3,2026-05-27T06:42:02Z,other,1,false,
marisa901225-cmyk/personal-portfolio,post,b7a4da5f324d827c763ddc23cb5d58ead67da2fa,2026-05-27T06:52:37Z,production,2,false,
marisa901225-cmyk/personal-portfolio,post,b7a4da5f324d827c763ddc23cb5d58ead67da2fa,2026-05-27T06:52:37Z,test,2,false,
marisa901225-cmyk/personal-portfolio,post,9b9042cc06bde7ddd464372a4fcdc417d1445b07,2026-05-27T07:45:30Z,production,1,false,
marisa901225-cmyk/personal-portfolio,post,9b9042cc06bde7ddd464372a4fcdc417d1445b07,2026-05-27T07:45:30Z,test,1,false,
marisa901225-cmyk/personal-portfolio,post,a12c3f68a73366ee17998077a3213e1130439640,2026-05-27T08:24:12Z,other,6,false,
marisa901225-cmyk/personal-portfolio,post,a12c3f68a73366ee17998077a3213e1130439640,2026-05-27T08:24:12Z,test,40,false,
marisa901225-cmyk/personal-portfolio,post,a49351602c128b118b67b719dcccb82c16b633c6,2026-05-27T08:34:53Z,test,5,false,
marisa901225-cmyk/personal-portfolio,post,3623bb68178b406b31fe8845f4ff63b84dc49e90,2026-05-27T08:38:06Z,test,2,false,
marisa901225-cmyk/personal-portfolio,post,6b855f60465204dbede0136c3524fa162cb43fe2,2026-05-27T08:39:46Z,test,2,false,
marisa901225-cmyk/personal-portfolio,post,d127f5501161e40499a5f38fd4ba37a95cc25eaf,2026-05-27T08:42:00Z,test,2,false,
marisa901225-cmyk/personal-portfolio,post,501eba46761add751bb0afb04d85b420bf855da2,2026-05-27T08:45:40Z,test,4,false,
marisa901225-cmyk/personal-portfolio,post,a1920c8a1df88bd7f2ae67107f6349cf7b848452,2026-05-27T08:51:17Z,test,2,false,
marisa901225-cmyk/personal-portfolio,post,86d0c7862dfce840d7a751a0029e424957e89dfa,2026-05-27T08:59:41Z,test,4,false,
marisa901225-cmyk/personal-portfolio,post,9cf00be203f1ee84831b9962775800cf40a9428d,2026-05-28T04:17:32Z,production,1,false,
marisa901225-cmyk/personal-portfolio,post,9cf00be203f1ee84831b9962775800cf40a9428d,2026-05-28T04:17:32Z,test,1,false,
marisa901225-cmyk/personal-portfolio,post,a4d6037b84319c09c3c6bdcaef9261d4ce1b7630,2026-05-28T04:19:33Z,test,2,false,
marisa901225-cmyk/personal-portfolio,post,363ffaf83b9bef3cfc2cce4208acab01f3499948,2026-05-29T04:14:25Z,production,2,false,
marisa901225-cmyk/personal-portfolio,post,363ffaf83b9bef3cfc2cce4208acab01f3499948,2026-05-29T04:14:25Z,test,1,false,
marisa901225-cmyk/personal-portfolio,post,57cbcc93ad1877474065e7080d5cdd2e1fe8932c,2026-05-29T08:55:30Z,other,1,false,
marisa901225-cmyk/personal-portfolio,post,2eadd159561306ba3bdbe79ba6aef00660155f31,2026-05-29T08:58:46Z,other,1,false,
marisa901225-cmyk/personal-portfolio,post,11d3d0f1a0121694efcba10c252727a7d829b0cb,2026-06-01T03:47:02Z,production,1,false,
marisa901225-cmyk/personal-portfolio,post,11d3d0f1a0121694efcba10c252727a7d829b0cb,2026-06-01T03:47:02Z,test,3,false,
marisa901225-cmyk/personal-portfolio,post,631c4a0ed750a86a4ec414bf01388960676ff223,2026-06-01T03:53:33Z,production,1,false,
marisa901225-cmyk/personal-portfolio,post,631c4a0ed750a86a4ec414bf01388960676ff223,2026-06-01T03:53:33Z,test,1,false,
marisa901225-cmyk/personal-portfolio,post,eee471ee1b0e6a41ae50ab689537edb080a0f652,2026-06-01T07:46:28Z,other,1,false,
marisa901225-cmyk/personal-portfolio,post,4533aa58e9b709a02900cf9289733ac2e8c38082,2026-06-08T07:51:43Z,other,1,false,
marisa901225-cmyk/personal-portfolio,post,4533aa58e9b709a02900cf9289733ac2e8c38082,2026-06-08T07:51:43Z,production,2,false,
marisa901225-cmyk/personal-portfolio,post,73de39f1495cc65c389e1cc0b23159ed043e4b58,2026-06-08T07:54:39Z,other,1,false,
marisa901225-cmyk/personal-portfolio,post,bec5221aa644f1cc442275da82ada286bed93c15,2026-06-08T08:09:17Z,other,2,false,
marisa901225-cmyk/personal-portfolio,post,876fecd1fb6ccbdd40ccb0baef6d0a50a4c037be,2026-06-09T08:58:49Z,other,4,false,
marisa901225-cmyk/personal-portfolio,post,1bb53cd918a055168ad050223a3e6fdae0e2136e,2026-06-16T05:51:29Z,production,1,false,
marisa901225-cmyk/personal-portfolio,post,1bb53cd918a055168ad050223a3e6fdae0e2136e,2026-06-16T05:51:29Z,test,1,false,
marisa901225-cmyk/personal-portfolio,post,1047d19a8423c35e2de3ec8ac1ddbdb7ed437b98,2026-06-16T05:54:20Z,production,1,false,
marisa901225-cmyk/personal-portfolio,post,1047d19a8423c35e2de3ec8ac1ddbdb7ed437b98,2026-06-16T05:54:20Z,test,1,false,
marisa901225-cmyk/personal-portfolio,post,86c71152efaa79d0fcf93e968add907984db8325,2026-06-18T01:11:13Z,other,2,false,
marisa901225-cmyk/personal-portfolio,post,86c71152efaa79d0fcf93e968add907984db8325,2026-06-18T01:11:13Z,production,6,false,
marisa901225-cmyk/personal-portfolio,post,86c71152efaa79d0fcf93e968add907984db8325,2026-06-18T01:11:13Z,test,1,false,
marisa901225-cmyk/personal-portfolio,post,9b94dbff66b4fb48bc533ed30254fce07b42935e,2026-06-25T01:24:16Z,production,1,false,
marisa901225-cmyk/personal-portfolio,post,9b94dbff66b4fb48bc533ed30254fce07b42935e,2026-06-25T01:24:16Z,test,1,false,
marisa901225-cmyk/personal-portfolio,post,6d32617bf8a9d2985be085ad44fad3a235545947,2026-06-25T01:26:36Z,other,2,false,
marisa901225-cmyk/personal-portfolio,post,5c34eec16532d2de07954025d71ba205bf5848d8,2026-06-25T01:26:47Z,other,1,false,
marisa901225-cmyk/personal-portfolio,post,d4c2d401e7aad42d384cbe0545fcf9d925db18ef,2026-06-25T01:29:04Z,other,1,false,
marisa901225-cmyk/personal-portfolio,post,96685d5a977e371c5c5834c20bb6c32d1b92fc86,2026-06-25T01:32:52Z,production,1,false,
marisa901225-cmyk/personal-portfolio,post,96685d5a977e371c5c5834c20bb6c32d1b92fc86,2026-06-25T01:32:52Z,test,1,false,
marisa901225-cmyk/personal-portfolio,post,62050ce22b1e2d9e35a46bb59676d831a85e327e,2026-06-30T02:57:14Z,production,1,false,
marisa901225-cmyk/personal-portfolio,post,62050ce22b1e2d9e35a46bb59676d831a85e327e,2026-06-30T02:57:14Z,test,1,false,
marisa901225-cmyk/personal-portfolio,post,b386d702d7c497ecc22ebd9888aaadf2276ddf85,2026-07-01T00:24:08Z,other,1,false,
marisa901225-cmyk/personal-portfolio,post,b386d702d7c497ecc22ebd9888aaadf2276ddf85,2026-07-01T00:24:08Z,production,2,false,
marisa901225-cmyk/personal-portfolio,post,b386d702d7c497ecc22ebd9888aaadf2276ddf85,2026-07-01T00:24:08Z,test,1,false,
marisa901225-cmyk/personal-portfolio,post,0f4a830ef5374ea963ac4ff43c0941beff891876,2026-07-02T00:05:55Z,other,2,false,
marisa901225-cmyk/personal-portfolio,post,0f4a830ef5374ea963ac4ff43c0941beff891876,2026-07-02T00:05:55Z,production,1,false,
marisa901225-cmyk/personal-portfolio,post,0f4a830ef5374ea963ac4ff43c0941beff891876,2026-07-02T00:05:55Z,test,1,false,
marisa901225-cmyk/personal-portfolio,post,eab3a5fb2ca01908e7d25e3c524deb861844624c,2026-07-02T00:18:48Z,other,1,false,
marisa901225-cmyk/personal-portfolio,post,eab3a5fb2ca01908e7d25e3c524deb861844624c,2026-07-02T00:18:48Z,production,1,false,
marisa901225-cmyk/personal-portfolio,post,eab3a5fb2ca01908e7d25e3c524deb861844624c,2026-07-02T00:18:48Z,test,1,false,
marisa901225-cmyk/personal-portfolio,post,2ddec133930d64005fdabfb6580103c3b24f5b61,2026-07-06T00:27:56Z,production,3,false,
marisa901225-cmyk/personal-portfolio,post,2ddec133930d64005fdabfb6580103c3b24f5b61,2026-07-06T00:27:56Z,test,1,false,
marisa901225-cmyk/personal-portfolio,post,bb10f07360fcc691dfc6ad682027b0590102b1a8,2026-07-07T05:37:55Z,production,2,false,
marisa901225-cmyk/personal-portfolio,post,bb10f07360fcc691dfc6ad682027b0590102b1a8,2026-07-07T05:37:55Z,test,1,false,
marisa901225-cmyk/personal-portfolio,post,104d35d8f3c345093bf35cfdc1dce68299f2cdea,2026-07-07T23:40:45Z,production,1,false,
marisa901225-cmyk/personal-portfolio,post,104d35d8f3c345093bf35cfdc1dce68299f2cdea,2026-07-07T23:40:45Z,test,1,false,
marisa901225-cmyk/personal-portfolio,post,9067781d2e11093c81cf9be2023dc63c8067df16,2026-07-08T01:09:09Z,production,6,false,
marisa901225-cmyk/personal-portfolio,post,9067781d2e11093c81cf9be2023dc63c8067df16,2026-07-08T01:09:09Z,test,2,false,
marisa901225-cmyk/personal-portfolio,post,3a3b6ca6e0d0c2a9410e3aad0396033b2abd7e79,2026-07-08T01:13:39Z,production,1,false,
marisa901225-cmyk/personal-portfolio,post,3a3b6ca6e0d0c2a9410e3aad0396033b2abd7e79,2026-07-08T01:13:39Z,test,2,false,
marisa901225-cmyk/personal-portfolio,post,041e25d2668a06c32c53d64c766300a1761839d4,2026-07-08T05:41:47Z,production,3,false,
marisa901225-cmyk/personal-portfolio,post,041e25d2668a06c32c53d64c766300a1761839d4,2026-07-08T05:41:47Z,test,2,false,
marisa901225-cmyk/personal-portfolio,post,53e2a579fac8c9e97f97c39810e10010cf156460,2026-07-08T05:45:04Z,other,1,false,
marisa901225-cmyk/personal-portfolio,post,53e2a579fac8c9e97f97c39810e10010cf156460,2026-07-08T05:45:04Z,production,2,false,
marisa901225-cmyk/personal-portfolio,post,53e2a579fac8c9e97f97c39810e10010cf156460,2026-07-08T05:45:04Z,test,1,false,
marisa901225-cmyk/personal-portfolio,post,709d756b33ea3323ef7b336d1220d174b527c9ba,2026-07-10T02:08:07Z,other,1,false,
marisa901225-cmyk/personal-portfolio,post,709d756b33ea3323ef7b336d1220d174b527c9ba,2026-07-10T02:08:07Z,production,3,false,
marisa901225-cmyk/personal-portfolio,post,709d756b33ea3323ef7b336d1220d174b527c9ba,2026-07-10T02:08:07Z,test,3,false,
marisa901225-cmyk/personal-portfolio,post,31de773fb4b80a097afd6d255296023dc9697b7f,2026-07-10T07:22:22Z,other,1,false,
marisa901225-cmyk/personal-portfolio,post,39e546f36185fe7ad85a4271509e9e19cc5e5967,2026-07-10T07:27:48Z,other,2,false,
marisa901225-cmyk/personal-portfolio,post,39e546f36185fe7ad85a4271509e9e19cc5e5967,2026-07-10T07:27:48Z,production,1,false,
marisa901225-cmyk/personal-portfolio,post,39e546f36185fe7ad85a4271509e9e19cc5e5967,2026-07-10T07:27:48Z,test,1,false,
marisa901225-cmyk/personal-portfolio,post,4e6c1f23f2dc281414f42df70eee1d33439206b3,2026-07-15T04:14:48Z,other,1,false,
marisa901225-cmyk/personal-portfolio,post,b894371905241124bf8f6c3f70cd10721cdd18d5,2026-07-15T05:35:45Z,other,2,false,
marisa901225-cmyk/personal-portfolio,post,b894371905241124bf8f6c3f70cd10721cdd18d5,2026-07-15T05:35:45Z,production,3,false,
marisa901225-cmyk/personal-portfolio,post,b894371905241124bf8f6c3f70cd10721cdd18d5,2026-07-15T05:35:45Z,test,3,false,
marisa901225-cmyk/personal-portfolio,post,7a001883d28e881e166d6c5411bf6313aaa0a0dc,2026-07-15T06:40:45Z,other,1,false,
marisa901225-cmyk/personal-portfolio,post,7a001883d28e881e166d6c5411bf6313aaa0a0dc,2026-07-15T06:40:45Z,production,3,false,
marisa901225-cmyk/personal-portfolio,post,7a001883d28e881e166d6c5411bf6313aaa0a0dc,2026-07-15T06:40:45Z,test,2,false,
marisa901225-cmyk/personal-portfolio,post,cebe9667c242b6d838a222aa52972681383c557e,2026-07-15T07:50:26Z,other,2,false,
marisa901225-cmyk/personal-portfolio,post,cebe9667c242b6d838a222aa52972681383c557e,2026-07-15T07:50:26Z,production,3,false,
marisa901225-cmyk/personal-portfolio,post,cebe9667c242b6d838a222aa52972681383c557e,2026-07-15T07:50:26Z,test,3,false,
marisa901225-cmyk/personal-portfolio,post,6314ebce9bce6b9fc9c2de481ecea51de969f6e9,2026-07-20T01:03:41Z,other,4,false,
marisa901225-cmyk/personal-portfolio,post,4a3d0f246682afbf922157d978cf6a787ed1e0e0,2026-07-20T02:59:59Z,production,2,false,
marisa901225-cmyk/personal-portfolio,post,4a3d0f246682afbf922157d978cf6a787ed1e0e0,2026-07-20T02:59:59Z,test,2,false,
marisa901225-cmyk/personal-portfolio,post,ecd981c2bb2c03d8dbf0e50ea9709e02c666d4ce,2026-07-20T03:12:10Z,other,1,false,
marisa901225-cmyk/personal-portfolio,post,ecd981c2bb2c03d8dbf0e50ea9709e02c666d4ce,2026-07-20T03:12:10Z,production,4,false,
marisa901225-cmyk/personal-portfolio,post,ecd981c2bb2c03d8dbf0e50ea9709e02c666d4ce,2026-07-20T03:12:10Z,test,3,false,
marisa901225-cmyk/personal-portfolio,post,fbefdc43d1848b3cdf1e178adc7a44d31236134a,2026-07-20T03:17:48Z,other,1,false,
marisa901225-cmyk/personal-portfolio,post,fbefdc43d1848b3cdf1e178adc7a44d31236134a,2026-07-20T03:17:48Z,production,2,false,
marisa901225-cmyk/personal-portfolio,post,fbefdc43d1848b3cdf1e178adc7a44d31236134a,2026-07-20T03:17:48Z,test,2,false,
marisa901225-cmyk/personal-portfolio,post,1e475ce21ae8a868ce0894aa226f9b5362780841,2026-07-20T03:21:47Z,other,1,false,
marisa901225-cmyk/personal-portfolio,post,1e475ce21ae8a868ce0894aa226f9b5362780841,2026-07-20T03:21:47Z,production,1,false,
marisa901225-cmyk/personal-portfolio,post,1e475ce21ae8a868ce0894aa226f9b5362780841,2026-07-20T03:21:47Z,test,1,false,
marisa901225-cmyk/personal-portfolio,post,72099e9a1c7df3517a09a40280d70c8b56da6caa,2026-07-20T03:57:53Z,production,4,false,
marisa901225-cmyk/personal-portfolio,post,72099e9a1c7df3517a09a40280d70c8b56da6caa,2026-07-20T03:57:53Z,test,1,false,
marisa901225-cmyk/personal-portfolio,post,b59bc34e05761ea79e2455d55eca81ee3c799e64,2026-07-20T04:11:56Z,production,3,false,
marisa901225-cmyk/personal-portfolio,post,b59bc34e05761ea79e2455d55eca81ee3c799e64,2026-07-20T04:11:56Z,test,1,false,
marisa901225-cmyk/personal-portfolio,post,af2c40d77b1b53bb3a771d2abf73b1b2ce6d75f8,2026-07-21T01:22:23Z,production,3,false,
marisa901225-cmyk/personal-portfolio,post,af2c40d77b1b53bb3a771d2abf73b1b2ce6d75f8,2026-07-21T01:22:23Z,test,2,false,
marisa901225-cmyk/personal-portfolio,post,dfca292a15409e49e67efd95ff6f70ccd3a12ba3,2026-07-21T01:39:31Z,other,1,false,
marisa901225-cmyk/personal-portfolio,post,dfca292a15409e49e67efd95ff6f70ccd3a12ba3,2026-07-21T01:39:31Z,production,2,false,
marisa901225-cmyk/personal-portfolio,post,dfca292a15409e49e67efd95ff6f70ccd3a12ba3,2026-07-21T01:39:31Z,test,3,false,
marisa901225-cmyk/personal-portfolio,post,8da4382884eb7c55e2eba2fb17e1efac1934b67c,2026-07-21T01:41:38Z,production,1,false,
marisa901225-cmyk/personal-portfolio,post,8da4382884eb7c55e2eba2fb17e1efac1934b67c,2026-07-21T01:41:38Z,test,1,false,
marisa901225-cmyk/personal-portfolio,post,df7ca1fc76322a6993205d0154eafbfbd934a845,2026-07-21T01:58:06Z,production,4,false,
marisa901225-cmyk/personal-portfolio,post,df7ca1fc76322a6993205d0154eafbfbd934a845,2026-07-21T01:58:06Z,test,2,false,
marisa901225-cmyk/personal-portfolio,post,99ea9842efa24b82a9f39704f135f0cca59fae2b,2026-07-21T02:08:57Z,other,1,false,
marisa901225-cmyk/personal-portfolio,post,99ea9842efa24b82a9f39704f135f0cca59fae2b,2026-07-21T02:08:57Z,production,1,false,
marisa901225-cmyk/personal-portfolio,post,d93a84534723d9fcc27f1572bc058e0726377658,2026-07-23T00:52:11Z,other,3,false,
marisa901225-cmyk/personal-portfolio,post,d93a84534723d9fcc27f1572bc058e0726377658,2026-07-23T00:52:11Z,production,4,false,
marisa901225-cmyk/personal-portfolio,post,d93a84534723d9fcc27f1572bc058e0726377658,2026-07-23T00:52:11Z,test,2,false,
marisa901225-cmyk/personal-portfolio,post,9215e021f6d7bbb71344185e196ff604cf7ec1a1,2026-07-23T01:04:46Z,other,3,false,
marisa901225-cmyk/personal-portfolio,post,9215e021f6d7bbb71344185e196ff604cf7ec1a1,2026-07-23T01:04:46Z,production,3,false,
marisa901225-cmyk/personal-portfolio,post,9215e021f6d7bbb71344185e196ff604cf7ec1a1,2026-07-23T01:04:46Z,test,2,false,
marisa901225-cmyk/personal-portfolio,post,7c3425b884f430625f2136e3ea1a02e2add6000f,2026-07-23T01:09:10Z,other,3,false,
marisa901225-cmyk/personal-portfolio,post,7c3425b884f430625f2136e3ea1a02e2add6000f,2026-07-23T01:09:10Z,production,4,false,
marisa901225-cmyk/personal-portfolio,post,7c3425b884f430625f2136e3ea1a02e2add6000f,2026-07-23T01:09:10Z,test,2,false,
perrymanuk/radbot,pre,5c2b2efd1e2a6af4719f2aa3ec6c15314b744f5d,2026-02-08T21:07:56Z,other,22,false,
perrymanuk/radbot,pre,5c2b2efd1e2a6af4719f2aa3ec6c15314b744f5d,2026-02-08T21:07:56Z,production,57,false,
perrymanuk/radbot,pre,744a9ed0ca7ab75ad2ed2e92e685e0c1bf4ad703,2026-02-08T22:12:12Z,other,6,false,
perrymanuk/radbot,pre,744a9ed0ca7ab75ad2ed2e92e685e0c1bf4ad703,2026-02-08T22:12:12Z,production,16,false,
perrymanuk/radbot,pre,5366d19a945f9cdecdc403b644f8e40ac0e58dab,2026-02-09T00:33:42Z,other,1,false,
perrymanuk/radbot,pre,5366d19a945f9cdecdc403b644f8e40ac0e58dab,2026-02-09T00:33:42Z,production,6,false,
perrymanuk/radbot,pre,3f051c56d5211f68659d5553b7c40f0ca7228138,2026-02-09T00:59:42Z,other,1,false,
perrymanuk/radbot,pre,3f051c56d5211f68659d5553b7c40f0ca7228138,2026-02-09T00:59:42Z,production,6,false,
perrymanuk/radbot,pre,c570bcdb131e251c3b924535c96f58bb4a1df99b,2026-02-09T10:26:46Z,other,51,false,
perrymanuk/radbot,pre,c570bcdb131e251c3b924535c96f58bb4a1df99b,2026-02-09T10:26:46Z,production,3,false,
perrymanuk/radbot,pre,651cace3d960dd3bd067ac3a496309df93bc84ac,2026-02-09T10:44:43Z,production,3,false,
perrymanuk/radbot,pre,70cf52c426c8bfcacca7460a7064f4ee9e18f865,2026-02-09T12:36:47Z,other,17,false,
perrymanuk/radbot,pre,71dbb3f390ada0c339f48e5fc416cb873e915a94,2026-02-09T12:38:42Z,other,2,false,
perrymanuk/radbot,pre,0cca197ddf36c5f586d35306337f44195628be9b,2026-02-09T12:42:50Z,other,1,false,
perrymanuk/radbot,pre,0c8bc03badcc4f8e200d4b45a95fb02b51d58e6e,2026-02-09T13:08:37Z,production,1,false,
perrymanuk/radbot,pre,fe185b5db40a7ea48392848107025458ddf5bca0,2026-02-09T13:58:02Z,production,8,false,
perrymanuk/radbot,pre,260f0e46e703cc353588472b2e20d073e654da92,2026-02-09T14:03:02Z,other,1,false,
perrymanuk/radbot,pre,8da2ebb9ce898eb54276971d4ef303eb06a06fcd,2026-02-09T15:25:32Z,other,42,false,
perrymanuk/radbot,pre,8da2ebb9ce898eb54276971d4ef303eb06a06fcd,2026-02-09T15:25:32Z,production,30,false,
perrymanuk/radbot,pre,8da2ebb9ce898eb54276971d4ef303eb06a06fcd,2026-02-09T15:25:32Z,test,4,false,
perrymanuk/radbot,pre,0e8026533607daa538c61841891444ad1b9cab12,2026-02-09T15:31:39Z,other,2,false,
perrymanuk/radbot,pre,0e8026533607daa538c61841891444ad1b9cab12,2026-02-09T15:31:39Z,production,1,false,
perrymanuk/radbot,pre,cbc82680238bfc2d4f0afa8e50d0a942e87267c9,2026-02-09T15:58:46Z,other,1,false,
perrymanuk/radbot,pre,3370b1da288b764cb4ffa0653fd6e5b599d500e3,2026-02-09T16:05:16Z,other,1,false,
perrymanuk/radbot,pre,8a22e63cbb28d8876b05d4673c261d59a4559776,2026-02-09T16:12:14Z,other,3,false,
perrymanuk/radbot,pre,6dc22f32861bd607731b5c6011b82f9c9de588b9,2026-02-09T16:14:13Z,other,1,false,
perrymanuk/radbot,pre,b12e17bd2b1f4f1324714b40c028e1a5898db927,2026-02-09T16:30:18Z,other,2,false,
perrymanuk/radbot,pre,b12e17bd2b1f4f1324714b40c028e1a5898db927,2026-02-09T16:30:18Z,production,1,false,
perrymanuk/radbot,pre,0f2d1c22df6bdf09d126b95858b49927e6465a98,2026-02-09T16:37:13Z,other,1,false,
perrymanuk/radbot,pre,728fa2ca13e96f0b8da0d5291c2ec881186c6aed,2026-02-09T17:30:46Z,other,1,false,
perrymanuk/radbot,pre,ff943f8678b1b01e125ad59ab05d37803c00dc96,2026-02-09T19:48:56Z,other,4,false,
perrymanuk/radbot,pre,ff943f8678b1b01e125ad59ab05d37803c00dc96,2026-02-09T19:48:56Z,production,6,false,
perrymanuk/radbot,pre,0d781bbc1cf04d7ebee19c97f011bb51c4183742,2026-02-09T20:02:26Z,other,2,false,
perrymanuk/radbot,pre,0d781bbc1cf04d7ebee19c97f011bb51c4183742,2026-02-09T20:02:26Z,production,1,false,
perrymanuk/radbot,pre,049dc20173c315bfc3e6b1374a766d15815b62df,2026-02-09T20:38:09Z,other,1,false,
perrymanuk/radbot,pre,049dc20173c315bfc3e6b1374a766d15815b62df,2026-02-09T20:38:09Z,production,4,false,
perrymanuk/radbot,pre,87bacc0cd31a0e08c0dcd70f3c1c60ac4ec9ea91,2026-02-09T20:44:44Z,other,1,false,
perrymanuk/radbot,pre,e82d544078782f8ead3d71f73356d50f41208a52,2026-02-09T21:18:16Z,other,2,false,
perrymanuk/radbot,pre,e82d544078782f8ead3d71f73356d50f41208a52,2026-02-09T21:18:16Z,production,6,false,
perrymanuk/radbot,pre,aa53dbc9878b11d3a76b37e26cfb0f885b50e794,2026-02-09T21:47:37Z,other,1,false,
perrymanuk/radbot,pre,0f46ee7cc714ad9bf7f33d60351b2bd7ddde8987,2026-02-09T22:16:08Z,other,64,false,
perrymanuk/radbot,pre,0f46ee7cc714ad9bf7f33d60351b2bd7ddde8987,2026-02-09T22:16:08Z,production,36,false,
perrymanuk/radbot,pre,0f46ee7cc714ad9bf7f33d60351b2bd7ddde8987,2026-02-09T22:16:08Z,test,24,false,
perrymanuk/radbot,pre,500d844cc7f81d815248e13de471fc431a8dfb43,2026-02-09T22:33:16Z,production,5,false,
perrymanuk/radbot,pre,cadc2881b3a5424c3868305ed091c418224588e0,2026-02-09T22:37:49Z,other,1,false,
perrymanuk/radbot,pre,cadc2881b3a5424c3868305ed091c418224588e0,2026-02-09T22:37:49Z,production,11,false,
perrymanuk/radbot,pre,cadc2881b3a5424c3868305ed091c418224588e0,2026-02-09T22:37:49Z,test,2,false,
perrymanuk/radbot,pre,f60275930d75f47977d4c97b614698e31f11b2e0,2026-02-09T22:40:58Z,production,1,false,
perrymanuk/radbot,pre,ab347df8ebc3ebdad3f74d5543da8e1f805a8fd0,2026-02-09T22:55:30Z,other,1,false,
perrymanuk/radbot,pre,32cd2af2869b26afe1fa0e64fb2ef21ade05353f,2026-02-09T23:15:19Z,other,2,false,
perrymanuk/radbot,pre,f3606e150b003d0c5cd9c045a9275153631cec3c,2026-02-09T23:16:25Z,other,2,false,
perrymanuk/radbot,pre,f3606e150b003d0c5cd9c045a9275153631cec3c,2026-02-09T23:16:25Z,production,8,false,
perrymanuk/radbot,pre,f3606e150b003d0c5cd9c045a9275153631cec3c,2026-02-09T23:16:25Z,test,4,false,
perrymanuk/radbot,pre,d3daa70c6ccafca5b5a6762ccb59df70f0d530c8,2026-02-09T23:27:34Z,production,2,false,
perrymanuk/radbot,pre,bdf66f194a7e55c78e090bbaec25c25b9579462a,2026-02-10T09:52:23Z,other,4,false,
perrymanuk/radbot,pre,bdf66f194a7e55c78e090bbaec25c25b9579462a,2026-02-10T09:52:23Z,production,6,false,
perrymanuk/radbot,pre,bec0c23691ffc4fba7ba32d4c69c5940d75a2f6b,2026-02-10T10:33:59Z,other,4,false,
perrymanuk/radbot,pre,bec0c23691ffc4fba7ba32d4c69c5940d75a2f6b,2026-02-10T10:33:59Z,production,3,false,
perrymanuk/radbot,pre,17b106d4271f0e0d72a9729ef692581dda7cfcf9,2026-02-10T11:06:26Z,production,1,false,
perrymanuk/radbot,pre,df1d596314e98824fcdbf5a2c8eb00db45511ad1,2026-02-10T11:30:24Z,other,1,false,
perrymanuk/radbot,pre,49c8c73f249ac09f38d97cb5a8015881f0c45cb7,2026-02-10T13:17:13Z,other,1,false,
perrymanuk/radbot,pre,49c8c73f249ac09f38d97cb5a8015881f0c45cb7,2026-02-10T13:17:13Z,production,1,false,
perrymanuk/radbot,pre,71b0c2e881dcf39c9d2faf261415aa84fb0e8170,2026-02-10T16:13:56Z,other,1,false,
perrymanuk/radbot,pre,6334ececdd487c86c37cb9bbf471de8e53fa57d9,2026-02-10T19:40:50Z,other,7,false,
perrymanuk/radbot,pre,6334ececdd487c86c37cb9bbf471de8e53fa57d9,2026-02-10T19:40:50Z,production,7,false,
perrymanuk/radbot,pre,6334ececdd487c86c37cb9bbf471de8e53fa57d9,2026-02-10T19:40:50Z,test,2,false,
perrymanuk/radbot,pre,33a589f0bdf751990ce303d10f9ea17a658c484c,2026-02-10T20:15:05Z,other,7,false,
perrymanuk/radbot,pre,33a589f0bdf751990ce303d10f9ea17a658c484c,2026-02-10T20:15:05Z,production,20,false,
perrymanuk/radbot,pre,ec02339e9e0ef66da3a44f04021bc31a3298403d,2026-02-10T20:27:25Z,production,9,false,
perrymanuk/radbot,pre,e711a1e81bf05b7c41aabe7fdcef2041a1cd34d4,2026-02-10T21:35:46Z,other,6,false,
perrymanuk/radbot,pre,2575f9600344bcfc7b843c4ca6515caceabc26f2,2026-02-11T10:13:56Z,production,2,false,
perrymanuk/radbot,pre,4897391da1a243d9464a53cd4182d11b01f37531,2026-02-11T10:21:02Z,other,11,false,
perrymanuk/radbot,pre,4897391da1a243d9464a53cd4182d11b01f37531,2026-02-11T10:21:02Z,production,189,false,
perrymanuk/radbot,pre,4897391da1a243d9464a53cd4182d11b01f37531,2026-02-11T10:21:02Z,test,20,false,
perrymanuk/radbot,pre,7c50603794d60a463f3882c3a11a65651e0172ca,2026-02-11T13:49:39Z,other,4,false,
perrymanuk/radbot,pre,a4b0b5426a7a17c5f82041651250584fa26967e0,2026-02-15T18:10:16Z,other,1,false,
perrymanuk/radbot,pre,a4b0b5426a7a17c5f82041651250584fa26967e0,2026-02-15T18:10:16Z,production,6,false,
perrymanuk/radbot,pre,a4b0b5426a7a17c5f82041651250584fa26967e0,2026-02-15T18:10:16Z,test,2,false,
perrymanuk/radbot,pre,b322d2f181318335da332a55140eae262d20bf63,2026-02-17T01:41:59Z,other,1,false,
perrymanuk/radbot,pre,52c40aff1fe480999ba40f2d6da47bc6b2acf061,2026-02-17T01:58:52Z,other,1,false,
perrymanuk/radbot,pre,52c40aff1fe480999ba40f2d6da47bc6b2acf061,2026-02-17T01:58:52Z,production,1,false,
perrymanuk/radbot,pre,357790e6f714e8c50ae813d1aaed19fd8bcbb511,2026-02-17T02:07:39Z,other,1,false,
perrymanuk/radbot,pre,357790e6f714e8c50ae813d1aaed19fd8bcbb511,2026-02-17T02:07:39Z,production,3,false,
perrymanuk/radbot,pre,436e4e803d185ec80f4adb102108d8330d42c3ba,2026-02-19T18:15:50Z,other,10,false,
perrymanuk/radbot,pre,436e4e803d185ec80f4adb102108d8330d42c3ba,2026-02-19T18:15:50Z,production,5,false,
perrymanuk/radbot,pre,436e4e803d185ec80f4adb102108d8330d42c3ba,2026-02-19T18:15:50Z,test,2,false,
perrymanuk/radbot,pre,993ca9d62a5487af798ea8bf6f578df1d3be400a,2026-02-19T21:28:32Z,other,1,false,
perrymanuk/radbot,pre,993ca9d62a5487af798ea8bf6f578df1d3be400a,2026-02-19T21:28:32Z,production,21,false,
perrymanuk/radbot,pre,03ce7f205bcf92dd871ef06389912c1105d6ca24,2026-02-20T23:52:23Z,other,2,false,
perrymanuk/radbot,pre,03ce7f205bcf92dd871ef06389912c1105d6ca24,2026-02-20T23:52:23Z,production,2,false,
perrymanuk/radbot,pre,1df5fd04be912252ae9f7171ba3afb6b2e205a42,2026-02-21T00:04:37Z,other,2,false,
perrymanuk/radbot,pre,1df5fd04be912252ae9f7171ba3afb6b2e205a42,2026-02-21T00:04:37Z,production,2,false,
perrymanuk/radbot,pre,bf641bf72f3050b8a63b827b0abd55d18ca079c3,2026-02-21T00:09:40Z,production,1,false,
perrymanuk/radbot,pre,ea76656d6d56abdf3a2797fdc2940e0ec6b98dad,2026-02-21T00:23:23Z,other,1,false,
perrymanuk/radbot,pre,ea76656d6d56abdf3a2797fdc2940e0ec6b98dad,2026-02-21T00:23:23Z,production,1,false,
perrymanuk/radbot,pre,b20cb5128304daf1f65e585d58cd235ae9ac0b88,2026-02-21T00:34:17Z,other,3,false,
perrymanuk/radbot,pre,b20cb5128304daf1f65e585d58cd235ae9ac0b88,2026-02-21T00:34:17Z,production,3,false,
perrymanuk/radbot,pre,950375f07fa1825d8447aaaec608a816db2b64e2,2026-02-21T00:45:50Z,other,4,false,
perrymanuk/radbot,pre,950375f07fa1825d8447aaaec608a816db2b64e2,2026-02-21T00:45:50Z,test,25,false,
perrymanuk/radbot,pre,d1ba6c087e59504726c14eafdf28dec22577a4e7,2026-02-21T00:53:09Z,other,2,false,
perrymanuk/radbot,pre,d1ba6c087e59504726c14eafdf28dec22577a4e7,2026-02-21T00:53:09Z,production,1,false,
perrymanuk/radbot,pre,205262c9409100ba7752597c7563fbcbdecfbe14,2026-02-21T01:44:28Z,other,2,false,
perrymanuk/radbot,pre,205262c9409100ba7752597c7563fbcbdecfbe14,2026-02-21T01:44:28Z,production,1,false,
perrymanuk/radbot,pre,205262c9409100ba7752597c7563fbcbdecfbe14,2026-02-21T01:44:28Z,test,1,false,
perrymanuk/radbot,pre,b1e6f1acdae6c6713209a03acf7da11d8efb7f36,2026-02-21T12:23:04Z,other,2,false,
perrymanuk/radbot,pre,b1e6f1acdae6c6713209a03acf7da11d8efb7f36,2026-02-21T12:23:04Z,production,1,false,
perrymanuk/radbot,pre,b1e6f1acdae6c6713209a03acf7da11d8efb7f36,2026-02-21T12:23:04Z,test,4,false,
perrymanuk/radbot,pre,4b5b63e2d66d826df7ee33173fe83170992940ab,2026-02-21T12:50:02Z,other,3,false,
perrymanuk/radbot,pre,4b5b63e2d66d826df7ee33173fe83170992940ab,2026-02-21T12:50:02Z,production,1,false,
perrymanuk/radbot,pre,4b5b63e2d66d826df7ee33173fe83170992940ab,2026-02-21T12:50:02Z,test,1,false,
perrymanuk/radbot,pre,7eed18e3f4382707a16be6ed10845ff4458152c9,2026-02-21T13:01:54Z,other,2,false,
perrymanuk/radbot,pre,7eed18e3f4382707a16be6ed10845ff4458152c9,2026-02-21T13:01:54Z,production,22,false,
perrymanuk/radbot,pre,644c049719a4d8f536f7ca3af21e052ff17c4c4c,2026-02-21T15:59:01Z,other,1,false,
perrymanuk/radbot,pre,644c049719a4d8f536f7ca3af21e052ff17c4c4c,2026-02-21T15:59:01Z,test,2,false,
perrymanuk/radbot,pre,3514705bf10578b0354badf60d82c020cade64d8,2026-02-21T17:08:33Z,production,3,false,
perrymanuk/radbot,pre,98555942baf2704fa86e459010e1d1d8c9b43994,2026-02-21T19:23:28Z,other,1,false,
perrymanuk/radbot,pre,98555942baf2704fa86e459010e1d1d8c9b43994,2026-02-21T19:23:28Z,production,1,false,
perrymanuk/radbot,pre,e1b4d7842bde4b9936915d3ed5e7e0c2c1f2c567,2026-02-21T19:41:40Z,production,3,false,
perrymanuk/radbot,pre,444b40fabd2554f56236819dc2385fc42f95be75,2026-02-21T19:46:23Z,other,1,false,
perrymanuk/radbot,pre,9e7b8f251248116c3a2504b39f5b0adbd795f7a3,2026-02-23T02:35:10Z,production,3,false,
perrymanuk/radbot,pre,1d597effb0b73178b2369b69b9f9c8b08151bb96,2026-03-20T22:59:26Z,other,1,false,
perrymanuk/radbot,pre,1d597effb0b73178b2369b69b9f9c8b08151bb96,2026-03-20T22:59:26Z,production,6,false,
perrymanuk/radbot,pre,407ceb5c00f0679482554975e70357f6354f7d28,2026-03-20T22:59:26Z,other,12,false,
perrymanuk/radbot,pre,407ceb5c00f0679482554975e70357f6354f7d28,2026-03-20T22:59:26Z,production,2,false,
perrymanuk/radbot,pre,813e0802598c84d362b1ff509318890226f58623,2026-03-20T22:59:26Z,other,2,false,
perrymanuk/radbot,pre,b5c3e5de334a33859923e134be2ee61249c9294f,2026-03-20T22:59:26Z,other,13,false,
perrymanuk/radbot,pre,b5c3e5de334a33859923e134be2ee61249c9294f,2026-03-20T22:59:26Z,production,11,false,
perrymanuk/radbot,pre,b5c3e5de334a33859923e134be2ee61249c9294f,2026-03-20T22:59:26Z,test,3,false,
perrymanuk/radbot,pre,e2d85b91aa705014b215d7738a99024900e5b605,2026-03-20T22:59:26Z,other,1,false,
perrymanuk/radbot,pre,2be1f01b763c7052011ecca059ac5dcca25529b8,2026-03-21T00:15:14Z,other,4,false,
perrymanuk/radbot,pre,2be1f01b763c7052011ecca059ac5dcca25529b8,2026-03-21T00:15:14Z,production,5,false,
perrymanuk/radbot,pre,b6e3eb182a75e68387fbf77d6cdc9ea2415101d6,2026-03-21T12:35:52Z,other,9,false,
perrymanuk/radbot,pre,b6e3eb182a75e68387fbf77d6cdc9ea2415101d6,2026-03-21T12:35:52Z,production,17,false,
perrymanuk/radbot,pre,3af6ee46e7108c4f8ca97ad878a95a958fa8798a,2026-03-21T12:39:04Z,other,3,false,
perrymanuk/radbot,pre,295607d13b829719c319f43ba1e62906015656df,2026-03-21T12:45:15Z,other,2,false,
perrymanuk/radbot,pre,295607d13b829719c319f43ba1e62906015656df,2026-03-21T12:45:15Z,production,1,false,
perrymanuk/radbot,pre,830828d60f984b5abf9036ebfd3c092b79693e11,2026-03-21T14:56:15Z,other,1,false,
perrymanuk/radbot,pre,830828d60f984b5abf9036ebfd3c092b79693e11,2026-03-21T14:56:15Z,test,26,false,
perrymanuk/radbot,post,54f5e95fbf6464c5563f36e7cd0f355ff4298d42,2026-03-21T16:47:50Z,production,4,false,
perrymanuk/radbot,post,54f5e95fbf6464c5563f36e7cd0f355ff4298d42,2026-03-21T16:47:50Z,test,11,false,
perrymanuk/radbot,post,d0b313b87d8720816a406fba67e9bad8667c56fa,2026-03-21T17:07:24Z,other,1,false,
perrymanuk/radbot,post,d0b313b87d8720816a406fba67e9bad8667c56fa,2026-03-21T17:07:24Z,skill,1,false,
perrymanuk/radbot,post,c4fbde2886ef64ca04fccd3f61567bad3e55bebc,2026-03-21T22:13:27Z,other,1,false,
perrymanuk/radbot,post,c4fbde2886ef64ca04fccd3f61567bad3e55bebc,2026-03-21T22:13:27Z,production,9,false,
perrymanuk/radbot,post,c4fbde2886ef64ca04fccd3f61567bad3e55bebc,2026-03-21T22:13:27Z,test,6,false,
perrymanuk/radbot,post,bee22d806425a79e3f0cc9eefde0dc486f759d84,2026-03-21T22:24:35Z,other,2,false,
perrymanuk/radbot,post,bee22d806425a79e3f0cc9eefde0dc486f759d84,2026-03-21T22:24:35Z,skill,1,false,
perrymanuk/radbot,post,79eecf1d68035526a33c6436411b87aa27e77262,2026-03-21T22:40:03Z,other,2,false,
perrymanuk/radbot,post,79eecf1d68035526a33c6436411b87aa27e77262,2026-03-21T22:40:03Z,production,1,false,
perrymanuk/radbot,post,6909be2bc03893ea66ce23c77a06728f14565c07,2026-03-22T00:16:37Z,other,19,false,
perrymanuk/radbot,post,6909be2bc03893ea66ce23c77a06728f14565c07,2026-03-22T00:16:37Z,skill,1,false,
perrymanuk/radbot,post,536a4e379133c587327e6d1be24e49c93331372b,2026-03-22T00:17:01Z,other,7,false,
perrymanuk/radbot,post,536a4e379133c587327e6d1be24e49c93331372b,2026-03-22T00:17:01Z,production,7,false,
perrymanuk/radbot,post,536a4e379133c587327e6d1be24e49c93331372b,2026-03-22T00:17:01Z,skill,1,false,
perrymanuk/radbot,post,bb6d39f30b9e0ad49ff80761e46e8be07d861fe3,2026-03-22T00:32:12Z,other,1,false,
perrymanuk/radbot,post,bb6d39f30b9e0ad49ff80761e46e8be07d861fe3,2026-03-22T00:32:12Z,skill,1,false,
perrymanuk/radbot,post,c9fc84ba621f5efdfde7ea5bbabe679a7aec5ffa,2026-03-22T00:35:54Z,other,1,false,
perrymanuk/radbot,post,74d76b33ca940b301f9a575cbfba0cc9361b1c1f,2026-03-22T01:09:33Z,other,8,false,
perrymanuk/radbot,post,74d76b33ca940b301f9a575cbfba0cc9361b1c1f,2026-03-22T01:09:33Z,production,3,false,
perrymanuk/radbot,post,ead30fcf7d7fc2986362adb437056674ab94588e,2026-03-22T01:13:12Z,other,1,false,
perrymanuk/radbot,post,be8e1ab6888f08da06f634b20b4788307cba7f76,2026-03-22T01:21:03Z,other,6,false,
perrymanuk/radbot,post,be8e1ab6888f08da06f634b20b4788307cba7f76,2026-03-22T01:21:03Z,production,2,false,
perrymanuk/radbot,post,c6f1130c78a640ce423c6a78f1782ebfe27373ea,2026-03-22T01:26:45Z,other,2,false,
perrymanuk/radbot,post,c6f1130c78a640ce423c6a78f1782ebfe27373ea,2026-03-22T01:26:45Z,production,3,false,
perrymanuk/radbot,post,ebbaeb025b1984fc90fc4d79f1c7f36703bdc728,2026-03-22T01:32:47Z,production,1,false,
perrymanuk/radbot,post,5464cb88da626a0c95e0f460c20f6a375220e167,2026-03-22T01:39:34Z,production,1,false,
perrymanuk/radbot,post,59df649a3d56a5f70ec762c5c263ef835909575d,2026-03-22T01:41:56Z,production,1,false,
perrymanuk/radbot,post,b1f14f9114e97ba3299c1afb55e26ac29378ce6d,2026-03-22T01:42:48Z,production,1,false,
perrymanuk/radbot,post,4eb3b3b93a97b30a6f4fec73d62d3ad9ec8e9652,2026-03-22T01:54:06Z,production,1,false,
perrymanuk/radbot,post,251195de695ad90c0230fed2741d944f08874556,2026-03-22T02:06:05Z,other,1,false,
perrymanuk/radbot,post,251195de695ad90c0230fed2741d944f08874556,2026-03-22T02:06:05Z,production,1,false,
perrymanuk/radbot,post,4d2cfdf8d75dc9153636e0d912e9c69bc01e7677,2026-03-22T02:17:48Z,production,1,false,
perrymanuk/radbot,post,661ff39d7ad659ae4fec0747611077cbd32c23c6,2026-03-22T12:23:43Z,other,4,false,
perrymanuk/radbot,post,661ff39d7ad659ae4fec0747611077cbd32c23c6,2026-03-22T12:23:43Z,production,1,false,
perrymanuk/radbot,post,5e9d41d5474e045fd1af5bd24444f1322e185548,2026-03-22T12:26:12Z,other,2,false,
perrymanuk/radbot,post,e8b5b4788b347d16334284cec725af28710a60e1,2026-03-22T12:35:22Z,production,1,false,
perrymanuk/radbot,post,324611fb06c13c5bacee5bae0d08672e44896c93,2026-03-22T12:37:20Z,production,1,false,
perrymanuk/radbot,post,1b3b29cc58951d1c276a087b20a9a31de94a3fb2,2026-03-22T13:02:19Z,production,1,false,
perrymanuk/radbot,post,044213492c5f29f045b96e4e5366b7c56c9ea9a5,2026-03-22T13:05:56Z,production,1,false,
perrymanuk/radbot,post,6e38f25133f0a664a0f870a34e7bd796db8159a5,2026-03-22T13:12:54Z,production,1,false,
perrymanuk/radbot,post,69a183e49f1b997e20c9fdf6cc5c013e65078341,2026-03-22T13:13:11Z,other,2,false,
perrymanuk/radbot,post,7548aa51218943d88900f4361130d258a3cb2044,2026-03-22T13:20:04Z,other,2,false,
perrymanuk/radbot,post,be55369cd2d4c0631f80f532e6e01aa066777cd4,2026-03-22T13:28:00Z,production,1,false,
perrymanuk/radbot,post,53eb1bf12cf0cdc581a827c037f89cae238d6efd,2026-03-22T13:41:03Z,other,3,false,
perrymanuk/radbot,post,53eb1bf12cf0cdc581a827c037f89cae238d6efd,2026-03-22T13:41:03Z,production,1,false,
perrymanuk/radbot,post,dd9919e05c6fb60c6ea78b9a5ce14c363c0b4cf9,2026-03-22T13:47:55Z,other,1,false,
perrymanuk/radbot,post,dd9919e05c6fb60c6ea78b9a5ce14c363c0b4cf9,2026-03-22T13:47:55Z,production,3,false,
perrymanuk/radbot,post,38fcff8f880f25ad41b99ce264f07e27e42c2268,2026-03-22T14:29:34Z,other,3,false,
perrymanuk/radbot,post,38fcff8f880f25ad41b99ce264f07e27e42c2268,2026-03-22T14:29:34Z,production,12,false,
perrymanuk/radbot,post,38fcff8f880f25ad41b99ce264f07e27e42c2268,2026-03-22T14:29:34Z,test,2,false,
perrymanuk/radbot,post,76b86b05d858e08c40ca9fc0b1d9dc029fad9a63,2026-03-22T14:31:50Z,production,2,false,
perrymanuk/radbot,post,76b86b05d858e08c40ca9fc0b1d9dc029fad9a63,2026-03-22T14:31:50Z,test,5,false,
perrymanuk/radbot,post,db51ead414e637d683a3b3a28a6cf65161171483,2026-03-22T14:33:39Z,other,5,false,
perrymanuk/radbot,post,62ece8b877d6ff87c483d9e182307771e5c10896,2026-03-22T14:36:49Z,other,3,false,
perrymanuk/radbot,post,b955a999d5359cb7ff526e4bf9c329e29ad4d4d6,2026-03-22T14:49:36Z,other,3,false,
perrymanuk/radbot,post,f988aca9c297b7ad04a28d56b8ae5fac6a7bba8f,2026-03-22T16:12:04Z,other,3,false,
perrymanuk/radbot,post,f988aca9c297b7ad04a28d56b8ae5fac6a7bba8f,2026-03-22T16:12:04Z,production,4,false,
perrymanuk/radbot,post,f988aca9c297b7ad04a28d56b8ae5fac6a7bba8f,2026-03-22T16:12:04Z,test,1,false,
perrymanuk/radbot,post,310709a7f30d9c3f7f78fd6877b8fdaa3c39e232,2026-03-22T16:26:05Z,other,1,false,
perrymanuk/radbot,post,310709a7f30d9c3f7f78fd6877b8fdaa3c39e232,2026-03-22T16:26:05Z,production,3,false,
perrymanuk/radbot,post,310709a7f30d9c3f7f78fd6877b8fdaa3c39e232,2026-03-22T16:26:05Z,test,4,false,
perrymanuk/radbot,post,471988015388ea06a5a423d9ab68195d238556cc,2026-03-22T17:09:10Z,other,4,false,
perrymanuk/radbot,post,471988015388ea06a5a423d9ab68195d238556cc,2026-03-22T17:09:10Z,production,7,false,
perrymanuk/radbot,post,471988015388ea06a5a423d9ab68195d238556cc,2026-03-22T17:09:10Z,test,1,false,
perrymanuk/radbot,post,30ffc382e987ac21b7bc00e38341d18510d6f280,2026-03-22T17:27:15Z,test,1,false,
perrymanuk/radbot,post,fa1445645f96fc233f049c8b46677d9f708401da,2026-03-22T17:34:56Z,production,3,false,
perrymanuk/radbot,post,fa1445645f96fc233f049c8b46677d9f708401da,2026-03-22T17:34:56Z,test,1,false,
perrymanuk/radbot,post,ec49f626ff385f4a9d436b5b3afc54f44780004d,2026-03-22T17:49:53Z,production,1,false,
perrymanuk/radbot,post,4fe61dc906fa70a3a54db18c3a072acb1b8f7c9c,2026-03-22T17:59:11Z,production,1,false,
perrymanuk/radbot,post,393c173e5ca9c402a9b3fdea9ae9da8b16a73be6,2026-03-22T18:08:24Z,other,4,false,
perrymanuk/radbot,post,393c173e5ca9c402a9b3fdea9ae9da8b16a73be6,2026-03-22T18:08:24Z,production,5,false,
perrymanuk/radbot,post,2e3efd3cd97118c7bf4f0c5bf811a984fe2a0b5a,2026-03-22T19:27:45Z,production,1,false,
perrymanuk/radbot,post,db2a2906776dada7c87e68a9d23574a1ff88529d,2026-03-22T19:28:21Z,other,1,false,
perrymanuk/radbot,post,db2a2906776dada7c87e68a9d23574a1ff88529d,2026-03-22T19:28:21Z,production,1,false,
perrymanuk/radbot,post,244ffb0e09aa77cd352127bc07e450ded588bfa2,2026-03-22T19:31:51Z,other,1,false,
perrymanuk/radbot,post,b9465edd6be777058315d34d76fcd9255584c09e,2026-03-22T19:46:09Z,production,1,false,
perrymanuk/radbot,post,3e93b633e49349d5a7f945f66f84575851b237fd,2026-03-22T19:47:25Z,production,1,false,
perrymanuk/radbot,post,08e59bfd41f2be14ff69b920ed755efdb80af8a7,2026-03-22T20:16:33Z,production,1,false,
perrymanuk/radbot,post,5252d0c5d69cfa54790d63c0c0eb6d8be1fc531b,2026-03-22T20:17:08Z,other,1,false,
perrymanuk/radbot,post,65a100d3144fb126cf4cbe7138b3aac51beca27a,2026-03-22T20:23:12Z,other,1,false,
perrymanuk/radbot,post,2811156ae71e71da6d85c888be14d4dddff48696,2026-03-22T20:25:31Z,production,1,false,
perrymanuk/radbot,post,ccfeeb3dbc1a689e9803dd3a710355dde012a40c,2026-03-22T20:26:42Z,production,1,false,
perrymanuk/radbot,post,ab13a23c0bda2558978d2fe4b5c91cb37106f66e,2026-03-22T20:38:05Z,other,1,false,
perrymanuk/radbot,post,2a6f3f769e2977af4898e2a1460980fa006c23b6,2026-03-22T23:03:19Z,production,1,false,
perrymanuk/radbot,post,7bb45833aad624f96064b59fe9eaa3a73af4ad3c,2026-03-22T23:34:21Z,other,3,false,
perrymanuk/radbot,post,7bb45833aad624f96064b59fe9eaa3a73af4ad3c,2026-03-22T23:34:21Z,production,5,false,
perrymanuk/radbot,post,7bb45833aad624f96064b59fe9eaa3a73af4ad3c,2026-03-22T23:34:21Z,test,5,false,
perrymanuk/radbot,post,12e490126181ba52317d092944f62d1ead7f437a,2026-03-23T00:07:58Z,production,1,false,
perrymanuk/radbot,post,12e490126181ba52317d092944f62d1ead7f437a,2026-03-23T00:07:58Z,test,2,false,
perrymanuk/radbot,post,13317c2814fc84727749ef269aa530663fd9c18b,2026-03-23T00:14:47Z,other,2,false,
perrymanuk/radbot,post,2694efa89aa19064a8c905a8b224a973065b08c5,2026-03-23T18:55:50Z,production,1,false,
perrymanuk/radbot,post,c20e8b2f589e62a32f46e5a2cbe7343a01742b38,2026-03-23T19:37:03Z,other,4,false,
perrymanuk/radbot,post,c1cbdd83ab6da94030211ac9b2970062ed047e4c,2026-03-23T19:39:38Z,other,1,false,
perrymanuk/radbot,post,d8c8a24eb8cfd43882986453a67e861dadd49b19,2026-03-23T20:37:24Z,other,11,false,
perrymanuk/radbot,post,d8c8a24eb8cfd43882986453a67e861dadd49b19,2026-03-23T20:37:24Z,production,55,false,
perrymanuk/radbot,post,d8c8a24eb8cfd43882986453a67e861dadd49b19,2026-03-23T20:37:24Z,test,57,false,
perrymanuk/radbot,post,485b83d683bb9ba87d0cb5f9493d6537048be653,2026-03-23T20:37:41Z,other,1,false,
perrymanuk/radbot,post,9181274bfe27a1e402e1fc88a56ebac9d109357d,2026-03-23T21:27:14Z,other,1,false,
perrymanuk/radbot,post,9181274bfe27a1e402e1fc88a56ebac9d109357d,2026-03-23T21:27:14Z,production,34,false,
perrymanuk/radbot,post,9181274bfe27a1e402e1fc88a56ebac9d109357d,2026-03-23T21:27:14Z,test,3,false,
perrymanuk/radbot,post,4f91330e4efc04aa7186b94459a8f0ab6b11528a,2026-03-23T21:27:45Z,other,7,false,
perrymanuk/radbot,post,ac895bd7c1f5e5db925f96ea75a148fc07d7e5df,2026-03-23T22:01:56Z,other,9,false,
perrymanuk/radbot,post,ac895bd7c1f5e5db925f96ea75a148fc07d7e5df,2026-03-23T22:01:56Z,production,2,false,
perrymanuk/radbot,post,6b5db24997ad341075ca43bdffbd421acf92d15a,2026-03-23T22:04:59Z,,0,true,merge_commit
perrymanuk/radbot,post,74e1e39e78e54f39c8a7ccf953a1a24f6db711b0,2026-04-11T09:23:44Z,other,11,false,
perrymanuk/radbot,post,74e1e39e78e54f39c8a7ccf953a1a24f6db711b0,2026-04-11T09:23:44Z,production,7,false,
perrymanuk/radbot,post,85a258e8f6073803e8a14183c9b36414d13f3a91,2026-04-11T09:23:44Z,other,6,false,
perrymanuk/radbot,post,85a258e8f6073803e8a14183c9b36414d13f3a91,2026-04-11T09:23:44Z,production,3,false,
perrymanuk/radbot,post,85a258e8f6073803e8a14183c9b36414d13f3a91,2026-04-11T09:23:44Z,test,2,false,
perrymanuk/radbot,post,7129c250a0165e7aef1f8791d26abed9fc04ff89,2026-04-11T10:39:00Z,other,1,false,
perrymanuk/radbot,post,7129c250a0165e7aef1f8791d26abed9fc04ff89,2026-04-11T10:39:00Z,production,6,false,
perrymanuk/radbot,post,232df255487fb50ce43d507df2e2a0c192b4d701,2026-04-11T10:58:01Z,production,1,false,
perrymanuk/radbot,post,19cb215f21d6bf58ae0cef5542a74c5b75dc88da,2026-04-11T11:05:11Z,production,1,false,
perrymanuk/radbot,post,a0ab9db6566c0f0300209b5224b8256a567216dc,2026-04-11T11:25:02Z,other,3,false,
perrymanuk/radbot,post,a0ab9db6566c0f0300209b5224b8256a567216dc,2026-04-11T11:25:02Z,production,9,false,
perrymanuk/radbot,post,bffa48f129b195c6ef67756cbd123e65e7380d1a,2026-04-11T11:40:00Z,other,1,false,
perrymanuk/radbot,post,bffa48f129b195c6ef67756cbd123e65e7380d1a,2026-04-11T11:40:00Z,production,3,false,
perrymanuk/radbot,post,e1ca8152f65de97a74ed174359dfe9e25a964d20,2026-04-11T11:46:45Z,other,1,false,
perrymanuk/radbot,post,e1ca8152f65de97a74ed174359dfe9e25a964d20,2026-04-11T11:46:45Z,production,1,false,
perrymanuk/radbot,post,bba4c3f6c440a3fa04142bd7a01186af690bd7a4,2026-04-11T11:51:09Z,production,1,false,
perrymanuk/radbot,post,4a645cdefc18976b9df95f38479d3305098f693f,2026-04-11T11:57:07Z,production,1,false,
perrymanuk/radbot,post,6699c67c1d6bc1ad28dbf1a00085ec7b20087853,2026-04-11T14:34:53Z,production,1,false,
perrymanuk/radbot,post,10c9d858eb430b01fa1c914f205a2d42d449fea7,2026-04-11T14:46:36Z,production,2,false,
perrymanuk/radbot,post,c165b00ebf4ba3086d81492e0d164c75794c808b,2026-04-11T15:05:12Z,other,1,false,
perrymanuk/radbot,post,9a4c78720c7b55655dfc5b736dcdd4db5c798f5d,2026-04-11T15:14:47Z,other,1,false,
perrymanuk/radbot,post,46cbe7f33e8bad204a87ff9d6f477a71e4eeb95a,2026-04-11T22:14:36Z,other,5,false,
perrymanuk/radbot,post,46cbe7f33e8bad204a87ff9d6f477a71e4eeb95a,2026-04-11T22:14:36Z,production,9,false,
perrymanuk/radbot,post,3387406a5f8f39499e63bed9fb5c96ef30361f41,2026-04-12T08:44:42Z,other,4,false,
perrymanuk/radbot,post,3387406a5f8f39499e63bed9fb5c96ef30361f41,2026-04-12T08:44:42Z,production,4,false,
perrymanuk/radbot,post,029e5e9962dd42a2cb61b1f2dd87a52f573ccd42,2026-04-12T11:01:18Z,other,2,false,
perrymanuk/radbot,post,029e5e9962dd42a2cb61b1f2dd87a52f573ccd42,2026-04-12T11:01:18Z,production,3,false,
perrymanuk/radbot,post,2a7917713bff60b4f700c7369d8657e3a5a8c0ee,2026-04-12T11:32:54Z,other,3,false,
perrymanuk/radbot,post,2a7917713bff60b4f700c7369d8657e3a5a8c0ee,2026-04-12T11:32:54Z,production,3,false,
perrymanuk/radbot,post,5051c456ba89de21631418d447955c76ba9bae04,2026-04-12T12:07:43Z,other,1,false,
perrymanuk/radbot,post,5051c456ba89de21631418d447955c76ba9bae04,2026-04-12T12:07:43Z,production,2,false,
perrymanuk/radbot,post,9ebfb9fed87200f79c1a9bcbd12abb4001022c38,2026-04-18T11:55:00Z,other,26,false,
perrymanuk/radbot,post,6a3c004dd7a74a4ff9432234493612758fa21bf8,2026-04-18T11:55:15Z,other,2,false,
perrymanuk/radbot,post,6a3c004dd7a74a4ff9432234493612758fa21bf8,2026-04-18T11:55:15Z,production,3,false,
perrymanuk/radbot,post,fc9301523bcd00feaaab0980836c27365871d44c,2026-04-18T11:55:32Z,other,2,false,
perrymanuk/radbot,post,fc9301523bcd00feaaab0980836c27365871d44c,2026-04-18T11:55:32Z,production,7,false,
perrymanuk/radbot,post,a0a9958219a2ef5f0ddd8fe7dbdccdb0d0aa6757,2026-04-18T11:56:00Z,other,12,false,
perrymanuk/radbot,post,a0a9958219a2ef5f0ddd8fe7dbdccdb0d0aa6757,2026-04-18T11:56:00Z,production,3,false,
perrymanuk/radbot,post,b4ae8be2bd5679e12fb7a7a568c1e66eee26a3bb,2026-04-18T11:57:00Z,,0,true,merge_commit
perrymanuk/radbot,post,7b38eb03f0c26f9b47fb8cda020ae26a02aed1c1,2026-04-18T12:15:55Z,other,10,false,
perrymanuk/radbot,post,b6fa691223ee05c6e95b2ce262554f4738ed04fe,2026-04-18T12:17:02Z,,0,true,merge_commit
perrymanuk/radbot,post,99d92bfcdd3bfbda1132cc255bcceb2398fb6d7f,2026-04-18T12:55:33Z,other,7,false,
perrymanuk/radbot,post,832b7b8c669c8490f8bb353e42b990013d81ba82,2026-04-18T12:56:09Z,,0,true,merge_commit
perrymanuk/radbot,post,784e3982fe66739beafbb42859d72a3803bd96c1,2026-04-18T13:38:50Z,other,1,false,
perrymanuk/radbot,post,784e3982fe66739beafbb42859d72a3803bd96c1,2026-04-18T13:38:50Z,production,3,false,
perrymanuk/radbot,post,228a05cf52a62b4305078a17760b3c97cbe0c23b,2026-04-18T13:39:42Z,,0,true,merge_commit
perrymanuk/radbot,post,a59aaf6da7edfcd8b1a7bcac6b009785e6d0d6c2,2026-04-18T14:24:56Z,other,9,false,
perrymanuk/radbot,post,a59aaf6da7edfcd8b1a7bcac6b009785e6d0d6c2,2026-04-18T14:24:56Z,production,5,false,
perrymanuk/radbot,post,5a35411856a72e82dbd54b15216db1bf643b1f2f,2026-04-18T14:25:03Z,other,7,false,
perrymanuk/radbot,post,5a35411856a72e82dbd54b15216db1bf643b1f2f,2026-04-18T14:25:03Z,production,11,false,
perrymanuk/radbot,post,5a35411856a72e82dbd54b15216db1bf643b1f2f,2026-04-18T14:25:03Z,test,1,false,
perrymanuk/radbot,post,ee037107e520faef890f3e1b37be812f0af5782f,2026-04-18T14:26:34Z,,0,true,merge_commit
perrymanuk/radbot,post,a963a9d241ca413839b6b873f02a787674e7212b,2026-04-18T14:28:28Z,,0,true,merge_commit
perrymanuk/radbot,post,4d9364c8a20f65328ec20474deabfc00e9b3809c,2026-04-18T14:29:46Z,other,6,false,
perrymanuk/radbot,post,4d9364c8a20f65328ec20474deabfc00e9b3809c,2026-04-18T14:29:46Z,production,5,false,
perrymanuk/radbot,post,4ce0a14604ba0d5d39bb853dfe7edc7ecf6caac6,2026-04-18T14:32:22Z,,0,true,merge_commit
perrymanuk/radbot,post,2ee62681ff4d405e05b5db3488b1dce8172d4d1b,2026-04-18T14:32:38Z,,0,true,merge_commit
perrymanuk/radbot,post,e7790eab79a86fdd826929f3cc2a1105e4b6a324,2026-04-18T14:40:36Z,other,1,false,
perrymanuk/radbot,post,e7790eab79a86fdd826929f3cc2a1105e4b6a324,2026-04-18T14:40:36Z,production,2,false,
perrymanuk/radbot,post,f0e84f29baa553bab1a5dbf01165ff8b379fe859,2026-04-18T14:48:20Z,,0,true,merge_commit
perrymanuk/radbot,post,858f0fe3afa63b67e09f8c38c8d32732cb2d1e7b,2026-04-18T15:03:10Z,other,1,false,
perrymanuk/radbot,post,016c14e4ccb611556a1a1bd109565d7fcdb9acc6,2026-04-18T15:04:12Z,other,2,false,
perrymanuk/radbot,post,016c14e4ccb611556a1a1bd109565d7fcdb9acc6,2026-04-18T15:04:12Z,production,8,false,
perrymanuk/radbot,post,857b012c606f73862826d80992997c3b81a610e5,2026-04-18T15:04:44Z,other,3,false,
perrymanuk/radbot,post,b363a2a9e926b8a142cef4e91600a2448e42931c,2026-04-18T15:05:47Z,production,2,false,
perrymanuk/radbot,post,963871bae27296a73707092b5a472ff9415c06c8,2026-04-18T15:08:29Z,other,4,false,
perrymanuk/radbot,post,963871bae27296a73707092b5a472ff9415c06c8,2026-04-18T15:08:29Z,production,3,false,
perrymanuk/radbot,post,3176b11e6a0f929f51575dba37d4e1d63d8d5c50,2026-04-18T15:09:33Z,,0,true,merge_commit
perrymanuk/radbot,post,c8d285f0e20f03204c1d6bd9fc1468150c25a937,2026-04-18T15:28:09Z,other,1,false,
perrymanuk/radbot,post,c8d285f0e20f03204c1d6bd9fc1468150c25a937,2026-04-18T15:28:09Z,production,2,false,
perrymanuk/radbot,post,e3e8267e3a17f5707708d7123e4cb90fbe76dd02,2026-04-18T15:28:40Z,,0,true,merge_commit
perrymanuk/radbot,post,f9a7ef5555c35190467a8428cc93473e92774738,2026-04-18T15:37:49Z,other,1,false,
perrymanuk/radbot,post,1ddf7f0fae7159257752af98f073e77f12766de8,2026-04-18T15:38:17Z,,0,true,merge_commit
perrymanuk/radbot,post,5564af246150e12bd256566224819ab6589553d4,2026-04-18T15:45:15Z,production,1,false,
perrymanuk/radbot,post,ab866c08d98abc37b9e4d3c5c974b56256a9fc3e,2026-04-18T15:45:44Z,,0,true,merge_commit
perrymanuk/radbot,post,6bb47bdf133596d085dfc50deeb18b9a9cd9f4ce,2026-04-18T15:53:52Z,other,1,false,
perrymanuk/radbot,post,6bb47bdf133596d085dfc50deeb18b9a9cd9f4ce,2026-04-18T15:53:52Z,production,3,false,
perrymanuk/radbot,post,1568161aacbefbbb39bad83bb76dd394b1f8e112,2026-04-18T15:54:22Z,,0,true,merge_commit
perrymanuk/radbot,post,90d02119f0b2b3117ef356bbbcdbc5686e8dcbd5,2026-04-18T16:01:19Z,other,1,false,
perrymanuk/radbot,post,90d02119f0b2b3117ef356bbbcdbc5686e8dcbd5,2026-04-18T16:01:19Z,production,2,false,
perrymanuk/radbot,post,a09e7e39721d3cc4c79ce19d0154f7ce0b04723c,2026-04-18T16:01:44Z,,0,true,merge_commit
perrymanuk/radbot,post,5a497589cc76f21cc57079f9db172fa23cf00c47,2026-04-18T16:09:14Z,production,2,false,
perrymanuk/radbot,post,f4ccd8406af6536c083acc6e9d868702e004681c,2026-04-18T16:09:46Z,,0,true,merge_commit
perrymanuk/radbot,post,ccfb6927e215eb9091b2153356eda27b94f23d19,2026-04-18T16:19:15Z,other,1,false,
perrymanuk/radbot,post,193f2299300e74a4ca5f09fa5b4b17a317ce9389,2026-04-18T16:19:46Z,,0,true,merge_commit
perrymanuk/radbot,post,c3bb13eaf42725a16e0fc4b2013f9aad53ac6a72,2026-04-18T16:29:54Z,other,1,false,
perrymanuk/radbot,post,2e20f20b3930dad89e66aa1273d824ba56ff9978,2026-04-18T16:30:22Z,,0,true,merge_commit
perrymanuk/radbot,post,e17f91ffc0e968b1112d02074d191445e63d89b9,2026-04-18T16:47:32Z,other,19,false,
perrymanuk/radbot,post,e17f91ffc0e968b1112d02074d191445e63d89b9,2026-04-18T16:47:32Z,production,32,false,
perrymanuk/radbot,post,e17f91ffc0e968b1112d02074d191445e63d89b9,2026-04-18T16:47:32Z,test,1,false,
perrymanuk/radbot,post,e81f2ea8afafeb111ff4f1721b069e858080d2e2,2026-04-18T16:48:12Z,,0,true,merge_commit
perrymanuk/radbot,post,26ec1b2b56fd9a2b34f428a2478dd95f87fef95e,2026-04-18T16:58:17Z,other,7,false,
perrymanuk/radbot,post,26ec1b2b56fd9a2b34f428a2478dd95f87fef95e,2026-04-18T16:58:17Z,production,11,false,
perrymanuk/radbot,post,26ec1b2b56fd9a2b34f428a2478dd95f87fef95e,2026-04-18T16:58:17Z,test,1,false,
perrymanuk/radbot,post,0c38287d9ad26d00b8529f0a7aa4b930c532b1f9,2026-04-18T17:00:54Z,,0,true,merge_commit
perrymanuk/radbot,post,aec0eec0551524e594ae109000ff5239f4757d13,2026-04-18T17:07:44Z,other,1,false,
perrymanuk/radbot,post,aec0eec0551524e594ae109000ff5239f4757d13,2026-04-18T17:07:44Z,production,2,false,
perrymanuk/radbot,post,efb014f952ab51594a0f3531187652b861a307ee,2026-04-18T17:12:44Z,,0,true,merge_commit
perrymanuk/radbot,post,9ee68066482737039ee79e0c720767c5223cff7f,2026-04-18T17:17:16Z,other,6,false,
perrymanuk/radbot,post,9ee68066482737039ee79e0c720767c5223cff7f,2026-04-18T17:17:16Z,production,5,false,
perrymanuk/radbot,post,61cbb3cd9d8e5a498ace0bfecbd5f4e610c3ef66,2026-04-18T17:17:31Z,other,1,false,
perrymanuk/radbot,post,9c5f7e4fe37dc6dd0af3db375ee6e7092deac7f9,2026-04-18T17:19:50Z,,0,true,merge_commit
perrymanuk/radbot,post,aa499004f86faf9c1a860d778f1842cd9e9c94af,2026-04-18T17:28:44Z,other,2,false,
perrymanuk/radbot,post,175c8a421205653e1af1325fb5e0c47dd7bc44e3,2026-04-18T17:57:26Z,,0,true,merge_commit
perrymanuk/radbot,post,fbe6245427a63509a8443cbf6c5c66fbb937cf3b,2026-04-18T18:03:15Z,other,9,false,
perrymanuk/radbot,post,fbe6245427a63509a8443cbf6c5c66fbb937cf3b,2026-04-18T18:03:15Z,production,5,false,
perrymanuk/radbot,post,b5b86b9aec092d933e02426d070040f73a2330fe,2026-04-18T18:05:52Z,,0,true,merge_commit
perrymanuk/radbot,post,1414bd8ef9d3f2824bc5f56d1adbe8280d568ea4,2026-04-18T19:45:33Z,other,4,false,
perrymanuk/radbot,post,1414bd8ef9d3f2824bc5f56d1adbe8280d568ea4,2026-04-18T19:45:33Z,production,2,false,
perrymanuk/radbot,post,004db5e639f853fb9204bbf5bafd5bb5d97e9fd4,2026-04-18T19:56:46Z,,0,true,merge_commit
perrymanuk/radbot,post,c9a835dc65b3653b7ab5ea0cdb5fe4beace6d4d8,2026-04-18T21:08:35Z,other,11,false,
perrymanuk/radbot,post,c9a835dc65b3653b7ab5ea0cdb5fe4beace6d4d8,2026-04-18T21:08:35Z,production,15,false,
perrymanuk/radbot,post,c9a835dc65b3653b7ab5ea0cdb5fe4beace6d4d8,2026-04-18T21:08:35Z,test,3,false,
perrymanuk/radbot,post,e606a9221348c0ee038e1af09f013b3e160b799c,2026-04-19T09:10:56Z,,0,true,merge_commit
perrymanuk/radbot,post,874609500ced6f96b8ea7963ad28d2e8fc6c1da3,2026-04-19T09:34:34Z,other,1,false,
perrymanuk/radbot,post,874609500ced6f96b8ea7963ad28d2e8fc6c1da3,2026-04-19T09:34:34Z,production,1,false,
perrymanuk/radbot,post,7428417fa92379f0d57a8f87d2d4085a8c9430d1,2026-04-19T09:43:33Z,other,3,false,
perrymanuk/radbot,post,7428417fa92379f0d57a8f87d2d4085a8c9430d1,2026-04-19T09:43:33Z,production,4,false,
perrymanuk/radbot,post,9a88f73b9a5a647357d2ea4c46ac0e2c7d1939cd,2026-04-19T09:47:27Z,,0,true,merge_commit
perrymanuk/radbot,post,4c07ab4ac53a54ef1cc0d6894e969b199c0255c2,2026-04-19T09:48:45Z,,0,true,merge_commit
perrymanuk/radbot,post,67d4db9a5b749ce0129bba2cc6b45f3055498a13,2026-04-19T10:16:00Z,other,21,false,
perrymanuk/radbot,post,67d4db9a5b749ce0129bba2cc6b45f3055498a13,2026-04-19T10:16:00Z,production,43,false,
perrymanuk/radbot,post,67d4db9a5b749ce0129bba2cc6b45f3055498a13,2026-04-19T10:16:00Z,test,1,false,
perrymanuk/radbot,post,812f12521d9b6b7a38a0c8ffa3a1e13ac016528f,2026-04-19T10:30:07Z,other,1,false,
perrymanuk/radbot,post,9d35c0888043081f0a14022b4e14c7f81775f7e7,2026-04-19T12:35:18Z,other,3,false,
perrymanuk/radbot,post,9d35c0888043081f0a14022b4e14c7f81775f7e7,2026-04-19T12:35:18Z,production,3,false,
perrymanuk/radbot,post,fb1ea4fe401ee86eed977612adf7c7d54232c69d,2026-04-19T15:51:22Z,other,32,false,
perrymanuk/radbot,post,fb1ea4fe401ee86eed977612adf7c7d54232c69d,2026-04-19T15:51:22Z,production,5,false,
perrymanuk/radbot,post,fb1ea4fe401ee86eed977612adf7c7d54232c69d,2026-04-19T15:51:22Z,skill,1,false,
perrymanuk/radbot,post,0deb80e31dfd5e6f3aa02ca30c528867a822d9c3,2026-04-19T15:56:58Z,other,1,false,
perrymanuk/radbot,post,37cf04d59862190ae301de5fc902f9a3508a6e95,2026-04-19T16:03:18Z,other,3,false,
perrymanuk/radbot,post,4f57a5961a72bd1fb396388177ca7784c93a30c9,2026-04-19T16:04:16Z,other,1,false,
perrymanuk/radbot,post,2da39ea3710608ff3d0d374089e7d27daa6a315a,2026-04-19T17:35:51Z,other,18,false,
perrymanuk/radbot,post,2da39ea3710608ff3d0d374089e7d27daa6a315a,2026-04-19T17:35:51Z,production,1,false,
perrymanuk/radbot,post,dc3a31442d2a49746a64bd27069fa505175a9a27,2026-04-19T17:40:59Z,production,1,false,
perrymanuk/radbot,post,efcb9341977f347807fbf49629a7c27cd8f97ffb,2026-04-19T17:50:35Z,other,6,false,
perrymanuk/radbot,post,1899a80c004b6a72c8a8f66a3a9a4d0bbdb0cd72,2026-04-19T18:00:00Z,other,10,false,
perrymanuk/radbot,post,1899a80c004b6a72c8a8f66a3a9a4d0bbdb0cd72,2026-04-19T18:00:00Z,production,9,false,
perrymanuk/radbot,post,1899a80c004b6a72c8a8f66a3a9a4d0bbdb0cd72,2026-04-19T18:00:00Z,test,2,false,
perrymanuk/radbot,post,31bf1e01ab41f5438e22097f167a54156af05c17,2026-04-19T18:59:36Z,other,22,false,
perrymanuk/radbot,post,df0557bc02d05891ef802599f86e61b83481ee31,2026-04-19T19:15:08Z,other,7,false,
perrymanuk/radbot,post,df0557bc02d05891ef802599f86e61b83481ee31,2026-04-19T19:15:08Z,production,1,false,
perrymanuk/radbot,post,cb10fc4ec29f48b68d89beed59dbb6e9eb9378b7,2026-04-19T19:23:38Z,other,1,false,
perrymanuk/radbot,post,bf65925e503d6b093513e5521510cd2da6db404d,2026-04-19T19:30:42Z,other,8,false,
perrymanuk/radbot,post,7052ca2aece19fc918a7087db82abb532bf8045b,2026-04-19T19:48:14Z,other,11,false,
perrymanuk/radbot,post,fa8400c7270d3ebc37f22be416642ae06292a3fa,2026-04-19T20:08:10Z,other,2,false,
perrymanuk/radbot,post,cc14ec94a252f9d1b8b5615769e563ea66c64aef,2026-04-19T20:14:00Z,other,1,false,
perrymanuk/radbot,post,cc14ec94a252f9d1b8b5615769e563ea66c64aef,2026-04-19T20:14:00Z,production,1,false,
perrymanuk/radbot,post,3353b8f5eca5cbb217b70b9e470ad0ce61cacb5c,2026-04-19T20:18:03Z,other,1,false,
perrymanuk/radbot,post,16f96a4944f95fff77b4bbbc5503ff803e741d1c,2026-04-19T22:23:23Z,other,10,false,
perrymanuk/radbot,post,16f96a4944f95fff77b4bbbc5503ff803e741d1c,2026-04-19T22:23:23Z,production,12,false,
perrymanuk/radbot,post,16f96a4944f95fff77b4bbbc5503ff803e741d1c,2026-04-19T22:23:23Z,test,1,false,
perrymanuk/radbot,post,7a7769d614885b61ae6fe231e67aa2067fd970b8,2026-04-19T22:37:03Z,production,2,false,
perrymanuk/radbot,post,7a7769d614885b61ae6fe231e67aa2067fd970b8,2026-04-19T22:37:03Z,test,1,false,
perrymanuk/radbot,post,9ad2786f6faaa99ce97f023d29b5f3911ea58b1f,2026-04-19T22:44:08Z,other,4,false,
perrymanuk/radbot,post,9ad2786f6faaa99ce97f023d29b5f3911ea58b1f,2026-04-19T22:44:08Z,production,5,false,
perrymanuk/radbot,post,491ff22355be2318954ae660ce0ce6f53c9ed3ea,2026-04-19T23:07:05Z,other,1,false,
perrymanuk/radbot,post,491ff22355be2318954ae660ce0ce6f53c9ed3ea,2026-04-19T23:07:05Z,production,1,false,
perrymanuk/radbot,post,3de9279128f5d19c91558d1127c1443d27261c1a,2026-04-19T23:21:27Z,other,4,false,
perrymanuk/radbot,post,3de9279128f5d19c91558d1127c1443d27261c1a,2026-04-19T23:21:27Z,production,3,false,
perrymanuk/radbot,post,0b0541b1639bdf5de9460d752e9a6cfdc15feb7d,2026-04-19T23:44:46Z,production,1,false,
perrymanuk/radbot,post,7ffe2b63ef019b9b308f3554c9e723ac2c1ed38d,2026-04-20T00:03:49Z,other,1,false,
perrymanuk/radbot,post,7ffe2b63ef019b9b308f3554c9e723ac2c1ed38d,2026-04-20T00:03:49Z,production,1,false,
perrymanuk/radbot,post,0608975e7fd9ccf196b3d5ff89c58624f5b2d6c4,2026-04-20T00:19:02Z,other,2,false,
perrymanuk/radbot,post,0608975e7fd9ccf196b3d5ff89c58624f5b2d6c4,2026-04-20T00:19:02Z,production,3,false,
perrymanuk/radbot,post,0608975e7fd9ccf196b3d5ff89c58624f5b2d6c4,2026-04-20T00:19:02Z,test,1,false,
perrymanuk/radbot,post,0f392d963e67cab0744af5625ddb7f5414891a16,2026-04-20T00:28:07Z,other,2,false,
perrymanuk/radbot,post,0f392d963e67cab0744af5625ddb7f5414891a16,2026-04-20T00:28:07Z,production,3,false,
perrymanuk/radbot,post,0f392d963e67cab0744af5625ddb7f5414891a16,2026-04-20T00:28:07Z,test,1,false,
perrymanuk/radbot,post,90e413bac408c07071b0e786f9e0aff88457454b,2026-04-20T00:43:58Z,other,3,false,
perrymanuk/radbot,post,90e413bac408c07071b0e786f9e0aff88457454b,2026-04-20T00:43:58Z,skill,1,false,
perrymanuk/radbot,post,384d7424326284b8adb49cb232941e9c5cb4c806,2026-04-20T00:46:33Z,other,1,false,
perrymanuk/radbot,post,384d7424326284b8adb49cb232941e9c5cb4c806,2026-04-20T00:46:33Z,production,6,false,
perrymanuk/radbot,post,384d7424326284b8adb49cb232941e9c5cb4c806,2026-04-20T00:46:33Z,test,3,false,
perrymanuk/radbot,post,dca3c9385c392d7c7495acac616c532da6edaf17,2026-04-20T01:11:30Z,other,1,false,
perrymanuk/radbot,post,9aafbc1f052f70b993c03dcdc2a092eb920bcf6c,2026-04-20T01:45:05Z,production,1,false,
perrymanuk/radbot,post,011af46c13d0f6776b6b3c3092fd7125c287c5a4,2026-04-20T07:58:13Z,other,3,false,
perrymanuk/radbot,post,011af46c13d0f6776b6b3c3092fd7125c287c5a4,2026-04-20T07:58:13Z,production,7,false,
perrymanuk/radbot,post,011af46c13d0f6776b6b3c3092fd7125c287c5a4,2026-04-20T07:58:13Z,test,1,false,
perrymanuk/radbot,post,9dc7de3fca8e9330addd8caf8117f2f6eabf91df,2026-04-20T08:00:35Z,other,2,false,
perrymanuk/radbot,post,809e795ad1a28ef3969d40542af58b0f2ba3115a,2026-04-20T08:39:58Z,other,3,false,
perrymanuk/radbot,post,809e795ad1a28ef3969d40542af58b0f2ba3115a,2026-04-20T08:39:58Z,production,3,false,
perrymanuk/radbot,post,809e795ad1a28ef3969d40542af58b0f2ba3115a,2026-04-20T08:39:58Z,test,2,false,
perrymanuk/radbot,post,e18f90b04931daf29fe7d9c7bf7e0166f6998016,2026-04-20T09:08:17Z,other,1,false,
perrymanuk/radbot,post,e18f90b04931daf29fe7d9c7bf7e0166f6998016,2026-04-20T09:08:17Z,production,2,false,
perrymanuk/radbot,post,10f8c30d14da39df228642d19207ece01ef5058a,2026-04-20T09:19:23Z,other,2,false,
perrymanuk/radbot,post,10f8c30d14da39df228642d19207ece01ef5058a,2026-04-20T09:19:23Z,production,4,false,
perrymanuk/radbot,post,27568b2f0f30ccff48d6c5132a236df41bfb6b5e,2026-04-20T10:49:31Z,other,2,false,
perrymanuk/radbot,post,27568b2f0f30ccff48d6c5132a236df41bfb6b5e,2026-04-20T10:49:31Z,production,148,false,
perrymanuk/radbot,post,27568b2f0f30ccff48d6c5132a236df41bfb6b5e,2026-04-20T10:49:31Z,test,56,false,
perrymanuk/radbot,post,b81afaac6c072215e9aef352192ec15738587d9f,2026-04-20T11:19:31Z,other,4,false,
perrymanuk/radbot,post,b81afaac6c072215e9aef352192ec15738587d9f,2026-04-20T11:19:31Z,production,2,false,
perrymanuk/radbot,post,82e2f9bda7c041f1d37bdeaa2a325ed312c108fd,2026-04-20T11:47:00Z,other,2,false,
perrymanuk/radbot,post,82e2f9bda7c041f1d37bdeaa2a325ed312c108fd,2026-04-20T11:47:00Z,production,1,false,
perrymanuk/radbot,post,9393a18dbd621c148a089eeeb732b3f7e3c71846,2026-04-20T13:40:39Z,other,3,false,
perrymanuk/radbot,post,9393a18dbd621c148a089eeeb732b3f7e3c71846,2026-04-20T13:40:39Z,test,6,false,
perrymanuk/radbot,post,0d1561fc91601b119c0a5e1952f4fda86fc06e98,2026-04-20T15:10:56Z,other,3,false,
perrymanuk/radbot,post,0d1561fc91601b119c0a5e1952f4fda86fc06e98,2026-04-20T15:10:56Z,production,1,false,
perrymanuk/radbot,post,0d1561fc91601b119c0a5e1952f4fda86fc06e98,2026-04-20T15:10:56Z,skill,2,false,
perrymanuk/radbot,post,1aca14fc143fd217aaaf105b57b6a085248a85a3,2026-04-20T18:32:52Z,other,2,false,
perrymanuk/radbot,post,1aca14fc143fd217aaaf105b57b6a085248a85a3,2026-04-20T18:32:52Z,production,2,false,
perrymanuk/radbot,post,1aca14fc143fd217aaaf105b57b6a085248a85a3,2026-04-20T18:32:52Z,skill,1,false,
perrymanuk/radbot,post,1aca14fc143fd217aaaf105b57b6a085248a85a3,2026-04-20T18:32:52Z,test,1,false,
perrymanuk/radbot,post,f7a2c5962cd1ce9c18c3e9deeffc871eceb7656d,2026-04-20T18:50:04Z,other,3,false,
perrymanuk/radbot,post,00be5428eb5c7d575c4aa53ef80173a77a3b835f,2026-04-20T18:55:57Z,other,3,false,
perrymanuk/radbot,post,0a1170934c303b76d699a2b95c8d317731b5993f,2026-04-20T19:06:37Z,other,1,false,
perrymanuk/radbot,post,6888a77f9debbe7f79640261679916811615b98f,2026-04-20T20:06:55Z,other,2,false,
perrymanuk/radbot,post,6888a77f9debbe7f79640261679916811615b98f,2026-04-20T20:06:55Z,production,2,false,
perrymanuk/radbot,post,6888a77f9debbe7f79640261679916811615b98f,2026-04-20T20:06:55Z,test,1,false,
perrymanuk/radbot,post,a4b690da368a532ecb021c5fb3f21dc5aadfc9b1,2026-04-20T21:14:48Z,other,4,false,
perrymanuk/radbot,post,a4b690da368a532ecb021c5fb3f21dc5aadfc9b1,2026-04-20T21:14:48Z,production,4,false,
perrymanuk/radbot,post,a4b690da368a532ecb021c5fb3f21dc5aadfc9b1,2026-04-20T21:14:48Z,test,1,false,
perrymanuk/radbot,post,73580a0375b57c5b428ce42c0afc73e5e8669c74,2026-04-20T21:51:53Z,other,19,false,
perrymanuk/radbot,post,73580a0375b57c5b428ce42c0afc73e5e8669c74,2026-04-20T21:51:53Z,production,2,false,
perrymanuk/radbot,post,73580a0375b57c5b428ce42c0afc73e5e8669c74,2026-04-20T21:51:53Z,skill,1,false,
perrymanuk/radbot,post,a30722a2ecb5f5a3ca6fed591373e487cd717fcb,2026-04-21T05:49:24Z,other,1,false,
perrymanuk/radbot,post,a30722a2ecb5f5a3ca6fed591373e487cd717fcb,2026-04-21T05:49:24Z,production,1,false,
perrymanuk/radbot,post,c5dfe6d64962798c6fb10f272983c5160ab5adc2,2026-04-21T06:07:42Z,other,4,false,
perrymanuk/radbot,post,c5dfe6d64962798c6fb10f272983c5160ab5adc2,2026-04-21T06:07:42Z,production,4,false,
perrymanuk/radbot,post,edeb93dc9bf90b9cdfd76ecc5c2375b691c7868b,2026-04-21T07:02:21Z,production,1,false,
perrymanuk/radbot,post,9633d2e84bb12bd2aab0f1cb4fdbd71b4b07a981,2026-04-21T10:06:09Z,other,1,false,
perrymanuk/radbot,post,cbe5cbcd4395b2199311e39d697696bbcaebe70e,2026-04-21T10:16:54Z,other,3,false,
perrymanuk/radbot,post,cbe5cbcd4395b2199311e39d697696bbcaebe70e,2026-04-21T10:16:54Z,production,1,false,
perrymanuk/radbot,post,cbe5cbcd4395b2199311e39d697696bbcaebe70e,2026-04-21T10:16:54Z,test,1,false,
perrymanuk/radbot,post,77b9adf900428cf13edbf3496175b0a1ba1a967a,2026-04-21T10:41:45Z,other,2,false,
perrymanuk/radbot,post,77b9adf900428cf13edbf3496175b0a1ba1a967a,2026-04-21T10:41:45Z,production,1,false,
perrymanuk/radbot,post,670345bb189e728cb6c0988ba40c73b5d50212e4,2026-04-21T19:49:31Z,production,2,false,
perrymanuk/radbot,post,433c7f7b9496909ca9ef1983a60f02ece13a2af1,2026-04-21T20:07:32Z,production,1,false,
perrymanuk/radbot,post,61e260b24b17fc7f9c6eb383523921852357d6cc,2026-04-21T21:03:13Z,other,1,false,
perrymanuk/radbot,post,61e260b24b17fc7f9c6eb383523921852357d6cc,2026-04-21T21:03:13Z,production,3,false,
perrymanuk/radbot,post,ce47b30e0ed24f684769180a8dd3f2813a7aaf1e,2026-04-21T21:09:29Z,other,1,false,
perrymanuk/radbot,post,ce47b30e0ed24f684769180a8dd3f2813a7aaf1e,2026-04-21T21:09:29Z,production,1,false,
perrymanuk/radbot,post,ce47b30e0ed24f684769180a8dd3f2813a7aaf1e,2026-04-21T21:09:29Z,test,1,false,
perrymanuk/radbot,post,3ed009decded8a30eb72cdb77b1ed577d3f72bc4,2026-04-22T05:31:36Z,other,4,false,
perrymanuk/radbot,post,3ed009decded8a30eb72cdb77b1ed577d3f72bc4,2026-04-22T05:31:36Z,production,2,false,
perrymanuk/radbot,post,f060e75037bc677fef2cdb021e32bc39985aad87,2026-04-22T07:50:17Z,other,1,false,
perrymanuk/radbot,post,905ca394c5b205b365370a1bb7f2682a886b8a48,2026-04-22T08:37:02Z,production,2,false,
perrymanuk/radbot,post,96f9d20dd8678cb955c01df71313cde750747650,2026-04-23T07:34:47Z,other,3,false,
perrymanuk/radbot,post,96f9d20dd8678cb955c01df71313cde750747650,2026-04-23T07:34:47Z,production,1,false,
perrymanuk/radbot,post,96f9d20dd8678cb955c01df71313cde750747650,2026-04-23T07:34:47Z,test,4,false,
perrymanuk/radbot,post,226224b21d8b171ed9f5dd70dceda95f2d627587,2026-04-27T22:17:53Z,other,4,false,
perrymanuk/radbot,post,226224b21d8b171ed9f5dd70dceda95f2d627587,2026-04-27T22:17:53Z,production,1,false,
perrymanuk/radbot,post,226224b21d8b171ed9f5dd70dceda95f2d627587,2026-04-27T22:17:53Z,test,1,false,
perrymanuk/radbot,post,97b6cf0b9ee0c4a90bd62fe9b3b91b2e12990b08,2026-04-29T20:57:40Z,other,1,false,
perrymanuk/radbot,post,97b6cf0b9ee0c4a90bd62fe9b3b91b2e12990b08,2026-04-29T20:57:40Z,skill,1,false,
perrymanuk/radbot,post,b197d776f73f831b35c66b84db8583275303c20c,2026-04-29T21:19:34Z,other,3,false,
perrymanuk/radbot,post,b197d776f73f831b35c66b84db8583275303c20c,2026-04-29T21:19:34Z,production,3,false,
perrymanuk/radbot,post,2e598814c7bcc35285bf8fa66ef2c11e17657b24,2026-04-29T21:32:08Z,other,1,false,
perrymanuk/radbot,post,dd1063c88ea237013049c99bade8a661215429a6,2026-04-29T21:57:50Z,other,1,false,
perrymanuk/radbot,post,dd1063c88ea237013049c99bade8a661215429a6,2026-04-29T21:57:50Z,production,1,false,
perrymanuk/radbot,post,2dea2a3022a6d54155a03420e557405c08b88f67,2026-05-01T14:27:42Z,other,4,false,
perrymanuk/radbot,post,2dea2a3022a6d54155a03420e557405c08b88f67,2026-05-01T14:27:42Z,production,17,false,
perrymanuk/radbot,post,2dea2a3022a6d54155a03420e557405c08b88f67,2026-05-01T14:27:42Z,test,4,false,
perrymanuk/radbot,post,16293216692a431f2d5e6e60b86a5cdc606ad61b,2026-05-01T14:57:54Z,other,2,false,
perrymanuk/radbot,post,16293216692a431f2d5e6e60b86a5cdc606ad61b,2026-05-01T14:57:54Z,production,1,false,
perrymanuk/radbot,post,16293216692a431f2d5e6e60b86a5cdc606ad61b,2026-05-01T14:57:54Z,test,1,false,
perrymanuk/radbot,post,3cad86557f3bec3fc8261135e9923d33e699364b,2026-05-01T15:33:17Z,production,1,false,
perrymanuk/radbot,post,bc6a87543830fe56ff371d3799d67960d53ce6cf,2026-05-01T16:03:40Z,other,14,false,
perrymanuk/radbot,post,bc6a87543830fe56ff371d3799d67960d53ce6cf,2026-05-01T16:03:40Z,production,14,false,
perrymanuk/radbot,post,bc6a87543830fe56ff371d3799d67960d53ce6cf,2026-05-01T16:03:40Z,test,1,false,
perrymanuk/radbot,post,176a5268572a6d390be5a4ed28ad16a6a207ddff,2026-05-02T11:58:44Z,other,1,false,
perrymanuk/radbot,post,176a5268572a6d390be5a4ed28ad16a6a207ddff,2026-05-02T11:58:44Z,production,1,false,
perrymanuk/radbot,post,fcb72b249de2d1ac8132ee7a7813f14931d69788,2026-05-02T12:19:13Z,production,2,false,
perrymanuk/radbot,post,fcb72b249de2d1ac8132ee7a7813f14931d69788,2026-05-02T12:19:13Z,test,1,false,
perrymanuk/radbot,post,fc9a337a7d5eea8554a9c7866a61852912922c76,2026-05-02T12:52:23Z,other,6,false,
perrymanuk/radbot,post,fc9a337a7d5eea8554a9c7866a61852912922c76,2026-05-02T12:52:23Z,production,5,false,
perrymanuk/radbot,post,fc9a337a7d5eea8554a9c7866a61852912922c76,2026-05-02T12:52:23Z,test,3,false,
perrymanuk/radbot,post,9344864b0bf7138cc58be9e3751f7506b725d4fe,2026-05-02T13:33:40Z,other,4,false,
perrymanuk/radbot,post,9344864b0bf7138cc58be9e3751f7506b725d4fe,2026-05-02T13:33:40Z,production,3,false,
perrymanuk/radbot,post,9344864b0bf7138cc58be9e3751f7506b725d4fe,2026-05-02T13:33:40Z,test,1,false,
perrymanuk/radbot,post,3e613648df75cc15e2264591d6bb72b2bb686177,2026-05-02T19:20:40Z,other,5,false,
perrymanuk/radbot,post,3e613648df75cc15e2264591d6bb72b2bb686177,2026-05-02T19:20:40Z,production,3,false,
perrymanuk/radbot,post,3e613648df75cc15e2264591d6bb72b2bb686177,2026-05-02T19:20:40Z,test,2,false,
perrymanuk/radbot,post,c90446ea078c6a949336b9dc2e12a850ef414611,2026-05-02T19:46:28Z,other,4,false,
perrymanuk/radbot,post,c90446ea078c6a949336b9dc2e12a850ef414611,2026-05-02T19:46:28Z,production,3,false,
perrymanuk/radbot,post,c90446ea078c6a949336b9dc2e12a850ef414611,2026-05-02T19:46:28Z,test,1,false,
perrymanuk/radbot,post,8782f9abb158ed11779b9850af57972dd2a6548a,2026-05-02T20:30:41Z,other,4,false,
perrymanuk/radbot,post,8782f9abb158ed11779b9850af57972dd2a6548a,2026-05-02T20:30:41Z,production,28,false,
perrymanuk/radbot,post,8782f9abb158ed11779b9850af57972dd2a6548a,2026-05-02T20:30:41Z,test,5,false,
perrymanuk/radbot,post,6ed1569454ce9119b06a37731d4c26a2b1b4b258,2026-05-02T20:45:51Z,other,1,false,
perrymanuk/radbot,post,6ed1569454ce9119b06a37731d4c26a2b1b4b258,2026-05-02T20:45:51Z,skill,1,false,
perrymanuk/radbot,post,af0490425c2ab3baa97aa3b7256ca421c36897d5,2026-05-02T21:17:24Z,other,7,false,
perrymanuk/radbot,post,af0490425c2ab3baa97aa3b7256ca421c36897d5,2026-05-02T21:17:24Z,production,5,false,
perrymanuk/radbot,post,d32d5399363bb0a4f98643f8194ceb337973d3b9,2026-05-02T21:41:22Z,other,1,false,
perrymanuk/radbot,post,d32d5399363bb0a4f98643f8194ceb337973d3b9,2026-05-02T21:41:22Z,skill,1,false,
perrymanuk/radbot,post,850507dcacd3037ae123c7ceb94742eea0ef3d11,2026-05-02T22:15:33Z,other,3,false,
perrymanuk/radbot,post,850507dcacd3037ae123c7ceb94742eea0ef3d11,2026-05-02T22:15:33Z,production,4,false,
perrymanuk/radbot,post,850507dcacd3037ae123c7ceb94742eea0ef3d11,2026-05-02T22:15:33Z,test,3,false,
perrymanuk/radbot,post,5aa9643a66faf391e73ec56e9565fe9f4c38b86e,2026-05-02T22:39:23Z,other,2,false,
perrymanuk/radbot,post,5aa9643a66faf391e73ec56e9565fe9f4c38b86e,2026-05-02T22:39:23Z,test,1,false,
perrymanuk/radbot,post,f0e6e370aba3050b9116f9c9b87c1276ff4e0b60,2026-05-03T12:10:14Z,other,4,false,
perrymanuk/radbot,post,f0e6e370aba3050b9116f9c9b87c1276ff4e0b60,2026-05-03T12:10:14Z,production,7,false,
perrymanuk/radbot,post,f0e6e370aba3050b9116f9c9b87c1276ff4e0b60,2026-05-03T12:10:14Z,test,4,false,
perrymanuk/radbot,post,4854d46805b8f8488f5172b35d39354e539e24dd,2026-05-03T12:13:01Z,other,1,false,
perrymanuk/radbot,post,a0c42a2237356dce6e93fb351aa20971abe5b4d3,2026-05-03T12:30:06Z,other,3,false,
perrymanuk/radbot,post,a0c42a2237356dce6e93fb351aa20971abe5b4d3,2026-05-03T12:30:06Z,skill,1,false,
perrymanuk/radbot,post,b2bc847956fc66a3c24c8b2bad3a6faead678e02,2026-05-03T12:32:17Z,other,1,false,
perrymanuk/radbot,post,5fb4138f3963cb47ba52eecdfb8091c9885eb4cd,2026-05-03T12:45:04Z,other,2,false,
perrymanuk/radbot,post,8595962a627ea9a277d3493c2f63950fa31d82e5,2026-05-03T12:46:28Z,other,1,false,
perrymanuk/radbot,post,a86f08ac80f55ab3d3f3d746ce30ba915915f335,2026-05-03T13:26:43Z,other,4,false,
perrymanuk/radbot,post,a86f08ac80f55ab3d3f3d746ce30ba915915f335,2026-05-03T13:26:43Z,production,1,false,
perrymanuk/radbot,post,a86f08ac80f55ab3d3f3d746ce30ba915915f335,2026-05-03T13:26:43Z,test,2,false,
perrymanuk/radbot,post,8ec87b49b80f1b5cc78c46216c55fc3f7638d0c7,2026-05-03T13:28:33Z,other,1,false,
perrymanuk/radbot,post,cb0c7a4c0c6787dbe5742483f900e239bb0a18d1,2026-05-03T13:43:59Z,other,1,false,
perrymanuk/radbot,post,f15b2d393f33033dc944e364b8affe0892746153,2026-05-03T13:48:11Z,other,1,false,
perrymanuk/radbot,post,d3e3040d90c37b2310f1bc0f4e0058ba5e5e9450,2026-05-03T23:08:05Z,other,4,false,
perrymanuk/radbot,post,d3e3040d90c37b2310f1bc0f4e0058ba5e5e9450,2026-05-03T23:08:05Z,production,1,false,
perrymanuk/radbot,post,d3e3040d90c37b2310f1bc0f4e0058ba5e5e9450,2026-05-03T23:08:05Z,test,1,false,
pinchbench/skill,pre,0c419e45aac78f6bdeadf5ac83eca9aa8cd14b49,2026-03-24T10:38:38Z,other,1,false,
pinchbench/skill,pre,0c419e45aac78f6bdeadf5ac83eca9aa8cd14b49,2026-03-24T10:38:38Z,production,3,false,
pinchbench/skill,pre,1e2ba6b5a3f527dee2f4fab0220c4b9ed429dd00,2026-03-24T17:31:52Z,,0,true,merge_commit
pinchbench/skill,pre,ebca294f051a38003cb76beeced34f3f860c32a3,2026-03-26T00:21:17Z,other,1,false,
pinchbench/skill,pre,7d5eadbf0f2f56df7da0dc2b4a093c4d7b285a4a,2026-03-31T15:02:25Z,production,1,false,
pinchbench/skill,pre,431d8cd6232b5724665a12c0364a6bda9d54d76a,2026-03-31T15:02:53Z,,0,true,merge_commit
pinchbench/skill,pre,1371b5e1b67dbab809774b7cd20a8b0fb4255a1a,2026-03-31T15:25:23Z,,0,true,merge_commit
pinchbench/skill,pre,950e52ffb5a1e6c4e92e67c985321ce5a4eb1d72,2026-04-01T02:39:22Z,production,2,false,
pinchbench/skill,pre,257cda6a5a57bc7496abc643f7909edd0d28c5cb,2026-04-01T03:53:57Z,other,3,false,
pinchbench/skill,pre,257cda6a5a57bc7496abc643f7909edd0d28c5cb,2026-04-01T03:53:57Z,production,1,false,
pinchbench/skill,pre,ba744aa770c7ddf6c18417e18fdb169c5b73c9ed,2026-04-01T03:56:32Z,production,1,false,
pinchbench/skill,pre,58dc52f0c2fd9a2fcfeb6e3c7644b8b64713e40c,2026-04-01T11:24:44Z,other,1,false,
pinchbench/skill,pre,58dc52f0c2fd9a2fcfeb6e3c7644b8b64713e40c,2026-04-01T11:24:44Z,production,2,false,
pinchbench/skill,pre,19d3e7ab3d36d977210f0f367d55a5278241caaa,2026-04-01T11:24:46Z,other,1,false,
pinchbench/skill,pre,19d3e7ab3d36d977210f0f367d55a5278241caaa,2026-04-01T11:24:46Z,production,3,false,
pinchbench/skill,pre,0b34ba530bf5fb77bc370ee28eef19a5a8af1feb,2026-04-01T11:33:25Z,,0,true,merge_commit
pinchbench/skill,pre,fde4b008f56b24982ffefd7a55cd0e621097fe5b,2026-04-01T12:23:11Z,production,1,false,
pinchbench/skill,pre,91efe4c8a32dbcde3adbac431179e5ad9f2c90fe,2026-04-01T12:28:45Z,,0,true,merge_commit
pinchbench/skill,pre,b16de27f1f3dbc796f194a88296fc7ffbdd237fc,2026-04-01T13:38:52Z,other,1,false,
pinchbench/skill,pre,3c9d686ac9ec6fb7f6260a5a7b000179f421a356,2026-04-01T16:31:09Z,production,1,false,
pinchbench/skill,pre,530ee3526f41a04fb77de0df5272dd2537eb5cb8,2026-04-01T16:40:21Z,test,1,false,
pinchbench/skill,pre,07e251445fdaf789eb20c21e9f97f58f684406b6,2026-04-01T16:45:15Z,,0,true,merge_commit
pinchbench/skill,pre,493fd29184095917f4335eb8dea596cbdf90c95d,2026-04-02T07:24:16Z,production,1,false,
pinchbench/skill,pre,dd6a22e8c220aae2ca8f239f3301338621a60eab,2026-04-02T14:02:40Z,other,1,false,
pinchbench/skill,pre,19ce169ca7b652163c96a3b93f289ae4239c6759,2026-04-03T14:03:02Z,other,1,false,
pinchbench/skill,pre,a10c5f41a39ad4454f6ee88b8d1c6cf13631e508,2026-04-05T07:37:59Z,production,1,false,
pinchbench/skill,pre,c8cae95c31f6404b464d0b932b76bac2aaba6e62,2026-04-05T07:41:15Z,test,1,false,
pinchbench/skill,pre,9002630f52d7d74cbc4c47bb8224ed8d66266a9e,2026-04-06T17:59:33Z,,0,true,merge_commit
pinchbench/skill,pre,ca03adeeea3080471c1322bf8f6523e6a13c7505,2026-04-06T17:59:51Z,,0,true,merge_commit
pinchbench/skill,pre,5d31e1ad29ae610e9f179a6b57b81acafeb4195b,2026-04-06T18:00:40Z,,0,true,merge_commit
pinchbench/skill,pre,36799845bb26322f8091763f9333f858a6647a07,2026-04-06T18:05:41Z,,0,true,merge_commit
pinchbench/skill,pre,18f648acd5d56fb79a27938bf9cfa6eab9829363,2026-04-06T18:07:29Z,,0,true,merge_commit
pinchbench/skill,pre,7fa42f4f1a05f749c9dd39aeefd13335b2f0fe99,2026-04-06T18:09:03Z,,0,true,merge_commit
pinchbench/skill,pre,5a35ec1053c77d3405eabd97c35621fc3ca5cba0,2026-04-06T18:09:35Z,,0,true,merge_commit
pinchbench/skill,pre,0d1b37337e585901ff9c4d7c7ea0cb8c23094ba7,2026-04-06T18:22:07Z,,0,true,merge_commit
pinchbench/skill,pre,ea3084d287015dfee6b77ee5f7b5e5dc368ac644,2026-04-06T18:22:45Z,other,2,false,
pinchbench/skill,pre,748aa2fa98eff2b54772f1ba13353129d7b70d67,2026-04-06T18:23:57Z,production,1,false,
pinchbench/skill,pre,748aa2fa98eff2b54772f1ba13353129d7b70d67,2026-04-06T18:23:57Z,test,1,false,
pinchbench/skill,pre,955e397238e06e4296d438b4a7c351884a006b7d,2026-04-06T18:24:47Z,,0,true,merge_commit
pinchbench/skill,pre,76f0bb97ec67dd529b787729ba06be62f0185e21,2026-04-06T18:25:17Z,,0,true,merge_commit
pinchbench/skill,pre,4601b496c42849aaaa38a631038e046a2ca1a3fe,2026-04-06T19:29:34Z,other,2,false,
pinchbench/skill,pre,5533833483596dd32b8f2e548cec3f51935e7c28,2026-04-06T19:29:45Z,other,1,false,
pinchbench/skill,pre,e390a7d3eeadf83c11719e42d8c9e658f67077ab,2026-04-06T19:31:44Z,production,1,false,
pinchbench/skill,pre,4b008d30306227cbda8ad0fe6be1e6bd998574ac,2026-04-06T20:42:31Z,,0,true,merge_commit
pinchbench/skill,pre,0a6e17c8423f7e34531163fafae9f85d62492997,2026-04-06T21:03:01Z,other,1,false,
pinchbench/skill,pre,a46dabac9212c97bc66994f744cb94a98eaa4e63,2026-04-06T21:05:02Z,,0,true,merge_commit
pinchbench/skill,pre,bc60d6d64910af5511a79f28085c984b93298819,2026-04-06T21:07:17Z,other,1,false,
pinchbench/skill,pre,bbe4167ecbbde1e8af607ab135912b1d778a3bc0,2026-04-07T14:30:31Z,other,2,false,
pinchbench/skill,pre,51839475f7b3b3f1405cc249b051c59634c047f6,2026-04-08T01:44:14Z,production,1,false,
pinchbench/skill,pre,8d8d8ce2f1d6fd23d24439c371ea2cc2e773259e,2026-04-08T08:05:02Z,other,4,false,
pinchbench/skill,pre,8d8d8ce2f1d6fd23d24439c371ea2cc2e773259e,2026-04-08T08:05:02Z,production,2,false,
pinchbench/skill,pre,21a4da23ee2c36736229e4a885a9f2cdaa0776ba,2026-04-08T14:15:01Z,other,1,false,
pinchbench/skill,pre,9df3771ddd18b7c9fb3eab3481e19263be4b4fa0,2026-04-08T14:15:37Z,,0,true,merge_commit
pinchbench/skill,pre,0e5399709694fd6396c097954811421526a542ab,2026-04-08T23:44:09Z,other,5,false,
pinchbench/skill,pre,7c1dc3b6064bcce1b3d339c36944d55a520d1ba1,2026-04-08T23:44:32Z,,0,true,merge_commit
pinchbench/skill,pre,4cffbf32b5839817c3258f1fe83fa07e3b571030,2026-04-08T23:49:42Z,other,9,false,
pinchbench/skill,pre,42b33274caa21b1117f3063aafb6d4de83c90b82,2026-04-08T23:51:11Z,,0,true,merge_commit
pinchbench/skill,pre,acdbab242311b5e8ad6c6ab57ff45340c401b7ac,2026-04-08T23:53:48Z,other,7,false,
pinchbench/skill,pre,2286c45200d60d9e08ad1e12592fc2629fdf6d45,2026-04-08T23:55:14Z,,0,true,merge_commit
pinchbench/skill,pre,9de1a20e5100a2bf1a6a25ba02c8ac9d4ec11553,2026-04-09T02:41:17Z,other,33,false,
pinchbench/skill,pre,9de1a20e5100a2bf1a6a25ba02c8ac9d4ec11553,2026-04-09T02:41:17Z,production,1,false,
pinchbench/skill,pre,643ccd9dfd97a7f72dbce820d1d4139d828b912b,2026-04-09T16:14:52Z,,0,true,merge_commit
pinchbench/skill,pre,4480e6a713127cf9755a25db101a11b3619620c2,2026-04-09T16:34:18Z,production,1,false,
pinchbench/skill,pre,54bc0807c3610eb6be651735b8b3120e81207c4b,2026-04-09T16:45:20Z,production,1,false,
pinchbench/skill,pre,350f5689a09220b5f0bf136bc45e1adad74aabbf,2026-04-09T16:48:57Z,,0,true,merge_commit
pinchbench/skill,pre,7221f3301618f1345668c5e77f5da9109a2ea5d9,2026-04-09T16:50:34Z,production,1,false,
pinchbench/skill,pre,33b55d0e51cf01fdf5adaf790fa618cd0527d4bc,2026-04-09T16:50:53Z,production,1,false,
pinchbench/skill,pre,a3ae51b1948dd991597d175cfb7af1700df2f771,2026-04-09T16:57:15Z,production,1,false,
pinchbench/skill,pre,78e82cd0a0c366601528d22b0b442ed8d6a7ea6d,2026-04-09T17:00:51Z,production,1,false,
pinchbench/skill,pre,cadfce33386d85a7d36d451a04d3c2fa3e3b6c76,2026-04-09T17:01:17Z,,0,true,merge_commit
pinchbench/skill,pre,8e0ad9a1ffee2920c50699e58fd2bbc29d9499e5,2026-04-09T17:08:48Z,,0,true,merge_commit
pinchbench/skill,pre,417bfce28ab55aad09386ec08caf75d7d3b5827a,2026-04-09T23:43:55Z,,0,true,merge_commit
pinchbench/skill,pre,cd15dceb1b2c9b34e0e5726f8b7107813745fffa,2026-04-09T23:45:15Z,other,2,false,
pinchbench/skill,pre,059c31a06df97b3415af8a1e13ae8409a0bc56c2,2026-04-09T23:46:15Z,,0,true,merge_commit
pinchbench/skill,pre,bff6507507b2fc909aa5f76d97c357055fb63658,2026-04-09T23:58:05Z,other,4,false,
pinchbench/skill,pre,bff6507507b2fc909aa5f76d97c357055fb63658,2026-04-09T23:58:05Z,production,1,false,
pinchbench/skill,pre,d8bd12fa57428af2ea99b569ad284e60d3d3f9ec,2026-04-10T00:11:24Z,production,1,false,
pinchbench/skill,pre,d0018722b46466261a0f9d3dcd31dbf706e57eaf,2026-04-10T00:11:37Z,,0,true,merge_commit
pinchbench/skill,pre,4bafe7449b8e83a24b16fd009f15181e0642828f,2026-04-10T01:32:31Z,production,1,false,
pinchbench/skill,pre,7ffffd8b6a3ae3a0b5ec0f774147636fe9825e65,2026-04-10T12:06:50Z,other,1,false,
pinchbench/skill,pre,bc9c37ea21fd7c602341b78245d791dc55bc6409,2026-04-10T12:07:31Z,production,1,false,
pinchbench/skill,pre,7f5326edfe4e1c2cacd2ce43717ca8b4c921fc53,2026-04-10T12:07:48Z,,0,true,merge_commit
pinchbench/skill,pre,def7c3a2e92c565e18f6000097d8cfbf319e3ea6,2026-04-10T12:15:16Z,production,1,false,
pinchbench/skill,pre,79faa5af0ec0954afa97f224b62b5838db551618,2026-04-10T12:25:09Z,other,3,false,
pinchbench/skill,pre,c955e5d217942cec1c384c7afeae403eb0040b03,2026-04-10T12:31:19Z,,0,true,merge_commit
pinchbench/skill,pre,319f9cf4dbc765400154a16f4a955b9034839b49,2026-04-10T13:35:23Z,,0,true,merge_commit
pinchbench/skill,pre,4a26eda052633b4ca8d149ed01e411e93828322c,2026-04-10T13:37:16Z,other,1,false,
pinchbench/skill,pre,e9b034ee295e9a58b66325355783b7edac8411f7,2026-04-10T14:03:46Z,,0,true,merge_commit
pinchbench/skill,pre,f344e7f8fe60e89d741f98898711d5d41765be05,2026-04-10T14:05:35Z,other,1,false,
pinchbench/skill,pre,431f33bf643097a7f00ed7c9955baa4652a26335,2026-04-10T14:32:27Z,,0,true,merge_commit
pinchbench/skill,pre,3e0de355dbeb1ec3b9151964268ab6bbc5a4408b,2026-04-10T14:35:20Z,other,2,false,
pinchbench/skill,pre,3d9fbaf10d630f6bf64690fc34345f20fcc69745,2026-04-10T14:35:33Z,other,4,false,
pinchbench/skill,pre,e68d14e2e87121cfef25ecb7d14d123779b7e30b,2026-04-10T14:37:39Z,other,1,false,
pinchbench/skill,pre,f3d98305145ec2185567b7d9bb77f3464ee1ae31,2026-04-10T14:42:18Z,,0,true,merge_commit
pinchbench/skill,pre,b52a6ab19bde967245429942c694b2958fff4790,2026-04-10T14:42:38Z,,0,true,merge_commit
pinchbench/skill,pre,da78daedca6fb67f7639290484ce4970d15b6de4,2026-04-10T18:32:33Z,other,1,false,
pinchbench/skill,pre,b799062bc0aac2500046888680d0fcf9e90f1345,2026-04-10T18:36:32Z,other,1,false,
pinchbench/skill,pre,88a212c7c68418d7bdc40a96ace5e863e43472a1,2026-04-10T18:38:12Z,other,1,false,
pinchbench/skill,pre,cee0166bf00e7ea05eb7c8160088120797372492,2026-04-10T18:38:43Z,other,1,false,
pinchbench/skill,pre,543fff5118f82c9702cc8faf9d21c788efa94374,2026-04-10T18:45:37Z,other,1,false,
pinchbench/skill,pre,18dd9d9a4f6659f87ad48724c41902631892f398,2026-04-10T18:46:59Z,other,3,false,
pinchbench/skill,pre,bc7c3ae23f6085bd76b0b815e278ef0cb9fceb59,2026-04-11T15:04:31Z,other,1,false,
pinchbench/skill,pre,4604cefbf095988f64d16b8c3aef48f3548c7a08,2026-04-13T16:20:08Z,other,2,false,
pinchbench/skill,pre,068174e425f950601817b3d7a01c0ebcf1750c83,2026-04-13T17:12:10Z,,0,true,merge_commit
pinchbench/skill,pre,ba202bbaeac62456e2bf773c2ae7a615f159d9fd,2026-04-13T17:32:47Z,other,74,false,
pinchbench/skill,pre,ba202bbaeac62456e2bf773c2ae7a615f159d9fd,2026-04-13T17:32:47Z,production,3,false,
pinchbench/skill,pre,ba202bbaeac62456e2bf773c2ae7a615f159d9fd,2026-04-13T17:32:47Z,test,1,false,
pinchbench/skill,pre,fd96beefd9bfa8a118fde5557cb5bc88630007ba,2026-04-14T01:47:47Z,,0,true,merge_commit
pinchbench/skill,pre,b08cbf6ec07aafee24a5e05114d955b61ea5747c,2026-04-14T01:51:55Z,other,1,false,
pinchbench/skill,pre,b51bc9c59fdb23ad91a477d0e18d737ec5839a82,2026-04-14T01:51:55Z,other,2,false,
pinchbench/skill,pre,b51bc9c59fdb23ad91a477d0e18d737ec5839a82,2026-04-14T01:51:55Z,production,4,false,
pinchbench/skill,pre,4713ec75db11fb45c02aa95eac7f5bae8b8631ad,2026-04-14T01:52:13Z,other,3,false,
pinchbench/skill,pre,f644f8de364209308c28c3e83f6375671b147c00,2026-04-14T01:53:45Z,other,4,false,
pinchbench/skill,pre,d465a3b12ac910883bfec57f356cc5e3ec335150,2026-04-14T01:54:36Z,other,5,false,
pinchbench/skill,pre,82bda23ba28803e50a6c001453cd843d7a438c57,2026-04-14T01:56:40Z,other,2,false,
pinchbench/skill,pre,8a163fbe46135138bd6f8613d6c452e2a5dee345,2026-04-14T01:58:26Z,other,8,false,
pinchbench/skill,pre,8a163fbe46135138bd6f8613d6c452e2a5dee345,2026-04-14T01:58:26Z,production,2,false,
pinchbench/skill,pre,61f69688b083c6af0505c8bcf29608e19f656b07,2026-04-14T03:37:39Z,other,1,false,
pinchbench/skill,pre,63f6dd3a5e5f741d6b441f0dc95e05a4d272c785,2026-04-14T03:38:12Z,other,1,false,
pinchbench/skill,pre,8750d29b6bae5ac86b23498b85f8e28a5804fe9a,2026-04-14T03:40:27Z,production,1,false,
pinchbench/skill,pre,979ee148973ba126316e61b2def9cafa432b92a2,2026-04-14T03:40:27Z,other,1,false,
pinchbench/skill,pre,46a22fa98a7535c322d7739412a1612d3ec3dd01,2026-04-14T12:15:25Z,,0,true,merge_commit
pinchbench/skill,pre,64dfa4608a098de45bccec4e0311a600a8526cf5,2026-04-14T12:16:59Z,other,9,false,
pinchbench/skill,pre,adce1fb67eed3e27dd5b09ed9a9c3a28bdb02854,2026-04-14T12:20:35Z,,0,true,merge_commit
pinchbench/skill,pre,3fb96cd8041be08bcd9a28cdf236f0a7894332ca,2026-04-14T12:39:51Z,,0,true,merge_commit
pinchbench/skill,pre,b788fbccf2a3440ede46b35ba0abbce4982f7797,2026-04-14T12:41:36Z,other,3,false,
pinchbench/skill,pre,cf734b5b4d5120c27bac9a78d8a0109b98f14473,2026-04-14T12:42:25Z,,0,true,merge_commit
pinchbench/skill,pre,c58f7fbf72911996b688ccc827142098127e8a3c,2026-04-14T12:42:28Z,,0,true,merge_commit
pinchbench/skill,pre,ef8581df404a13261ad8145a75a1367ce0da7819,2026-04-14T12:43:02Z,,0,true,merge_commit
pinchbench/skill,pre,8811641dd8cc55bd974fb671ca78a797fd05176c,2026-04-14T12:43:10Z,,0,true,merge_commit
pinchbench/skill,pre,89ccd2d52765e29dd9c4e990774f1eb68dc56832,2026-04-14T12:43:48Z,other,1,false,
pinchbench/skill,pre,00594c36ed986955b4a6b406e88257c5c807a57d,2026-04-14T12:46:33Z,,0,true,merge_commit
pinchbench/skill,pre,40619d3f77c06839e2b46b7f135b486717506709,2026-04-14T12:46:42Z,,0,true,merge_commit
pinchbench/skill,pre,c32de31d89884632293dd55505eb34a854b90a63,2026-04-14T12:48:54Z,other,1,false,
pinchbench/skill,pre,00325ced6c7cb008db8a4d0b9e323021c6f0f25a,2026-04-14T12:49:12Z,,0,true,merge_commit
pinchbench/skill,pre,f2ea189dca70133c2797d110b582023e3f762859,2026-04-14T12:51:50Z,,0,true,merge_commit
pinchbench/skill,pre,afdbe84a7651a334f45e5d9a01de7e6a6121e8d5,2026-04-14T12:51:59Z,,0,true,merge_commit
pinchbench/skill,pre,7ad3c35f1942a1cfb6816ca433bb6d33889c5c5e,2026-04-14T12:53:10Z,other,1,false,
pinchbench/skill,pre,986be9ca7ed653a83ef9f6d79f89628643da61c0,2026-04-14T12:53:24Z,,0,true,merge_commit
pinchbench/skill,pre,955a9bdac707f2d4c83f971a3697947e0a7cc8f9,2026-04-14T12:55:01Z,,0,true,merge_commit
pinchbench/skill,pre,8e2c263a199402849f33d76705058cb1bd7049cc,2026-04-14T12:58:55Z,,0,true,merge_commit
pinchbench/skill,pre,d668075bdcdb6172ac88f3f848e2b165e3d8d976,2026-04-14T13:02:11Z,,0,true,merge_commit
pinchbench/skill,pre,348bfdd745faaa42be23efbfa10ec2b24407a035,2026-04-14T13:06:22Z,other,2,false,
pinchbench/skill,pre,07b014cba03d82d37355d3883caa935726b3f1ad,2026-04-14T13:07:12Z,,0,true,merge_commit
pinchbench/skill,pre,816b77110904589380ddb6d814eddb9fd2cef732,2026-04-14T13:07:32Z,,0,true,merge_commit
pinchbench/skill,pre,0322e84c5cb23484a2604e14cdaa9c5893cb0e18,2026-04-14T13:07:52Z,,0,true,merge_commit
pinchbench/skill,pre,41dbf7c50922969b58b3c308bc67c629fc040a6c,2026-04-14T13:08:05Z,,0,true,merge_commit
pinchbench/skill,pre,bcfca24e3b07c8df140dc02e71e1d0368ce8d03d,2026-04-14T13:40:32Z,other,6,false,
pinchbench/skill,pre,1c8157b9001190c0d76684e19a981fed0b8d36e2,2026-04-14T13:43:57Z,other,7,false,
pinchbench/skill,pre,0935a9daec4175e5ae81c5cb7139db6723cbb23e,2026-04-14T13:53:52Z,other,4,false,
pinchbench/skill,pre,85cde3d1dd02901203a95b41809f9dc85711d20b,2026-04-14T13:56:55Z,other,4,false,
pinchbench/skill,pre,bfe2afabe07c78dcf2361bd67ade22258082479b,2026-04-14T14:00:41Z,other,4,false,
pinchbench/skill,pre,733c47e724b2f11d6ae0fb7319c0855132ab21f5,2026-04-14T14:07:26Z,other,7,false,
pinchbench/skill,pre,69fc7455c9e287ed285f0348220d26e5a58ea6f3,2026-04-14T14:48:04Z,other,1,false,
pinchbench/skill,pre,eab0944adecf9d6f911eef80a2024e22b04c6d9e,2026-04-14T15:24:02Z,,0,true,merge_commit
pinchbench/skill,pre,404b5541852db7f80c97a6bf910aed95240d9d55,2026-04-14T15:25:36Z,other,4,false,
pinchbench/skill,pre,a278f68526a5cfac7a058f31c183f32ece3c0fd4,2026-04-15T07:22:32Z,,0,true,merge_commit
pinchbench/skill,pre,0674881e559b27577dc670c2a5d763e5a541624b,2026-04-15T07:22:47Z,production,1,false,
pinchbench/skill,pre,0674881e559b27577dc670c2a5d763e5a541624b,2026-04-15T07:22:47Z,test,1,false,
pinchbench/skill,pre,191d3f77a2f4331e9b5630bb8db07468c81a65eb,2026-04-15T11:54:30Z,,0,true,merge_commit
pinchbench/skill,pre,be9eea9b392ee19072ea3091f564f771dc073031,2026-04-15T11:57:20Z,,0,true,merge_commit
pinchbench/skill,pre,cd80a49d2d9ca2354c12cafad72644417467de0f,2026-04-15T11:58:20Z,,0,true,merge_commit
pinchbench/skill,pre,fc1a08373b4913ba4c738f22072f798965bea8ed,2026-04-15T13:42:07Z,,0,true,merge_commit
pinchbench/skill,pre,f2c2a0d95d99165145e1cca92bc8d163aa214a42,2026-04-15T13:55:15Z,,0,true,merge_commit
pinchbench/skill,pre,0d624774d692db47c1cab09d88863c5fce241f38,2026-04-15T14:12:39Z,,0,true,merge_commit
pinchbench/skill,pre,7ce65e0b6a3c61ed96ad5460a311285f9e7d7714,2026-04-15T14:13:23Z,,0,true,merge_commit
pinchbench/skill,pre,417c4bd2d2d58d26252172eeb6cd4ab48d0f3418,2026-04-15T14:13:47Z,,0,true,merge_commit
pinchbench/skill,pre,ea94eeeccd8a3d5a0e59e773dfc50168a924245f,2026-04-15T14:14:02Z,,0,true,merge_commit
pinchbench/skill,pre,639edcb481af570e8d88117725472c53d08abacc,2026-04-15T14:14:34Z,,0,true,merge_commit
pinchbench/skill,pre,68a91c91f3a7d8e18e588bb71941d968a9045c9a,2026-04-15T14:14:43Z,,0,true,merge_commit
pinchbench/skill,pre,4fa3225f94fad01a979e70b5a1ff1ffc152bfb9d,2026-04-21T14:16:35Z,,0,true,merge_commit
pinchbench/skill,pre,5270ebff9b712555681afa11825587b3a0bf2082,2026-04-21T14:16:44Z,,0,true,merge_commit
pinchbench/skill,pre,4a74fa4185ddcffcaf83d592a9ed4989e3f6bd21,2026-04-21T14:17:51Z,other,6,false,
pinchbench/skill,pre,b042f082bc5c709fcd661ca5d778d7a80f83f6cc,2026-04-21T14:18:06Z,,0,true,merge_commit
pinchbench/skill,pre,900d1b29f2d771ab6b35b3c1b4a3dc717b8c034b,2026-04-21T14:19:14Z,other,6,false,
pinchbench/skill,pre,68a68bfa44d414ed7c3b76ffe93bea367798de72,2026-04-21T14:27:54Z,,0,true,merge_commit
pinchbench/skill,pre,6e6384f1628aa015e07681aab6a44c1d153c11bd,2026-04-21T14:29:09Z,other,2,false,
pinchbench/skill,pre,8aa161ad70aa0c05dbf88aec36ec0f578586c841,2026-04-21T14:29:28Z,,0,true,merge_commit
pinchbench/skill,pre,9a3e765a94ec0109ab1b3ebf2598d1b74aa41274,2026-04-21T14:30:32Z,other,4,false,
pinchbench/skill,pre,ab1fd55ac04a357495ea29d3e1772b03593126f1,2026-04-21T14:31:13Z,,0,true,merge_commit
pinchbench/skill,pre,650fa1630313af9f917772d0ef408aa8c11407f9,2026-04-21T14:34:53Z,other,5,false,
pinchbench/skill,pre,8a08c77464134c084d7c8ca776d686b5605da3d0,2026-04-21T14:34:53Z,other,3,false,
pinchbench/skill,pre,d56b1d06638c9efc2b97736b5aa87f0a1487eb23,2026-04-21T14:35:33Z,,0,true,merge_commit
pinchbench/skill,pre,133c6cdb76ec199d85eaec9568a5904bc621a252,2026-04-21T14:36:42Z,other,7,false,
pinchbench/skill,pre,b320c0e4530bd09d75c3563f85b94dc8141ea601,2026-04-21T14:36:42Z,other,1,false,
pinchbench/skill,pre,1a306b518b0028262ed62ca3941f630d47ac2e71,2026-04-21T14:38:13Z,,0,true,merge_commit
pinchbench/skill,pre,642a3a376bf7f80efa608663812bbed4ad669523,2026-04-21T14:39:03Z,other,13,false,
pinchbench/skill,pre,2c3c7c807e26913ed5c02302c052122f0c8bd78d,2026-04-21T14:39:47Z,,0,true,merge_commit
pinchbench/skill,pre,80047096edd938e036f44b85e3ab1ce8dc78ffd4,2026-04-21T14:40:56Z,,0,true,merge_commit
pinchbench/skill,pre,d70ba95d9829a66041cab822083cb953f885fa33,2026-04-21T14:41:00Z,other,4,false,
pinchbench/skill,pre,c045489f79badabe5088d9f6a43d70149e30ff89,2026-04-21T14:41:28Z,,0,true,merge_commit
pinchbench/skill,pre,9076dd704bdfe9cb649b2422f09dd423f4a98ff0,2026-04-21T14:43:20Z,other,2,false,
pinchbench/skill,pre,9076dd704bdfe9cb649b2422f09dd423f4a98ff0,2026-04-21T14:43:20Z,production,4,false,
pinchbench/skill,pre,9303e896daf48b238d2b2547935833075c2e3d28,2026-04-21T15:08:38Z,,0,true,merge_commit
pinchbench/skill,pre,74225035239a22f5d230826ed171a46385eb947e,2026-04-21T15:11:07Z,other,8,false,
pinchbench/skill,pre,74225035239a22f5d230826ed171a46385eb947e,2026-04-21T15:11:07Z,production,1,false,
pinchbench/skill,pre,74225035239a22f5d230826ed171a46385eb947e,2026-04-21T15:11:07Z,test,1,false,
pinchbench/skill,pre,e033e7728fe9a418bf5993bd9b25aa351c712732,2026-04-21T15:18:21Z,,0,true,merge_commit
pinchbench/skill,pre,6598664eba99b33cdfb130efd1cd0460e784004c,2026-04-22T03:40:44Z,other,1,false,
pinchbench/skill,pre,9ea5ccfe20d916bcf736f71352d188a9ee94b331,2026-04-22T03:41:06Z,,0,true,merge_commit
pinchbench/skill,pre,70f306d3bdf3f88f7fc60bf68045b8e0a6458fe5,2026-04-22T14:01:44Z,production,1,false,
pinchbench/skill,pre,3a962aa6e26977376bf793b486bfd2b4b33bfb5b,2026-04-22T14:20:47Z,production,1,false,
pinchbench/skill,pre,5f9d2f34931449aa72c793af7f8914da0b1295ba,2026-04-22T14:31:16Z,,0,true,merge_commit
pinchbench/skill,pre,ead437f5fa5af8b780f10e56b919a67641e73f0e,2026-04-22T14:37:28Z,production,1,false,
pinchbench/skill,pre,3739bfe66653dc6168f78c0eeaa28b79c7cef370,2026-04-22T16:55:26Z,production,1,false,
pinchbench/skill,pre,eb451310dba23dad60311db9568f42b15e7f9e55,2026-04-22T19:16:52Z,production,1,false,
pinchbench/skill,pre,c66617753b59d09d4b3fcc12ff20457fb0289a28,2026-04-24T14:24:48Z,,0,true,merge_commit
pinchbench/skill,pre,8a460f794a6a9f87abedc99c6eb52b60628b64a7,2026-04-24T14:25:08Z,,0,true,merge_commit
pinchbench/skill,pre,27afe091b6ae04ec4b6aa9f5459bd280da0fd61d,2026-04-24T14:25:55Z,,0,true,merge_commit
pinchbench/skill,pre,42389d78fba495ac4505bd6bd2150ea731506230,2026-04-25T01:06:27Z,production,2,false,
pinchbench/skill,pre,34c8cefe750b84d09f72dfcabfdeb0a38877e6d2,2026-04-27T03:43:30Z,other,1,false,
pinchbench/skill,pre,5e9bc209702a0384082baafdefe41a9d4076f2d8,2026-04-27T12:40:09Z,other,2,false,
pinchbench/skill,pre,599993fc4eee4a231812d508a07d0b0a093d1ad7,2026-04-27T13:25:07Z,other,2,false,
pinchbench/skill,pre,ed5488493d114e8d3574e1a5dc5ac628485c2618,2026-04-27T14:14:09Z,other,2,false,
pinchbench/skill,pre,a05cdfe48e445a9cd78401ebbae084a9b7bd9ec9,2026-04-27T14:34:40Z,other,2,false,
pinchbench/skill,pre,a05cdfe48e445a9cd78401ebbae084a9b7bd9ec9,2026-04-27T14:34:40Z,production,1,false,
pinchbench/skill,pre,237aba8e5e61dd6d1ebc5515c33f86188f772ae3,2026-04-27T15:17:04Z,other,1,false,
pinchbench/skill,pre,237aba8e5e61dd6d1ebc5515c33f86188f772ae3,2026-04-27T15:17:04Z,production,1,false,
pinchbench/skill,pre,f70a655a25cb2d7717511cfb2df0ae9279dae832,2026-04-27T15:52:12Z,other,1,false,
pinchbench/skill,pre,f70a655a25cb2d7717511cfb2df0ae9279dae832,2026-04-27T15:52:12Z,production,1,false,
pinchbench/skill,pre,5c88551e55f00a9c87f5352b640a7877f9cf96ef,2026-04-27T17:22:11Z,other,1,false,
pinchbench/skill,pre,5c88551e55f00a9c87f5352b640a7877f9cf96ef,2026-04-27T17:22:11Z,production,1,false,
pinchbench/skill,pre,77e9aa119c408a791344f74107aaac49b6e1757e,2026-04-27T18:02:15Z,other,2,false,
pinchbench/skill,pre,01f0ab7729439840a6a39a7d7d07720a2e36ada2,2026-04-27T18:40:25Z,other,1,false,
pinchbench/skill,pre,01f0ab7729439840a6a39a7d7d07720a2e36ada2,2026-04-27T18:40:25Z,production,1,false,
pinchbench/skill,pre,0347a7f1736a9c33b5fe831e27d1d6ee9b576221,2026-04-27T18:40:25Z,other,2,false,
pinchbench/skill,pre,0e73d72ebd2f10d03a068014f319160848a2cc9e,2026-04-27T18:40:25Z,other,1,false,
pinchbench/skill,pre,0e73d72ebd2f10d03a068014f319160848a2cc9e,2026-04-27T18:40:25Z,production,1,false,
pinchbench/skill,pre,3e10f1a3882a0f0c1bb79172df31de014a99e2a7,2026-04-27T18:40:25Z,other,1,false,
pinchbench/skill,pre,3e10f1a3882a0f0c1bb79172df31de014a99e2a7,2026-04-27T18:40:25Z,production,1,false,
pinchbench/skill,pre,b3720139480ea6dc725726a8ef77a042fc122261,2026-04-27T18:40:25Z,other,2,false,
pinchbench/skill,pre,f48c7ea5fb7ae8829a00283d375a542d2a399a55,2026-04-27T18:40:25Z,other,2,false,
pinchbench/skill,pre,f8d6805f1e30c2fed3af7c6503ab8ddd9ed3c26b,2026-04-27T18:40:25Z,other,2,false,
pinchbench/skill,pre,fb2fd28b5f8b0d79846eb33941be20afc1fd177d,2026-04-27T18:40:25Z,other,2,false,
pinchbench/skill,pre,fb2fd28b5f8b0d79846eb33941be20afc1fd177d,2026-04-27T18:40:25Z,production,1,false,
pinchbench/skill,pre,74e3bd73f7cc943debe44a0fb362ec990a9a3212,2026-04-27T18:41:09Z,,0,true,merge_commit
pinchbench/skill,pre,dff6ce8f51dcb95548c744c6c20e3189ae349ccb,2026-04-30T14:03:06Z,other,9,false,
pinchbench/skill,pre,b8a33960cd8f19b25408bebab1bbd5ee27f9e970,2026-05-01T00:06:08Z,other,1,false,
pinchbench/skill,pre,64f9727024a77487edb8e9ffffae8119111a5be8,2026-05-01T00:06:18Z,,0,true,merge_commit
pinchbench/skill,pre,d116307d3e41f5e820fa3ac1aaa2dd7edf15982f,2026-05-01T01:17:41Z,production,1,false,
pinchbench/skill,pre,955ee7072c26c7dad61f085ea5053e7932759278,2026-05-01T02:48:37Z,production,1,false,
pinchbench/skill,pre,693c63040278d25759c872b467e2821e9e25bb72,2026-05-01T02:49:34Z,,0,true,merge_commit
pinchbench/skill,pre,c04d05ff93e25a3a4cb337bb1f5b81cb02019d3b,2026-05-01T13:20:46Z,,0,true,merge_commit
pinchbench/skill,pre,724ca940c2c74e4cb305245b9e5980132b9a66cb,2026-05-01T14:02:54Z,other,103,false,
pinchbench/skill,pre,442d2c4bea9b78aa774a743ff30cc2db2c986d1b,2026-05-01T15:34:36Z,other,25,false,
pinchbench/skill,pre,d6c9f6d8bb2c61fbec5f62d5ba09c5d533136850,2026-05-04T14:01:41Z,production,1,false,
pinchbench/skill,pre,99e290078a2484306a58d0bdaa672391fc909b41,2026-05-04T15:48:04Z,,0,true,merge_commit
pinchbench/skill,pre,2a233af03d021a44ba73720086fac4c9a122c136,2026-05-04T17:40:34Z,production,1,false,
pinchbench/skill,pre,68e06aa2a465428a722854067a292d72870061a5,2026-05-04T19:14:01Z,other,1,false,
pinchbench/skill,pre,d991ab989775e2668c26f3d09e24f5570eba506d,2026-05-04T19:23:52Z,,0,true,merge_commit
pinchbench/skill,pre,91379d56a17471bd62046259ea1ad68c05b0acee,2026-05-05T02:10:12Z,other,1,false,
pinchbench/skill,pre,91379d56a17471bd62046259ea1ad68c05b0acee,2026-05-05T02:10:12Z,production,3,false,
pinchbench/skill,pre,a20a356290f76788ce678edb24e263eb0b41ef6c,2026-05-05T16:19:34Z,,0,true,merge_commit
pinchbench/skill,pre,98e143b79a4c33203fd212080c419e542bffdf84,2026-05-05T16:19:44Z,,0,true,merge_commit
pinchbench/skill,pre,085bf6513d7805ff2f6b198fc12f78cb39e8fcb8,2026-05-05T16:19:55Z,,0,true,merge_commit
pinchbench/skill,pre,67423d8cc61e473e310591cf2ad1f20e8be5be5f,2026-05-05T16:28:49Z,other,1,false,
pinchbench/skill,pre,67423d8cc61e473e310591cf2ad1f20e8be5be5f,2026-05-05T16:28:49Z,production,2,false,
pinchbench/skill,pre,28ddf62eb9d655994e93aeb6e0574e73343ef829,2026-05-05T18:35:25Z,,0,true,merge_commit
pinchbench/skill,pre,47efe9bf5e14ae52dd9764c5e831317442b054a5,2026-05-06T14:50:22Z,other,1,false,
pinchbench/skill,pre,f3f1cb560c252541cef6a106c05ba4f2e8068be0,2026-05-08T14:54:41Z,production,2,false,
pinchbench/skill,pre,6e5eb5e6a6c6986b7b4ec36b78760019d7a0e7e6,2026-05-13T11:41:09Z,other,1,false,
pinchbench/skill,pre,6e5eb5e6a6c6986b7b4ec36b78760019d7a0e7e6,2026-05-13T11:41:09Z,production,2,false,
pinchbench/skill,pre,6e5eb5e6a6c6986b7b4ec36b78760019d7a0e7e6,2026-05-13T11:41:09Z,test,1,false,
pinchbench/skill,pre,d92851847c09cae62036bd0d9a111a082003b195,2026-05-13T11:54:31Z,production,1,false,
pinchbench/skill,pre,d92851847c09cae62036bd0d9a111a082003b195,2026-05-13T11:54:31Z,test,1,false,
pinchbench/skill,pre,740c95d9fd56b2d641dae5886829d533a50c4fee,2026-05-13T18:33:12Z,other,1,false,
pinchbench/skill,pre,185073bec9c52b8ea7ffcd85f95a901095439183,2026-05-14T14:58:45Z,,0,true,merge_commit
pinchbench/skill,pre,f8c243f965276b69ba4575e1755261565b29c6d4,2026-05-14T14:58:56Z,,0,true,merge_commit
pinchbench/skill,pre,52ef2387a6b8fbf193ae4fa9d9cf8bcc8c13ad94,2026-05-14T14:59:25Z,,0,true,merge_commit
pinchbench/skill,pre,40adc01008d0646d646c1b3faaea228c7f9c25f7,2026-05-22T15:53:06Z,other,48,false,
pinchbench/skill,pre,40adc01008d0646d646c1b3faaea228c7f9c25f7,2026-05-22T15:53:06Z,skill,2,false,
speechpro/inex-launcher,post,67e56fc5915dfe47aa06f94aa93fd3980e3a6307,2026-06-05T14:27:26Z,other,2,false,
speechpro/inex-launcher,post,67e56fc5915dfe47aa06f94aa93fd3980e3a6307,2026-06-05T14:27:26Z,skill,1,false,
speechpro/inex-launcher,post,ac110b633da9359af044bd30ed9f40d895207fb4,2026-06-05T18:41:43Z,other,3,false,
speechpro/inex-launcher,post,ac110b633da9359af044bd30ed9f40d895207fb4,2026-06-05T18:41:43Z,skill,1,false,
speechpro/inex-launcher,post,b19285cf4d7bb85cca9242aed12dc4cbdea05909,2026-06-05T21:43:39Z,other,7,false,
speechpro/inex-launcher,post,b19285cf4d7bb85cca9242aed12dc4cbdea05909,2026-06-05T21:43:39Z,production,3,false,
speechpro/inex-launcher,post,b19285cf4d7bb85cca9242aed12dc4cbdea05909,2026-06-05T21:43:39Z,test,1,false,
speechpro/inex-launcher,post,4d8b9a28401b9b48a5a98434199d0f6f26f6de91,2026-06-05T21:46:19Z,production,5,false,
speechpro/inex-launcher,post,4d8b9a28401b9b48a5a98434199d0f6f26f6de91,2026-06-05T21:46:19Z,test,21,false,
speechpro/inex-launcher,post,38b20441866afd62e29291a47ed90da68c1c0c3f,2026-06-05T22:29:18Z,other,4,false,
speechpro/inex-launcher,post,38b20441866afd62e29291a47ed90da68c1c0c3f,2026-06-05T22:29:18Z,test,1,false,
speechpro/inex-launcher,post,ea2de79e9db0f7c6e143288a0aa856e6b9d82662,2026-06-05T23:01:24Z,other,4,false,
speechpro/inex-launcher,post,8b56ef2e68fb7d42d901a3240ce0657f7ec28a2d,2026-06-05T23:11:01Z,production,2,false,
speechpro/inex-launcher,post,6d324c1b91f3d21ad5aec3dba5cabb21098f90bd,2026-06-05T23:16:33Z,other,1,false,
speechpro/inex-launcher,post,cf5e9b2ef0ea8d12645b4c37a489e600b28aee35,2026-06-05T23:21:03Z,,0,true,merge_commit
speechpro/inex-launcher,post,6be84f30923117b0bc73e9b07cad4989237b6bc2,2026-06-07T21:03:19Z,other,2,false,
speechpro/inex-launcher,post,6be84f30923117b0bc73e9b07cad4989237b6bc2,2026-06-07T21:03:19Z,skill,3,false,
speechpro/inex-launcher,post,fe9514e681ac4891c7eeb731edbf6f661126debd,2026-06-09T01:12:43Z,other,1,false,
speechpro/inex-launcher,post,fe9514e681ac4891c7eeb731edbf6f661126debd,2026-06-09T01:12:43Z,skill,3,false,
stharrold/stharrold-templates,pre,462785f32b2c6e6433329515c48b688239385bbe,2025-11-18T22:36:39Z,other,2,false,
stharrold/stharrold-templates,pre,a9576571aecc3a4b9311df4bafc7f871708e2572,2025-11-18T22:37:38Z,other,2,false,
stharrold/stharrold-templates,pre,ed645eccc13b9508b519857e4754f2872947ad20,2025-11-18T22:38:45Z,other,1,false,
stharrold/stharrold-templates,pre,ed645eccc13b9508b519857e4754f2872947ad20,2025-11-18T22:38:45Z,production,8,false,
stharrold/stharrold-templates,pre,f79be2fabe65123648661635193701939dc25734,2025-11-18T22:39:51Z,other,1,false,
stharrold/stharrold-templates,pre,da4c1195d141c8a27f7d59a58341f2867106e062,2025-11-18T22:42:12Z,other,1,false,
stharrold/stharrold-templates,pre,3885dc2ac9b3a3171030018ee1aced5a8293b285,2025-11-18T22:43:14Z,other,1,false,
stharrold/stharrold-templates,pre,c5b68a30694d30a405bcf7682e4ab4b3fc5618fc,2025-11-18T22:44:04Z,other,3,false,
stharrold/stharrold-templates,pre,66e55aeed32874812881ea3409e5e6fcf4b33373,2025-11-18T22:46:01Z,other,1,false,
stharrold/stharrold-templates,pre,3794d40007f39e0dae02935d63eb2e2b664b9a83,2025-11-18T22:48:08Z,production,1,false,
stharrold/stharrold-templates,pre,3794d40007f39e0dae02935d63eb2e2b664b9a83,2025-11-18T22:48:08Z,test,1,false,
stharrold/stharrold-templates,pre,b089308b393a2ef5c2febc7900ad36f05e4474c8,2025-11-18T22:53:06Z,production,1,false,
stharrold/stharrold-templates,pre,7ea92a88a1a139661845ff400f1222b106020c9b,2025-11-18T22:53:39Z,other,1,false,
stharrold/stharrold-templates,pre,0c3f213898285cfc18350646ff88600ba649eda0,2025-11-18T22:53:57Z,other,1,false,
stharrold/stharrold-templates,pre,b1e08849e94ddc99c8427695539b5b2a1e32f38f,2025-11-18T22:54:40Z,other,1,false,
stharrold/stharrold-templates,pre,c024ba4e567359f2f990847d9c45b3ef8cb8c95c,2025-11-18T22:55:17Z,production,1,false,
stharrold/stharrold-templates,pre,14d2e778b835355392cfdc6d5859ae76c6ba8caf,2025-11-18T22:55:47Z,other,1,false,
stharrold/stharrold-templates,pre,58dac869812284742171bfb09e767fc06efc6cd6,2025-11-18T23:58:26Z,,0,true,merge_commit
stharrold/stharrold-templates,pre,a0f3b3431840bedf5953151239098986f0db0719,2025-11-19T00:20:34Z,other,1,false,
stharrold/stharrold-templates,pre,fef108d9879d37f9eb65550b79b669df4f05ad7e,2025-11-19T00:23:31Z,other,1,false,
stharrold/stharrold-templates,pre,4afe88565a48095c9e3856dc23e79b6971091f41,2025-11-19T00:24:14Z,other,15,false,
stharrold/stharrold-templates,pre,4afe88565a48095c9e3856dc23e79b6971091f41,2025-11-19T00:24:14Z,production,9,false,
stharrold/stharrold-templates,pre,4afe88565a48095c9e3856dc23e79b6971091f41,2025-11-19T00:24:14Z,test,1,false,
stharrold/stharrold-templates,pre,9b3c663183d4be2d7636493e8b4fd2def7d97808,2025-11-19T00:24:52Z,other,15,false,
stharrold/stharrold-templates,pre,9b3c663183d4be2d7636493e8b4fd2def7d97808,2025-11-19T00:24:52Z,production,9,false,
stharrold/stharrold-templates,pre,9b3c663183d4be2d7636493e8b4fd2def7d97808,2025-11-19T00:24:52Z,test,1,false,
stharrold/stharrold-templates,pre,e4ae7521043f769def249dbb3a30d4de4b0d768a,2025-11-20T16:08:02Z,other,1,false,
stharrold/stharrold-templates,pre,73e4aa2e9189546eae3168aa11de8dbf33a87679,2025-11-20T16:09:42Z,,0,true,merge_commit
stharrold/stharrold-templates,pre,d6aa0108c713aaeae5a7f18f18574a157244b1c7,2025-11-20T16:10:34Z,,0,true,merge_commit
stharrold/stharrold-templates,pre,37e7f3c9446f0700369f850249d9985216f86657,2025-11-20T16:10:59Z,,0,true,merge_commit
stharrold/stharrold-templates,pre,5f995af569ffe6125d679fda344eacc548e6e167,2025-11-20T16:33:40Z,other,113,false,
stharrold/stharrold-templates,pre,5f995af569ffe6125d679fda344eacc548e6e167,2025-11-20T16:33:40Z,production,1,false,
stharrold/stharrold-templates,pre,5f995af569ffe6125d679fda344eacc548e6e167,2025-11-20T16:33:40Z,skill,9,false,
stharrold/stharrold-templates,pre,e516a99bc4be64647e63225d9ca15333268a21ae,2025-11-20T16:41:46Z,,0,true,merge_commit
stharrold/stharrold-templates,post,226c91b150344f21448a45c076a125a4987b9dd3,2025-11-20T16:43:08Z,,0,true,merge_commit
stharrold/stharrold-templates,post,0427718402192117f519a331d27cbd0aa85a240b,2025-11-21T18:55:51Z,other,88,false,
stharrold/stharrold-templates,post,0427718402192117f519a331d27cbd0aa85a240b,2025-11-21T18:55:51Z,production,52,false,
stharrold/stharrold-templates,post,0427718402192117f519a331d27cbd0aa85a240b,2025-11-21T18:55:51Z,test,1,false,
stharrold/stharrold-templates,post,e5ab2a6212c6ddc3dc07ec11ac924341cd74fae8,2025-11-21T19:12:20Z,other,1,false,
stharrold/stharrold-templates,post,8c0bce5b00d34ae3aaaf4ed71f7504752ed56227,2025-11-21T19:12:22Z,other,1,false,
stharrold/stharrold-templates,post,aef6bfce7c2823950cf19233fe888625dca85cc1,2025-11-21T19:12:38Z,,0,true,merge_commit
stharrold/stharrold-templates,post,10a81ec232991bb96b3b795bfd7a54b3ddefbb63,2025-11-21T19:13:41Z,,0,true,merge_commit
stharrold/stharrold-templates,post,dcbf7415653bf8a58cb2834956cf8535dfd9fdf3,2025-11-21T19:16:40Z,,0,true,merge_commit
stharrold/stharrold-templates,post,56027dd0e6f31d487d9b2f77da34e16a38b1d2b7,2025-11-21T19:27:44Z,other,1,false,
stharrold/stharrold-templates,post,56027dd0e6f31d487d9b2f77da34e16a38b1d2b7,2025-11-21T19:27:44Z,production,1,false,
stharrold/stharrold-templates,post,1bfbcd00f9a7b677e5db6bd7167a297522071574,2025-11-21T19:31:39Z,other,3,false,
stharrold/stharrold-templates,post,e25ff36ccd80ae5449496c11e91e4733a8876a08,2025-11-21T19:43:03Z,,0,true,merge_commit
stharrold/stharrold-templates,post,1794afd3ea843c265c9e9b65670e9783d45a30ae,2025-11-21T19:44:10Z,,0,true,merge_commit
stharrold/stharrold-templates,post,155e6a554a1d91338d5f38518ae869f73fdf5752,2025-11-21T20:58:31Z,other,6,false,
stharrold/stharrold-templates,post,155e6a554a1d91338d5f38518ae869f73fdf5752,2025-11-21T20:58:31Z,skill,1,false,
stharrold/stharrold-templates,post,b3e0f3bea89a8214faeffef05af92533583d5584,2025-11-21T20:59:46Z,,0,true,merge_commit
stharrold/stharrold-templates,post,55a2ec9773319e453800df9da19c7e683d379674,2025-11-21T21:00:36Z,,0,true,merge_commit
stharrold/stharrold-templates,post,d619c55d0659776436a325b0c5e1a75db1f824f7,2025-11-22T02:03:11Z,other,7,false,
stharrold/stharrold-templates,post,a7475be7058e993f8aecc46755956cf75d33407f,2025-11-22T02:07:12Z,other,120,false,
stharrold/stharrold-templates,post,a7475be7058e993f8aecc46755956cf75d33407f,2025-11-22T02:07:12Z,test,5,false,
stharrold/stharrold-templates,post,9ed304a658fe52254a7379c8198735b6ec7245c8,2025-11-22T02:17:54Z,other,5,false,
stharrold/stharrold-templates,post,670e32a5f2a91548a2d0e679668efd213dcd95c7,2025-11-22T02:21:33Z,other,2,false,
stharrold/stharrold-templates,post,f1e5dbf1dda8ceeab31d50a254966f9d2cf879eb,2025-11-22T02:24:36Z,other,1,false,
stharrold/stharrold-templates,post,27f899108805875d1a8c1ad45a7068ead8ac316f,2025-11-22T02:26:35Z,other,1,false,
stharrold/stharrold-templates,post,d6c7a37ea8cb718fda42891bbce260d2ae8d0714,2025-11-22T03:21:01Z,,0,true,merge_commit
stharrold/stharrold-templates,post,7aa480a4c37e273ec0cd3bfcfbcc6b0148f282ec,2025-11-22T04:02:04Z,,0,true,merge_commit
stharrold/stharrold-templates,post,31ea72af94e60ffb2b527ea44f07de46eecbc25c,2025-11-22T04:08:05Z,other,2,false,
stharrold/stharrold-templates,post,50c20430085df3080ea25f3c2b3b038f29507929,2025-11-22T04:13:43Z,,0,true,merge_commit
stharrold/stharrold-templates,post,da5bc43f2e3d7422112915eee1e8bb1fa73ec2dd,2025-11-22T13:15:23Z,other,16,false,
stharrold/stharrold-templates,post,fcd94d649640f2f75c18f9b53af79ef68e636764,2025-11-22T13:16:14Z,other,2,false,
stharrold/stharrold-templates,post,fcd94d649640f2f75c18f9b53af79ef68e636764,2025-11-22T13:16:14Z,production,31,false,
stharrold/stharrold-templates,post,fcd94d649640f2f75c18f9b53af79ef68e636764,2025-11-22T13:16:14Z,test,1,false,
stharrold/stharrold-templates,post,45c036d6de44736ac7a88636e095242fff49ba50,2025-11-22T13:21:37Z,other,3,false,
stharrold/stharrold-templates,post,cd46d9c16c69f4b23d7dfa268cd90a66f5ab9c86,2025-11-22T13:29:29Z,,0,true,merge_commit
stharrold/stharrold-templates,post,557ad2236153c6b4638601918f2faefa8b347886,2025-11-22T13:32:18Z,other,1,false,
stharrold/stharrold-templates,post,085cb783b5e262cda273758e468ecb84c0e4ca67,2025-11-22T13:33:58Z,,0,true,merge_commit
stharrold/stharrold-templates,post,a8b7530a9fb46cfe8b438caf662262f024a1d732,2025-11-22T14:01:22Z,other,22,false,
stharrold/stharrold-templates,post,370cb94cf853e67b2112cfe8d4b3c9b82e59225c,2025-11-22T14:04:17Z,other,1,false,
stharrold/stharrold-templates,post,7d0fc6d8f831006cb058a5d00489d67dfe53f436,2025-11-22T14:07:08Z,other,3,false,
stharrold/stharrold-templates,post,08f7c03c9bd97c94ece90b1abe8f32176bf7a79f,2025-11-22T14:10:53Z,other,3,false,
stharrold/stharrold-templates,post,680e1e81b47c90f99d38db62ffa0e47aab323e4b,2025-11-22T14:18:32Z,,0,true,merge_commit
stharrold/stharrold-templates,post,653df45ef852e90e5ea5f4407c184398ec6f01be,2025-11-22T14:20:31Z,,0,true,merge_commit
stharrold/stharrold-templates,post,2d8fc42a6461ecc8a791dddc24c67cf50ca0ae41,2025-11-22T14:22:37Z,,0,true,merge_commit
stharrold/stharrold-templates,post,fee7f67ba1a386310f9a05513150b382a0c4c0b0,2025-11-22T14:39:06Z,other,11,false,
stharrold/stharrold-templates,post,2d7bbac0738774dac0cc52cacb47b7da1437d55a,2025-11-22T14:48:47Z,other,4,false,
stharrold/stharrold-templates,post,8bb0ea3090272048bbdd34b37d194d41fb10b08c,2025-11-22T14:49:33Z,,0,true,merge_commit
stharrold/stharrold-templates,post,30762f719c396da74bc74668e2d728c72a6e8b66,2025-11-22T14:57:04Z,other,4,false,
stharrold/stharrold-templates,post,0696997546308d83c7cca81d51ea36395f5cddda,2025-11-22T14:58:31Z,,0,true,merge_commit
stharrold/stharrold-templates,post,edaec3bbfe583e4cf74aa507a35938f4f1530a11,2025-11-22T15:08:48Z,,0,true,merge_commit
stharrold/stharrold-templates,post,b3a61eb200606872c11f8f3a5a6c66c39a2f2222,2025-11-22T15:20:35Z,other,18,false,
stharrold/stharrold-templates,post,fff7899f4f9f2928241de5c36b0b77ec2455ca52,2025-11-22T15:34:18Z,other,20,false,
stharrold/stharrold-templates,post,cb9fe89f8081148244dd243fde392cbcf1c34421,2025-11-22T15:35:57Z,,0,true,merge_commit
stharrold/stharrold-templates,post,4803a7aa1aade311b9af6c873e4fbe1e3fa43e86,2025-11-22T15:51:45Z,other,6,false,
stharrold/stharrold-templates,post,e893075732cdaaf7277d0e702bcfc17db4a28fdf,2025-11-22T15:57:39Z,,0,true,merge_commit
stharrold/stharrold-templates,post,b7621e3e74889afd61954628f841bd85c18b4d72,2025-11-22T16:03:32Z,other,2,false,
stharrold/stharrold-templates,post,d3ae5e8b31d8a952df79e97789ee6956bc2a4a5d,2025-11-23T16:05:13Z,,0,true,merge_commit
stharrold/stharrold-templates,post,0372428bdd114f673da5a835a10aec86d1f31810,2025-11-23T16:24:10Z,other,17,false,
stharrold/stharrold-templates,post,0372428bdd114f673da5a835a10aec86d1f31810,2025-11-23T16:24:10Z,test,11,false,
stharrold/stharrold-templates,post,79e1fe6ecb61a5cb2e7a89b7aadfd2f81615bcc4,2025-11-23T16:29:08Z,test,1,false,
stharrold/stharrold-templates,post,5f405d239fd83ca869764674dcda656e96427417,2025-11-23T16:32:39Z,test,1,false,
stharrold/stharrold-templates,post,45dbd2d0225cfe3a914d61a39e4764aea93cccbc,2025-11-23T16:38:34Z,other,4,false,
stharrold/stharrold-templates,post,45dbd2d0225cfe3a914d61a39e4764aea93cccbc,2025-11-23T16:38:34Z,test,1,false,
stharrold/stharrold-templates,post,caa9938d7ab15310d558c13ff532134afa9991aa,2025-11-23T16:40:22Z,,0,true,merge_commit
stharrold/stharrold-templates,post,c01b9b303bfe15edec1bc61e80770c1bab29a63f,2025-11-23T16:41:09Z,other,1,false,
stharrold/stharrold-templates,post,2872fc3bfef778d492a6f0e1cb768b62b78bddde,2025-11-23T16:49:05Z,other,2,false,
stharrold/stharrold-templates,post,2872fc3bfef778d492a6f0e1cb768b62b78bddde,2025-11-23T16:49:05Z,test,5,false,
stharrold/stharrold-templates,post,79bad38f1299ba0c09283b25c2a323e9010bc7ee,2025-11-23T16:54:51Z,,0,true,merge_commit
stharrold/stharrold-templates,post,9629b2282d4400fb9496e9b99dd849393d3a02d3,2025-11-23T17:18:54Z,other,1,false,
stharrold/stharrold-templates,post,e0835d23308d531c025ec4dbcf3c2eab30aeea09,2025-11-23T17:20:56Z,,0,true,merge_commit
stharrold/stharrold-templates,post,e92880aa37d3aa68893a79c8015f804e7626388c,2025-11-23T17:31:27Z,other,3,false,
stharrold/stharrold-templates,post,1f82bf672c1cd87202fe150a31103c12d66a93d9,2025-11-23T17:43:01Z,other,1,false,
stharrold/stharrold-templates,post,37b1edc075bb32b6c243d3b84d251d16c3a9469e,2025-11-23T17:45:03Z,other,1,false,
stharrold/stharrold-templates,post,ddb21ac9bad60e97252da739a581c55de41c83d1,2025-11-23T17:56:46Z,,0,true,merge_commit
stharrold/stharrold-templates,post,55473b7fba1662d9c291a5f00856ee80dcd02e6a,2025-11-23T18:51:23Z,other,69,false,
stharrold/stharrold-templates,post,55473b7fba1662d9c291a5f00856ee80dcd02e6a,2025-11-23T18:51:23Z,production,60,false,
stharrold/stharrold-templates,post,55473b7fba1662d9c291a5f00856ee80dcd02e6a,2025-11-23T18:51:23Z,test,11,false,
stharrold/stharrold-templates,post,4b1703ab9c824fc38a9a82bceab0bfd61b1ca97c,2025-11-23T20:58:53Z,other,1,false,
stharrold/stharrold-templates,post,4b1703ab9c824fc38a9a82bceab0bfd61b1ca97c,2025-11-23T20:58:53Z,production,1,false,
stharrold/stharrold-templates,post,c8e49f131407219343ba542715293810feece0d7,2025-11-23T21:00:04Z,,0,true,merge_commit
stharrold/stharrold-templates,post,6ea05c2fb628e48a9dab6384177fdb26ffc34b0d,2025-11-23T21:08:19Z,other,4,false,
stharrold/stharrold-templates,post,6ea05c2fb628e48a9dab6384177fdb26ffc34b0d,2025-11-23T21:08:19Z,production,1,false,
stharrold/stharrold-templates,post,7cba03ae729e903578678de4e8bb46bdd6f12af7,2025-11-23T21:14:24Z,,0,true,merge_commit
stharrold/stharrold-templates,post,645a8b61d928f2fb0139ea03722ff976f7f89b5f,2025-11-23T21:31:19Z,other,3,false,
stharrold/stharrold-templates,post,645a8b61d928f2fb0139ea03722ff976f7f89b5f,2025-11-23T21:31:19Z,production,1,false,
stharrold/stharrold-templates,post,19ea83639c6dfb7a1f9e614e777e2c0b16d6dcf7,2025-11-23T21:54:44Z,,0,true,merge_commit
stharrold/stharrold-templates,post,4270398a7e6a7259f8fa750aee9fa9aa0c266f0c,2025-11-23T23:36:48Z,other,3,false,
stharrold/stharrold-templates,post,4270398a7e6a7259f8fa750aee9fa9aa0c266f0c,2025-11-23T23:36:48Z,production,3,false,
stharrold/stharrold-templates,post,f6276712f9240433ea4365728ba656f49815e3db,2025-11-23T23:44:33Z,,0,true,merge_commit
stharrold/stharrold-templates,post,f413100f6adb7663dec1d8daa8089da1b52ba960,2025-11-23T23:52:45Z,other,2,false,
stharrold/stharrold-templates,post,f413100f6adb7663dec1d8daa8089da1b52ba960,2025-11-23T23:52:45Z,production,1,false,
stharrold/stharrold-templates,post,1b12cfd07259b8829cdf82b158b2658ae2cb4906,2025-11-24T00:15:06Z,other,1,false,
stharrold/stharrold-templates,post,1b12cfd07259b8829cdf82b158b2658ae2cb4906,2025-11-24T00:15:06Z,production,1,false,
stharrold/stharrold-templates,post,c4cf217be9a720c516da606ebf443149df032454,2025-11-24T00:22:48Z,,0,true,merge_commit
stharrold/stharrold-templates,post,0e132cb3f40e4ddf4dfbec4907e8853028f19f6e,2025-11-24T00:36:49Z,other,2,false,
stharrold/stharrold-templates,post,0e132cb3f40e4ddf4dfbec4907e8853028f19f6e,2025-11-24T00:36:49Z,production,1,false,
stharrold/stharrold-templates,post,0698ace57da5c5bd0e48aa283b3722bbc4e027a7,2025-11-24T00:39:22Z,,0,true,merge_commit
stharrold/stharrold-templates,post,ba3073331c47461e19dc796bef751fcb7dafeae5,2025-11-24T00:49:11Z,other,2,false,
stharrold/stharrold-templates,post,ba3073331c47461e19dc796bef751fcb7dafeae5,2025-11-24T00:49:11Z,production,1,false,
stharrold/stharrold-templates,post,2c502b6c3562efb50e73ea6177ad29c758441602,2025-11-24T00:53:33Z,,0,true,merge_commit
stharrold/stharrold-templates,post,7da0c61a34e7b69336441b01e1b451387005ee29,2025-11-24T01:16:17Z,,0,true,merge_commit
stharrold/stharrold-templates,post,dc14b9f5b6dc02ff47f3a99bfdeb996ff4cd326f,2025-11-24T03:20:56Z,other,138,false,
stharrold/stharrold-templates,post,dc14b9f5b6dc02ff47f3a99bfdeb996ff4cd326f,2025-11-24T03:20:56Z,production,23,false,
stharrold/stharrold-templates,post,2c7cfca64620174de79fe36962882cf5802ad74e,2025-11-24T03:27:15Z,other,7,false,
stharrold/stharrold-templates,post,aabf301e3cf7f6c23f7d4fec85e7f13da75b74a4,2025-11-24T03:31:55Z,other,3,false,
stharrold/stharrold-templates,post,d01e22e2ddf658fb1f02f71f2634b51d809c4861,2025-11-24T05:52:33Z,other,164,false,
stharrold/stharrold-templates,post,d01e22e2ddf658fb1f02f71f2634b51d809c4861,2025-11-24T05:52:33Z,production,66,false,
stharrold/stharrold-templates,post,d01e22e2ddf658fb1f02f71f2634b51d809c4861,2025-11-24T05:52:33Z,test,16,false,
stharrold/stharrold-templates,post,00c155169a13e50513d553da326fc2315feb9224,2025-11-24T05:53:57Z,,0,true,merge_commit
stharrold/stharrold-templates,post,ca73bd43742d70f93c701510ac0735fe42c80a4d,2025-11-24T05:57:03Z,other,3,false,
stharrold/stharrold-templates,post,a6016c4daa8494b86e7d3c1a1780294222b34805,2025-11-24T10:28:58Z,other,1,false,
stharrold/stharrold-templates,post,de3945bf611e44946216e64cc594944c0a240667,2025-11-24T10:29:17Z,,0,true,merge_commit
stharrold/stharrold-templates,post,6350453b971c01735eeda73a7b243d8bfac76bb8,2025-11-24T10:31:35Z,other,3,false,
stharrold/stharrold-templates,post,b9c807c9adda6cd7c1adcf7c7659d11f012c3e6c,2025-11-24T10:33:33Z,,0,true,merge_commit
stharrold/stharrold-templates,post,500b8c7fc7a9d9d4806bdb7b1348546536d87bde,2025-11-24T10:40:42Z,,0,true,merge_commit
stharrold/stharrold-templates,post,1603c3397436f5a02c92808bcce2468ec7fe7a13,2025-11-24T10:46:24Z,other,1,false,
stharrold/stharrold-templates,post,74d9f9c0e63bd37ac317f7c01c7620636bfa328c,2025-11-24T10:47:55Z,,0,true,merge_commit
stharrold/stharrold-templates,post,cef9803b6e71d3e21b8c0273d7738ec6a0db3e69,2025-11-24T11:23:26Z,other,6,false,
stharrold/stharrold-templates,post,6d01d776be5271c81b11eabc0998fddb60ea8b6e,2025-11-24T11:35:38Z,other,2,false,
stharrold/stharrold-templates,post,e376771b27379be9dd8dba200ba9eb1d085a5084,2025-11-24T11:35:47Z,other,3,false,
stharrold/stharrold-templates,post,55bb63e817115a957dffc81d5b4d355b7067586a,2025-11-24T12:39:26Z,other,11,false,
stharrold/stharrold-templates,post,ac5d90b947094274a166f83573b00a7e2f53c290,2025-11-24T12:55:05Z,other,2,false,
stharrold/stharrold-templates,post,66f3bfda14a2ea15186dae7f7852fdbd757e9d74,2025-11-24T13:03:27Z,,0,true,merge_commit
stharrold/stharrold-templates,post,d2e626029cebb20772ab86ed3a1f1eec46c83543,2025-11-24T13:21:02Z,other,6,false,
stharrold/stharrold-templates,post,d2e626029cebb20772ab86ed3a1f1eec46c83543,2025-11-24T13:21:02Z,production,2,false,
stharrold/stharrold-templates,post,e23297c0d82251d8d0b6e21f294bc7866d69fb8b,2025-11-24T13:21:02Z,other,8,false,
stharrold/stharrold-templates,post,e23297c0d82251d8d0b6e21f294bc7866d69fb8b,2025-11-24T13:21:02Z,production,1,false,
stharrold/stharrold-templates,post,eaee7a1825240fcfc6713e45bce4e294ef38c0e7,2025-11-24T13:22:16Z,,0,true,merge_commit
stharrold/stharrold-templates,post,66001dbed75410b4d82f1305f2402495272be69c,2025-11-24T13:38:43Z,other,3,false,
stharrold/stharrold-templates,post,66001dbed75410b4d82f1305f2402495272be69c,2025-11-24T13:38:43Z,production,1,false,
stharrold/stharrold-templates,post,7785c1ffc578d426e3e50c8ef7a2954b234ff3ad,2025-11-24T13:47:58Z,other,4,false,
stharrold/stharrold-templates,post,2c91b4e4e083cb4da99b60084be10e33dbd97daa,2025-11-24T13:48:34Z,,0,true,merge_commit
stharrold/stharrold-templates,post,4be39fb9ef5eff32d46654ad212dc105a59905b7,2025-11-24T13:54:17Z,,0,true,merge_commit
stharrold/stharrold-templates,post,90fcd222eb74542466ac683351d41d171c6cb8e4,2025-11-24T13:54:56Z,other,3,false,
stharrold/stharrold-templates,post,cb4a89ff19b5bf318f447190fce052a81eb900c0,2025-11-24T13:56:56Z,other,3,false,
stharrold/stharrold-templates,post,155078be3c164a15fb0315be387e3b8129401fa2,2025-11-24T14:00:58Z,other,2,false,
stharrold/stharrold-templates,post,155078be3c164a15fb0315be387e3b8129401fa2,2025-11-24T14:00:58Z,production,1,false,
stharrold/stharrold-templates,post,dc2e148a7b54228ff5f4e89069914858342585e9,2025-11-24T14:17:54Z,other,15,false,
stharrold/stharrold-templates,post,dc2e148a7b54228ff5f4e89069914858342585e9,2025-11-24T14:17:54Z,production,6,false,
stharrold/stharrold-templates,post,721b867104c8705699824262a867d49c78a577fe,2025-11-24T14:24:08Z,other,3,false,
stharrold/stharrold-templates,post,cb141c036efa48014537d6fc77b1b5366431e2b5,2025-11-24T14:35:14Z,other,4,false,
stharrold/stharrold-templates,post,fdc2e0333cdcba21b90f0a597d436f3ccb5dde73,2025-11-24T14:45:50Z,other,1,false,
stharrold/stharrold-templates,post,fdc2e0333cdcba21b90f0a597d436f3ccb5dde73,2025-11-24T14:45:50Z,production,1,false,
stharrold/stharrold-templates,post,fdc2e0333cdcba21b90f0a597d436f3ccb5dde73,2025-11-24T14:45:50Z,test,1,false,
stharrold/stharrold-templates,post,abdac0ed15b1c0ebc50a676c7d86f6e4a5f7c85a,2025-11-24T14:49:40Z,other,3,false,
stharrold/stharrold-templates,post,9be054155fc98808a75c92c143c9a6c8b799165a,2025-11-24T14:54:47Z,,0,true,merge_commit
stharrold/stharrold-templates,post,cbacb44a4324974a599f7e18150c2a698671179c,2025-11-24T15:14:49Z,other,1,false,
stharrold/stharrold-templates,post,cbacb44a4324974a599f7e18150c2a698671179c,2025-11-24T15:14:49Z,production,1,false,
stharrold/stharrold-templates,post,cbacb44a4324974a599f7e18150c2a698671179c,2025-11-24T15:14:49Z,test,1,false,
stharrold/stharrold-templates,post,b9a46ade456790807e7c79e617d3f9504f6a8748,2025-11-24T15:16:05Z,,0,true,merge_commit
stharrold/stharrold-templates,post,f4b246dcbb6688363e86c21e1ac9d02458945a40,2025-11-24T15:57:05Z,,0,true,merge_commit
stharrold/stharrold-templates,post,4dba71eac02264e45e0d551e2fb31a8c00e1154c,2025-11-24T17:09:57Z,other,6,false,
stharrold/stharrold-templates,post,a1b39f44a08fd0f64493c3c0009169c69e277970,2025-11-24T17:33:31Z,other,156,false,
stharrold/stharrold-templates,post,a1b39f44a08fd0f64493c3c0009169c69e277970,2025-11-24T17:33:31Z,production,5,false,
stharrold/stharrold-templates,post,a1b39f44a08fd0f64493c3c0009169c69e277970,2025-11-24T17:33:31Z,skill,9,false,
stharrold/stharrold-templates,post,0cdd7c8577eb0858036583e6e40c0a5716601dcb,2025-11-24T17:35:32Z,other,4,false,
stharrold/stharrold-templates,post,8273a26828f038ae25f3bb752f9c4905f5792365,2025-11-24T17:46:28Z,,0,true,merge_commit
stharrold/stharrold-templates,post,1248d6343380bf79a3cec1d74db118b515eafef3,2025-11-24T18:00:41Z,other,2,false,
stharrold/stharrold-templates,post,213d6925eb35baa3be9509f7223c7417a1c9ac3b,2025-11-24T19:00:08Z,other,2,false,
stharrold/stharrold-templates,post,b0e70d516c16f132822cad9ecd958b71cb021764,2025-11-24T19:04:42Z,,0,true,merge_commit
stharrold/stharrold-templates,post,ec9e654cd29a047433a0535f5719dd77aca318e4,2025-11-24T19:58:48Z,other,1,false,
stharrold/stharrold-templates,post,cf7e0d805a759f065120d2245592c7b3906f25bd,2025-11-24T20:06:52Z,other,1,false,
stharrold/stharrold-templates,post,cf7e0d805a759f065120d2245592c7b3906f25bd,2025-11-24T20:06:52Z,test,1,false,
stharrold/stharrold-templates,post,0fc803f041c71d4820af5efe855ff0cc30290120,2025-11-24T20:27:44Z,other,1,false,
stharrold/stharrold-templates,post,1eb292f8cd458787c6065caa56ebea9e05a0189f,2025-11-24T20:31:29Z,,0,true,merge_commit
stharrold/stharrold-templates,post,6f701647704130a1cf9289ece5ecbcb64d81323b,2025-11-24T20:34:17Z,other,1,false,
stharrold/stharrold-templates,post,250e12de3d704876280ff25142014a0ca0b4539e,2025-11-26T21:28:33Z,other,6,false,
stharrold/stharrold-templates,post,250e12de3d704876280ff25142014a0ca0b4539e,2025-11-26T21:28:33Z,production,4,false,
stharrold/stharrold-templates,post,df09412c39f8659c822206e87df774647a5c01d7,2025-11-28T16:00:09Z,other,3,false,
stharrold/stharrold-templates,post,d1eb3738e91411f7cb967ad6433605663885d2cf,2025-11-28T16:06:42Z,other,4,false,
stharrold/stharrold-templates,post,d1eb3738e91411f7cb967ad6433605663885d2cf,2025-11-28T16:06:42Z,production,1,false,
stharrold/stharrold-templates,post,4c7ab571b26c325e9447f05e3996e3335cbe1df4,2025-11-28T16:15:11Z,other,2,false,
stharrold/stharrold-templates,post,4c7ab571b26c325e9447f05e3996e3335cbe1df4,2025-11-28T16:15:11Z,production,1,false,
stharrold/stharrold-templates,post,84caf462de4e99051d06081196b94598d8f4624a,2025-11-28T17:44:02Z,other,6,false,
stharrold/stharrold-templates,post,1b850000f291cab624db0624e272037a7ebc475c,2025-11-28T17:44:42Z,other,12,false,
stharrold/stharrold-templates,post,1b850000f291cab624db0624e272037a7ebc475c,2025-11-28T17:44:42Z,production,11,false,
stharrold/stharrold-templates,post,1b850000f291cab624db0624e272037a7ebc475c,2025-11-28T17:44:42Z,test,1,false,
stharrold/stharrold-templates,post,9579b1b2a8b9efed033b8c030186520ec9d20d34,2025-11-28T17:44:43Z,other,3,false,
stharrold/stharrold-templates,post,9579b1b2a8b9efed033b8c030186520ec9d20d34,2025-11-28T17:44:43Z,production,2,false,
stharrold/stharrold-templates,post,9579b1b2a8b9efed033b8c030186520ec9d20d34,2025-11-28T17:44:43Z,test,1,false,
stharrold/stharrold-templates,post,4c879e1fb17692ff26d594c10973f480b8481602,2025-11-28T17:46:05Z,,0,true,merge_commit
stharrold/stharrold-templates,post,0f7a887310c955defaafc99f2c137e9469edcc5c,2025-11-28T17:46:58Z,other,6,false,
stharrold/stharrold-templates,post,d6df8f75e70d25b9871699ff3f70dad3ee33e3aa,2025-11-28T17:46:58Z,other,2,false,
stharrold/stharrold-templates,post,d6df8f75e70d25b9871699ff3f70dad3ee33e3aa,2025-11-28T17:46:58Z,production,2,false,
stharrold/stharrold-templates,post,a87915517cd3af88af3dcf796fb0764f2c1af6fb,2025-11-28T17:47:42Z,other,8,false,
stharrold/stharrold-templates,post,a87915517cd3af88af3dcf796fb0764f2c1af6fb,2025-11-28T17:47:42Z,production,2,false,
stharrold/stharrold-templates,post,a87915517cd3af88af3dcf796fb0764f2c1af6fb,2025-11-28T17:47:42Z,test,1,false,
stharrold/stharrold-templates,post,07abcb3c912f2b1bf004fb3bf4dfeef04a218c3b,2025-11-28T17:51:03Z,,0,true,merge_commit
stharrold/stharrold-templates,post,b9487a09e727896310903cac44d674ec6d0a0eba,2025-11-28T17:57:45Z,other,1,false,
stharrold/stharrold-templates,post,b9487a09e727896310903cac44d674ec6d0a0eba,2025-11-28T17:57:45Z,production,1,false,
stharrold/stharrold-templates,post,b19ab6a847ffc3819800935dd86dd89533e9480f,2025-11-28T18:05:58Z,other,1,false,
stharrold/stharrold-templates,post,b19ab6a847ffc3819800935dd86dd89533e9480f,2025-11-28T18:05:58Z,production,1,false,
stharrold/stharrold-templates,post,b19ab6a847ffc3819800935dd86dd89533e9480f,2025-11-28T18:05:58Z,test,1,false,
stharrold/stharrold-templates,post,ddef3318fcb4c514949b6edcc01a10ad03b9ecbb,2025-11-28T18:08:43Z,,0,true,merge_commit
stharrold/stharrold-templates,post,9717fb2845034be83cde3413966219c751b80fe9,2025-11-28T18:24:56Z,,0,true,merge_commit
stharrold/stharrold-templates,post,0f07e0cfdf4e2e8a71387be8476311a9a11afe84,2025-11-28T18:33:33Z,other,20,false,
stharrold/stharrold-templates,post,c126b05cb28ecd7adf2741fc4200d12d8b4ac1d1,2025-11-28T18:44:22Z,other,2,false,
stharrold/stharrold-templates,post,03621e3efe59d00f2c5cf5b89d455eb7264fac0c,2025-11-28T18:47:22Z,,0,true,merge_commit
stharrold/stharrold-templates,post,1fa73f81bc8f6278fb0b4bd44d61e226579b0785,2025-11-28T18:49:50Z,,0,true,merge_commit
stharrold/stharrold-templates,post,c2abc0934b6085c6e6de599f6e583eafcb9fa46e,2025-11-30T16:33:35Z,other,7,false,
stharrold/stharrold-templates,post,be396a330414ef58f61c2a6dcab4f768f69fbeed,2025-11-30T16:39:07Z,other,7,false,
stharrold/stharrold-templates,post,992f799d1a8ffbc2f2f76059a2365b85ecd25789,2025-11-30T16:56:27Z,other,9,false,
stharrold/stharrold-templates,post,992f799d1a8ffbc2f2f76059a2365b85ecd25789,2025-11-30T16:56:27Z,production,1,false,
stharrold/stharrold-templates,post,992f799d1a8ffbc2f2f76059a2365b85ecd25789,2025-11-30T16:56:27Z,test,2,false,
stharrold/stharrold-templates,post,975a8ef66f18be31917bba46a80d003fd4cc4fef,2025-11-30T17:03:50Z,test,1,false,
stharrold/stharrold-templates,post,dfcb2f89f6696404161dead91b7435b6e3f00a97,2025-11-30T17:19:55Z,other,1,false,
stharrold/stharrold-templates,post,e23f41a884a954ba0b57f1c118b314e1199b111f,2025-11-30T17:19:56Z,other,1,false,
stharrold/stharrold-templates,post,2134578dfe20618eeed86c97e31c580f2804cb3f,2025-11-30T17:20:36Z,,0,true,merge_commit
stharrold/stharrold-templates,post,135c61105b856490e9d6c0751bc3e9b4a0445125,2025-11-30T17:21:47Z,,0,true,merge_commit
stharrold/stharrold-templates,post,5cba879b75dbac167189dbce06e8b9e7d803dedb,2025-11-30T17:30:02Z,,0,true,merge_commit
stharrold/stharrold-templates,post,383d9e51e78e1613e70449909cf3b84be7add683,2025-11-30T17:33:35Z,other,10,false,
stharrold/stharrold-templates,post,383d9e51e78e1613e70449909cf3b84be7add683,2025-11-30T17:33:35Z,production,4,false,
stharrold/stharrold-templates,post,383d9e51e78e1613e70449909cf3b84be7add683,2025-11-30T17:33:35Z,test,2,false,
stharrold/stharrold-templates,post,6ebca7a4bb4e874f9f7c32612b8bfde46de1837e,2025-11-30T17:50:45Z,,0,true,merge_commit
stharrold/stharrold-templates,post,3da291a4c9505423a57c8826ae889491a3b196a9,2025-11-30T19:49:14Z,,0,true,merge_commit
stharrold/stharrold-templates,post,8f64db11dd303e3b77490f23c542325984e651d8,2025-11-30T19:56:42Z,test,1,false,
stharrold/stharrold-templates,post,32ead79bba763e03dff01270c096c396ddb70d0f,2025-11-30T19:58:53Z,,0,true,merge_commit
stharrold/stharrold-templates,post,f4554323d5b8aaa5e998d76a20466cc153e1b252,2025-11-30T20:10:26Z,other,4,false,
stharrold/stharrold-templates,post,cfe78ab3119f731fb8d68146a8206873fb1d449c,2025-11-30T20:56:24Z,other,7,false,
stharrold/stharrold-templates,post,5a25a62547a047d64ce912ebecf9d1923242b7ab,2025-11-30T21:02:21Z,,0,true,merge_commit
stharrold/stharrold-templates,post,9c08751377c7ca44e6b61a2dcd3ac2b3d95214c4,2025-11-30T21:05:31Z,,0,true,merge_commit
stharrold/stharrold-templates,post,868553158214cbfe90f38dd3f7ae17e8e58fef21,2025-11-30T21:10:55Z,,0,true,merge_commit
stharrold/stharrold-templates,post,8878da4e159dd7f04dfe978ebd0cdea9adfa2956,2025-12-20T02:50:22Z,other,69,false,
stharrold/stharrold-templates,post,8878da4e159dd7f04dfe978ebd0cdea9adfa2956,2025-12-20T02:50:22Z,production,67,false,
stharrold/stharrold-templates,post,8878da4e159dd7f04dfe978ebd0cdea9adfa2956,2025-12-20T02:50:22Z,test,27,false,
stharrold/stharrold-templates,post,72d653e4dffd3b5f25c58eba71c1248eca27c06f,2025-12-20T02:52:40Z,other,3,false,
stharrold/stharrold-templates,post,16cf1b5981b0cc3b7fc288107a69e3c3522e107b,2025-12-20T21:49:16Z,other,5,false,
stharrold/stharrold-templates,post,16cf1b5981b0cc3b7fc288107a69e3c3522e107b,2025-12-20T21:49:16Z,production,3,false,
stharrold/stharrold-templates,post,16cf1b5981b0cc3b7fc288107a69e3c3522e107b,2025-12-20T21:49:16Z,test,1,false,
stharrold/stharrold-templates,post,5a616ebdaade844a357fcb60d25a2ccf1d5d590b,2025-12-20T22:11:46Z,,0,true,merge_commit
stharrold/stharrold-templates,post,0a44fd8d81163ded004d0feaaa66afe5dd68a933,2025-12-20T22:29:58Z,other,3,false,
stharrold/stharrold-templates,post,d5f8bbfe7ebe7a8bef4410c8172bbee3d931c2d4,2025-12-20T22:33:12Z,,0,true,merge_commit
stharrold/stharrold-templates,post,62834bd957189e1d66f1316b82aee9b1b0066214,2025-12-20T22:47:32Z,other,1,false,
stharrold/stharrold-templates,post,172883b265f64f44a05b395d04333f7c6089163c,2025-12-20T22:47:33Z,other,1,false,
stharrold/stharrold-templates,post,5cec235d612eaa2697994f577069ff5cd8e0b65b,2025-12-20T22:47:54Z,,0,true,merge_commit
stharrold/stharrold-templates,post,f5962ba92b9738640a05a06ef523ded2b7ec7984,2025-12-20T22:54:23Z,,0,true,merge_commit
stharrold/stharrold-templates,post,5f3a1b683a0be4f50689a38fa70b606c6f5d3d28,2025-12-28T13:47:19Z,other,42,false,
stharrold/stharrold-templates,post,5f3a1b683a0be4f50689a38fa70b606c6f5d3d28,2025-12-28T13:47:19Z,production,34,false,
stharrold/stharrold-templates,post,5f3a1b683a0be4f50689a38fa70b606c6f5d3d28,2025-12-28T13:47:19Z,test,5,false,
stharrold/stharrold-templates,post,6737a96f0446c0f9d67cf8dac7aecbbeb6540681,2025-12-28T14:41:04Z,other,2,false,
stharrold/stharrold-templates,post,6737a96f0446c0f9d67cf8dac7aecbbeb6540681,2025-12-28T14:41:04Z,production,2,false,
stharrold/stharrold-templates,post,6737a96f0446c0f9d67cf8dac7aecbbeb6540681,2025-12-28T14:41:04Z,test,1,false,
stharrold/stharrold-templates,post,dd2d5f9fd209ef6ec8cfa637ead934644a0ad122,2025-12-28T14:55:37Z,test,2,false,
stharrold/stharrold-templates,post,1d9625a654ce6e9445469f015f019a9a2beb29ca,2025-12-28T15:02:14Z,test,1,false,
stharrold/stharrold-templates,post,6ad6f66de8f7a99e8c2525bf302f9e6dddba57d9,2025-12-28T15:05:01Z,other,1,false,
stharrold/stharrold-templates,post,6ad6f66de8f7a99e8c2525bf302f9e6dddba57d9,2025-12-28T15:05:01Z,production,1,false,
stharrold/stharrold-templates,post,6ad6f66de8f7a99e8c2525bf302f9e6dddba57d9,2025-12-28T15:05:01Z,test,1,false,
stharrold/stharrold-templates,post,60e04b9d07671e292e1861ad2d275f36f036928f,2025-12-28T15:14:41Z,other,2,false,
stharrold/stharrold-templates,post,60e04b9d07671e292e1861ad2d275f36f036928f,2025-12-28T15:14:41Z,production,1,false,
stharrold/stharrold-templates,post,60e04b9d07671e292e1861ad2d275f36f036928f,2025-12-28T15:14:41Z,test,1,false,
stharrold/stharrold-templates,post,b042e43ca047f9abb9144fb06a93129c512482d5,2025-12-28T15:28:53Z,,0,true,merge_commit
stharrold/stharrold-templates,post,471af3e101475b83237969f4b23e278165ee83e0,2025-12-28T18:51:23Z,other,4,false,
stharrold/stharrold-templates,post,471af3e101475b83237969f4b23e278165ee83e0,2025-12-28T18:51:23Z,production,4,false,
stharrold/stharrold-templates,post,471af3e101475b83237969f4b23e278165ee83e0,2025-12-28T18:51:23Z,test,2,false,
stharrold/stharrold-templates,post,4d6061b06290c06ba0b60367ee7b099fe00a01e6,2025-12-28T18:55:00Z,,0,true,merge_commit
stharrold/stharrold-templates,post,71bf51cf22fe6f0303a3a7e18bdc4d35d4b85286,2025-12-28T19:24:43Z,test,2,false,
stharrold/stharrold-templates,post,d4a6fab079ba60f9aec6ccfbd0a5eec458c56c79,2025-12-28T21:12:36Z,,0,true,merge_commit
stharrold/stharrold-templates,post,ab8553aca473cfd718ee66a68620cc044757bff1,2025-12-28T22:22:01Z,other,267,false,
stharrold/stharrold-templates,post,ab8553aca473cfd718ee66a68620cc044757bff1,2025-12-28T22:22:01Z,production,73,false,
stharrold/stharrold-templates,post,ab8553aca473cfd718ee66a68620cc044757bff1,2025-12-28T22:22:01Z,skill,9,false,
stharrold/stharrold-templates,post,ab8553aca473cfd718ee66a68620cc044757bff1,2025-12-28T22:22:01Z,test,2,false,
stharrold/stharrold-templates,post,3e368c599a30e9279e952620c781b0491acd2897,2025-12-29T00:08:00Z,other,9,false,
stharrold/stharrold-templates,post,31ff8fe291297e0cced2c6e6b53c6db713ea49e2,2025-12-29T00:14:26Z,,0,true,merge_commit
stharrold/stharrold-templates,post,50d30b1b67159ba7d0fbabee137fcd8fab86940d,2025-12-29T00:48:24Z,,0,true,merge_commit
stharrold/stharrold-templates,post,a6406f17b421e7adaaeea78af65ef287b222e7f4,2025-12-29T00:50:42Z,,0,true,merge_commit
stharrold/stharrold-templates,post,4c9e45850e794a49a7cc46362b68bb5accd192d0,2025-12-29T00:51:00Z,other,59,false,
stharrold/stharrold-templates,post,4c9e45850e794a49a7cc46362b68bb5accd192d0,2025-12-29T00:51:00Z,skill,3,false,
stharrold/stharrold-templates,post,4c9e45850e794a49a7cc46362b68bb5accd192d0,2025-12-29T00:51:00Z,test,5,false,
stharrold/stharrold-templates,post,4d4fbac6e4a254f2a497de5cbdadd1e52e3cb162,2025-12-29T00:52:00Z,,0,true,merge_commit
stharrold/stharrold-templates,post,ba9cd947b8ecb82554621f816250ea6355d1ad5e,2025-12-29T01:06:50Z,other,7,false,
stharrold/stharrold-templates,post,ba9cd947b8ecb82554621f816250ea6355d1ad5e,2025-12-29T01:06:50Z,production,2,false,
stharrold/stharrold-templates,post,ba9cd947b8ecb82554621f816250ea6355d1ad5e,2025-12-29T01:06:50Z,test,1,false,
stharrold/stharrold-templates,post,201a54206418d9e46b86feb1c7e64412cb6dccdb,2025-12-29T01:22:56Z,other,1,false,
stharrold/stharrold-templates,post,201a54206418d9e46b86feb1c7e64412cb6dccdb,2025-12-29T01:22:56Z,production,2,false,
stharrold/stharrold-templates,post,488f8c3e30e0520c07cc736b9ff7afc364b4ab0a,2025-12-29T01:24:14Z,,0,true,merge_commit
stharrold/stharrold-templates,post,7d79f8d31cd4b405e66c9682e8be5c734f79eb4a,2025-12-29T01:34:56Z,,0,true,merge_commit
stharrold/stharrold-templates,post,1945512267f881e8b19d6ee0cc3a24cdc18f82c4,2025-12-29T02:12:13Z,other,3,false,
stharrold/stharrold-templates,post,f035fea0bc61b5e221508e4f3e9ed0dc3e933e28,2025-12-29T02:26:50Z,other,1,false,
stharrold/stharrold-templates,post,f035fea0bc61b5e221508e4f3e9ed0dc3e933e28,2025-12-29T02:26:50Z,test,2,false,
stharrold/stharrold-templates,post,d17e5ebe3a83e631a0c336c5fda36103444e4081,2025-12-29T02:33:06Z,other,1,false,
stharrold/stharrold-templates,post,76c0cc4f02e5b2e5a84b32724ee925a0bb82448e,2025-12-29T02:41:04Z,other,1,false,
stharrold/stharrold-templates,post,76c0cc4f02e5b2e5a84b32724ee925a0bb82448e,2025-12-29T02:41:04Z,test,1,false,
stharrold/stharrold-templates,post,f34e931d437323bb4ca1ed49eb1820cbed8c031e,2025-12-29T02:43:43Z,,0,true,merge_commit
stharrold/stharrold-templates,post,3e1d6e2aac8583f067779cc00a5c7d1d548bf6d2,2025-12-29T02:47:52Z,,0,true,merge_commit
stharrold/stharrold-templates,post,9f77d9ebddaf0406e6d0f90cf87c700b6c58b4f5,2025-12-29T15:03:46Z,other,140,false,
stharrold/stharrold-templates,post,1ae1d33f4b5039769ba2b7e0dc718462451b1fa2,2025-12-29T15:10:38Z,other,14,false,
stharrold/stharrold-templates,post,f3a01ff3672c8e7110fb51e6e736184acb013889,2025-12-29T15:17:04Z,other,7,false,
stharrold/stharrold-templates,post,f0fc196d0fb709a317f2e287595745a5f8df3a1b,2025-12-29T15:17:50Z,other,2,false,
stharrold/stharrold-templates,post,2e3920794c53b9fadbe0eaa12d040fd10f06a90d,2025-12-29T15:26:24Z,other,1,false,
stharrold/stharrold-templates,post,c7f81864c6bbb60dc3047d9aa0cce739dea5ff4f,2025-12-29T15:34:44Z,other,2,false,
stharrold/stharrold-templates,post,87510548cf59fcccca7220fa79e3d8a9d82a0b0e,2025-12-29T15:43:46Z,,0,true,merge_commit
stharrold/stharrold-templates,post,b44ad7f4079a9f6a6d9861795895d8a629acf51d,2025-12-29T15:59:32Z,,0,true,merge_commit
stharrold/stharrold-templates,post,47c6385c7e5064563eea2962b64e1b580d0d428a,2025-12-31T20:20:47Z,other,1,false,
stharrold/stharrold-templates,post,182816cb9170e61dbf09084ddba10d7685ac3ffb,2026-01-01T23:35:02Z,other,623,false,
stharrold/stharrold-templates,post,182816cb9170e61dbf09084ddba10d7685ac3ffb,2026-01-01T23:35:02Z,production,72,false,
stharrold/stharrold-templates,post,182816cb9170e61dbf09084ddba10d7685ac3ffb,2026-01-01T23:35:02Z,skill,15,false,
stharrold/stharrold-templates,post,182816cb9170e61dbf09084ddba10d7685ac3ffb,2026-01-01T23:35:02Z,test,23,false,
stharrold/stharrold-templates,post,2da837ec8e64fd709801dbf8ca30ef1a4a875fd0,2026-01-01T23:40:12Z,other,141,false,
stharrold/stharrold-templates,post,ac3b3dc24421a58baa32cdf7b35041645dffa117,2026-01-02T00:02:07Z,other,1,false,
stharrold/stharrold-templates,post,9fdaa351b590e0d491654463ab66af8a25c858fe,2026-01-02T00:03:25Z,other,11,false,
stharrold/stharrold-templates,post,c447eac43a2830a845d61f41ef822f71ceab8f07,2026-01-02T00:05:55Z,other,1,false,
stharrold/stharrold-templates,post,70f6f43a17634b9e2c4a5f8625a8bfc33402f6d0,2026-01-02T00:07:12Z,other,2,false,
stharrold/stharrold-templates,post,583287e281f237455938e64f168b636b4946bbd3,2026-01-02T00:09:11Z,other,36,false,
stharrold/stharrold-templates,post,583287e281f237455938e64f168b636b4946bbd3,2026-01-02T00:09:11Z,production,5,false,
stharrold/stharrold-templates,post,2b47679a20f513e82c88ed04a464321a028c42e5,2026-01-02T00:29:31Z,other,171,false,
stharrold/stharrold-templates,post,2b47679a20f513e82c88ed04a464321a028c42e5,2026-01-02T00:29:31Z,production,65,false,
stharrold/stharrold-templates,post,2b47679a20f513e82c88ed04a464321a028c42e5,2026-01-02T00:29:31Z,skill,3,false,
stharrold/stharrold-templates,post,2b47679a20f513e82c88ed04a464321a028c42e5,2026-01-02T00:29:31Z,test,5,false,
stharrold/stharrold-templates,post,5e264f1d5cbb4e33495935d03ef43f3f661cba83,2026-01-02T00:35:02Z,other,1,false,
stharrold/stharrold-templates,post,ffafcf989baa6d0215705d09bfd0d5f3b8e51426,2026-01-02T00:41:33Z,,0,true,merge_commit
stharrold/stharrold-templates,post,c453d406d9dc0a7455329897afaea5e8e8a09112,2026-01-02T00:45:37Z,other,2,false,
stharrold/stharrold-templates,post,2b9ba9450fd08d2e98b07e36a9ab1380b277a8e8,2026-01-02T00:49:32Z,other,1,false,
stharrold/stharrold-templates,post,10a089286a419bd19b12ff3c8dc5a2b41717e64d,2026-01-02T00:51:41Z,,0,true,merge_commit
stharrold/stharrold-templates,post,144eaf31983e8c01563b968e89140318331bb564,2026-01-02T01:05:14Z,other,3,false,
stharrold/stharrold-templates,post,047c8907ffa8e471d3a9f34b0dfcd3d4ea526315,2026-01-02T01:07:43Z,,0,true,merge_commit
stharrold/stharrold-templates,post,3aa303a9375f1874d87cfd8cafcd264d8e5f8993,2026-01-02T01:15:41Z,other,1,false,
stharrold/stharrold-templates,post,4013cd07b18c9e61a056f1d703921a6d6d6a06a1,2026-01-02T01:17:41Z,other,1,false,
stharrold/stharrold-templates,post,9cea6c122b2dd638e799d16371fc5ad8feef0d36,2026-01-02T01:21:46Z,other,1,false,
stharrold/stharrold-templates,post,4d793a035e355f62bf45ab2a2c6cb4b4062cff26,2026-01-02T01:38:44Z,other,1,false,
stharrold/stharrold-templates,post,cbec4b2a1135c50132c140b5ae4692f6c6bd048d,2026-01-02T01:48:13Z,other,1,false,
stharrold/stharrold-templates,post,5224e074fd841625e226ea7c183eff7558d6e90f,2026-01-02T16:26:21Z,other,1,false,
stharrold/stharrold-templates,post,220e9838297d27790dcc3cfaa6ddde27129ec3df,2026-01-02T16:37:59Z,,0,true,merge_commit
stharrold/stharrold-templates,post,d14709b41f73c27740c258ed1bef308330665b33,2026-01-02T16:52:39Z,other,4,false,
stharrold/stharrold-templates,post,19ac2f712d975d05de518f73d9f90b5086de071b,2026-01-02T17:26:16Z,other,12,false,
stharrold/stharrold-templates,post,be4ca34ad7fc2f935c3ae7648fc0a5dcebc4660e,2026-01-02T17:39:03Z,other,11,false,
stharrold/stharrold-templates,post,be4ca34ad7fc2f935c3ae7648fc0a5dcebc4660e,2026-01-02T17:39:03Z,test,2,false,
stharrold/stharrold-templates,post,c011cd91420e1be5a6bf67ae42768d86eb548a5a,2026-01-02T17:43:27Z,other,13,false,
stharrold/stharrold-templates,post,353ea5d58f2bb9f58da2eb46d7c7ba96d548b0fd,2026-01-02T17:49:36Z,other,5,false,
stharrold/stharrold-templates,post,5f5a86ab7fe674be4f10ac07467822394a58ff10,2026-01-02T18:28:50Z,other,28,false,
stharrold/stharrold-templates,post,5f5a86ab7fe674be4f10ac07467822394a58ff10,2026-01-02T18:28:50Z,skill,2,false,
stharrold/stharrold-templates,post,5f5a86ab7fe674be4f10ac07467822394a58ff10,2026-01-02T18:28:50Z,test,2,false,
stharrold/stharrold-templates,post,d606903560619c005ff211c3a55536ab380d2971,2026-01-02T18:32:44Z,,0,true,merge_commit
stharrold/stharrold-templates,post,e81413901eefe3cb396cb6066bce934970b7d2c8,2026-01-02T18:39:39Z,other,36,false,
stharrold/stharrold-templates,post,e81413901eefe3cb396cb6066bce934970b7d2c8,2026-01-02T18:39:39Z,skill,2,false,
stharrold/stharrold-templates,post,de4550f9a0505f469381badc2bf853b98305d2cc,2026-01-02T18:43:08Z,,0,true,merge_commit
stharrold/stharrold-templates,post,dc2e5ae7842f8b42fac328a75909780392a5eca7,2026-01-02T18:55:26Z,,0,true,merge_commit
stharrold/stharrold-templates,post,f6ce64a22696597d3062bdde7d6a21a2f18c2cf5,2026-01-04T17:11:13Z,other,41,false,
stharrold/stharrold-templates,post,f6ce64a22696597d3062bdde7d6a21a2f18c2cf5,2026-01-04T17:11:13Z,production,1,false,
stharrold/stharrold-templates,post,91955c17d23bced96dac53987088b1aa1250a4e7,2026-01-04T18:17:55Z,other,10,false,
stharrold/stharrold-templates,post,91955c17d23bced96dac53987088b1aa1250a4e7,2026-01-04T18:17:55Z,production,1,false,
stharrold/stharrold-templates,post,0c5c77e4144a9aead30272922c410725ad3237af,2026-01-04T18:34:15Z,other,10,false,
stharrold/stharrold-templates,post,f1929ec2e3dd5e23740d7c3cfe8cd78064a8c9dc,2026-01-04T18:46:41Z,production,1,false,
stharrold/stharrold-templates,post,3cb58e2b9d347c995a9a94f2f0d38be12700a047,2026-01-04T19:01:03Z,,0,true,merge_commit
stharrold/stharrold-templates,post,d12559e6de58baaaf999783f33989dd4d4f23583,2026-01-04T19:16:48Z,,0,true,merge_commit
stharrold/stharrold-templates,post,ced239e37c4a1d8c736de7d726b17d0bcf419a32,2026-01-04T19:20:36Z,,0,true,merge_commit
stharrold/stharrold-templates,post,1581eb312ed81275fb3dfb2ad42c48adff32ee7c,2026-01-04T19:25:40Z,other,10,false,
stharrold/stharrold-templates,post,94c17a72855650353c2843d9f2b88910002e7a49,2026-01-04T19:29:59Z,other,12,false,
stharrold/stharrold-templates,post,c17aea9f0c0539ed92fd0357ad3c50913bfe194d,2026-01-04T19:34:28Z,other,2,false,
stharrold/stharrold-templates,post,c17aea9f0c0539ed92fd0357ad3c50913bfe194d,2026-01-04T19:34:28Z,test,1,false,
stharrold/stharrold-templates,post,72c6d1b96a052ae133a867d97309e297c7cd28bb,2026-01-04T19:35:25Z,,0,true,merge_commit
stharrold/stharrold-templates,post,5a1ff4e33dd782525bbe61c1afe232873fbb3fec,2026-01-04T19:50:47Z,other,1,false,
stharrold/stharrold-templates,post,35bd1f9b122d01d3014f152e7def2b8ef36e4529,2026-01-04T19:52:27Z,,0,true,merge_commit
stharrold/stharrold-templates,post,b0032f7c37e4b800ef74c6a88b71ea8bf41feb3d,2026-01-04T20:17:00Z,,0,true,merge_commit
stharrold/stharrold-templates,post,9784ca9b8253abcf1151e3605230fbe7ec6bc72d,2026-01-04T20:17:32Z,other,1,false,
stharrold/stharrold-templates,post,6a670893e3a08e1c4ce01473794a94df32569f6a,2026-01-04T20:20:06Z,other,11,false,
stharrold/stharrold-templates,post,3e6623a93a9924f19808bc0dfe2429c7845b8581,2026-01-18T16:26:32Z,other,4,false,
stharrold/stharrold-templates,post,9434b759e64e77e11d67064b7cf0e23f07112ef2,2026-01-18T16:27:05Z,skill,1,false,
stharrold/stharrold-templates,post,8e0cd4dbedd3b429f91fc73d1d32b1961b160e62,2026-01-18T16:27:58Z,other,1,false,
stharrold/stharrold-templates,post,0b8add377e7a2cad0c0e2c675ffff76d7a9c8e9b,2026-01-18T16:28:55Z,other,3,false,
stharrold/stharrold-templates,post,270f1a279a1152ad13d199a44f50eb36cb391f21,2026-01-18T16:35:14Z,other,1,false,
stharrold/stharrold-templates,post,270f1a279a1152ad13d199a44f50eb36cb391f21,2026-01-18T16:35:14Z,skill,1,false,
stharrold/stharrold-templates,post,2d68960e17f4f96310725cd27cb7841b617a3211,2026-01-18T16:37:51Z,other,3,false,
stharrold/stharrold-templates,post,b4165b46add01e33a48c4b9580c01a3fbb75b183,2026-01-18T16:46:37Z,other,1,false,
stharrold/stharrold-templates,post,2a3926749f2d91fbcc170cf1891c58413686176a,2026-01-18T16:50:45Z,other,9,false,
stharrold/stharrold-templates,post,d07a0243277e3d49d27964a9cc07a90a4fa1c19f,2026-01-18T16:51:18Z,other,3,false,
stharrold/stharrold-templates,post,9669f2a3a1aaba56813526e3f9b184aeace387d4,2026-01-18T16:53:17Z,,0,true,merge_commit
stharrold/stharrold-templates,post,e225dcdf8d32847069f6e6119d1f6d2b2eb6c370,2026-01-18T16:59:09Z,other,1,false,
stharrold/stharrold-templates,post,f3002039280dc42559c061193a0acf795b6fb605,2026-01-18T16:59:57Z,,0,true,merge_commit
stharrold/stharrold-templates,post,9c9e718a9a0fca8e621c330af350008b7c5228a8,2026-01-18T17:03:54Z,other,1,false,
stharrold/stharrold-templates,post,215939b5da6cfc89beeda6e9839fb013910b099f,2026-01-18T17:05:21Z,,0,true,merge_commit
stharrold/stharrold-templates,post,d03cf5e14be3303b3175a04d330b00a6b181725d,2026-01-18T17:07:26Z,other,10,false,
surus-lat/benchy,pre,27254a328930e1602fbb76c7a2cf51dae97187de,2026-05-28T19:56:06Z,other,7,false,
surus-lat/benchy,pre,2c0bcac8f375904bd956778781f3ab502aa9332b,2026-05-28T19:56:06Z,other,3,false,
surus-lat/benchy,pre,5428cbb74123408596597bbe391ff1e692b485bb,2026-06-13T02:14:26Z,other,1,false,
surus-lat/benchy,pre,e04bacff43189fc60708371f19850668af08d1c0,2026-06-13T02:20:05Z,production,3,false,
surus-lat/benchy,pre,3dab8f5517fe45e1acce234304dd81ca199bf4b3,2026-06-13T02:25:43Z,production,5,false,
surus-lat/benchy,pre,33dfe06a9821200750e06503b345b2d41d3a076d,2026-06-13T02:32:01Z,other,3,false,
surus-lat/benchy,pre,33dfe06a9821200750e06503b345b2d41d3a076d,2026-06-13T02:32:01Z,production,3,false,
surus-lat/benchy,pre,2f9a10615f07a43957644e3b94e61f7a73cf81a1,2026-06-13T02:40:13Z,test,6,false,
surus-lat/benchy,pre,76b99f7d27c63217326741645c454285906ec8b5,2026-06-13T03:21:04Z,production,4,false,
surus-lat/benchy,pre,76b99f7d27c63217326741645c454285906ec8b5,2026-06-13T03:21:04Z,test,2,false,
surus-lat/benchy,pre,40eabd8410fa051131528153e87ce7a1ac902840,2026-06-19T04:13:23Z,other,6,false,
surus-lat/benchy,pre,40eabd8410fa051131528153e87ce7a1ac902840,2026-06-19T04:13:23Z,production,4,false,
surus-lat/benchy,pre,40eabd8410fa051131528153e87ce7a1ac902840,2026-06-19T04:13:23Z,test,2,false,
surus-lat/benchy,pre,84e99626c53c41fe88bad05edfac9fdf463614d7,2026-06-19T04:13:37Z,,0,true,merge_commit
surus-lat/benchy,pre,766c7eba0f99cf9893db278fc28078ac9bfd43fa,2026-06-19T04:33:45Z,other,5,false,
surus-lat/benchy,pre,766c7eba0f99cf9893db278fc28078ac9bfd43fa,2026-06-19T04:33:45Z,production,3,false,
surus-lat/benchy,pre,766c7eba0f99cf9893db278fc28078ac9bfd43fa,2026-06-19T04:33:45Z,test,1,false,
surus-lat/benchy,pre,1978fdaf4c3492f62bbb7aff8556dd1d4ea845f0,2026-06-19T04:59:23Z,production,2,false,
surus-lat/benchy,pre,1978fdaf4c3492f62bbb7aff8556dd1d4ea845f0,2026-06-19T04:59:23Z,test,2,false,
surus-lat/benchy,pre,2b5b163a23cfd803a7c65155a74ca99d20702639,2026-06-19T05:01:00Z,production,1,false,
surus-lat/benchy,pre,2b5b163a23cfd803a7c65155a74ca99d20702639,2026-06-19T05:01:00Z,test,1,false,
surus-lat/benchy,pre,ded627fabbe368ae630e3a669e103d0d03357c24,2026-06-19T05:08:08Z,production,2,false,
surus-lat/benchy,pre,ded627fabbe368ae630e3a669e103d0d03357c24,2026-06-19T05:08:08Z,test,2,false,
surus-lat/benchy,pre,4b165ffd1ae1ad3238ab44e60f3486df17604ebf,2026-06-19T05:16:34Z,test,1,false,
surus-lat/benchy,pre,aed12ed6faf7969cf77cb0a1827183bc55d2ad69,2026-06-19T05:30:32Z,other,1,false,
surus-lat/benchy,pre,0ad65f46733cc8d66fbfc9492a1b0c52f23b287f,2026-06-19T05:36:27Z,other,1,false,
surus-lat/benchy,post,02bdd7028b9895de1f2723344a5dd246fed0cec0,2026-06-19T05:47:30Z,other,11,false,
surus-lat/benchy,post,02bdd7028b9895de1f2723344a5dd246fed0cec0,2026-06-19T05:47:30Z,production,4,false,
surus-lat/benchy,post,1c9fce84a1b98136b04d19ca3febca6fc3b0f1d9,2026-06-19T05:57:56Z,other,1,false,
surus-lat/benchy,post,f019f63427f5a832482fbf52d82e28b49758fb6e,2026-06-19T06:01:38Z,other,4,false,
surus-lat/benchy,post,f019f63427f5a832482fbf52d82e28b49758fb6e,2026-06-19T06:01:38Z,skill,8,false,
surus-lat/benchy,post,ef70c5a0b90b855753a0728eefd758c6e0f8b3a3,2026-06-19T06:04:16Z,other,1,false,
surus-lat/benchy,post,cb822d122b84088864526d73ade3dc36b40bf78a,2026-06-19T06:08:21Z,other,1,false,
surus-lat/benchy,post,6a8b06418dcbaa716c3b0a63f5dd22e9096b1afd,2026-06-19T06:09:27Z,other,2,false,
surus-lat/benchy,post,4f4f09694f9e2e53e5db71d52b862d1373748a0e,2026-06-19T19:09:16Z,other,1,false,
surus-lat/benchy,post,5ff89002bb359af9903ba7547ef50fac76d9d2d9,2026-06-19T19:11:48Z,other,1,false,
surus-lat/benchy,post,5ff89002bb359af9903ba7547ef50fac76d9d2d9,2026-06-19T19:11:48Z,skill,1,false,
surus-lat/benchy,post,10ceab110628e48ad0d331eb4b5c7227126cb277,2026-06-19T19:55:25Z,skill,1,false,
surus-lat/benchy,post,c78524c579e360e4c36cc76f6a0849627ea5da9f,2026-06-19T20:01:18Z,other,1,false,
surus-lat/benchy,post,e42cf7406fb23d18ac695035705b814ef6c730ac,2026-06-19T20:45:25Z,production,2,false,
surus-lat/benchy,post,e42cf7406fb23d18ac695035705b814ef6c730ac,2026-06-19T20:45:25Z,test,1,false,
surus-lat/benchy,post,2ad6d084e2032891789c501803074e189413c929,2026-06-19T20:46:25Z,production,1,false,
surus-lat/benchy,post,2ad6d084e2032891789c501803074e189413c929,2026-06-19T20:46:25Z,test,1,false,
surus-lat/benchy,post,65a3e2897deb82d61eb6aaa1ea6ff78d4117d672,2026-06-19T20:48:00Z,production,1,false,
surus-lat/benchy,post,65a3e2897deb82d61eb6aaa1ea6ff78d4117d672,2026-06-19T20:48:00Z,test,1,false,
surus-lat/benchy,post,22e3307669e9b0c2ce70f05eecff14bfe428651c,2026-06-19T20:49:11Z,production,1,false,
surus-lat/benchy,post,22e3307669e9b0c2ce70f05eecff14bfe428651c,2026-06-19T20:49:11Z,test,1,false,
surus-lat/benchy,post,c20491a2863ac090577c3458c3e7762e85cff58c,2026-06-19T20:50:00Z,production,1,false,
surus-lat/benchy,post,c20491a2863ac090577c3458c3e7762e85cff58c,2026-06-19T20:50:00Z,test,1,false,
surus-lat/benchy,post,4a7de742e394519e688f87736f55efa7d406b047,2026-06-19T20:51:05Z,other,2,false,
surus-lat/benchy,post,4a7de742e394519e688f87736f55efa7d406b047,2026-06-19T20:51:05Z,test,1,false,
surus-lat/benchy,post,973b174e134cd216682f45cd522e5f21e5563906,2026-06-19T21:23:22Z,production,6,false,
surus-lat/benchy,post,973b174e134cd216682f45cd522e5f21e5563906,2026-06-19T21:23:22Z,test,2,false,
surus-lat/benchy,post,eddff2f8d6b257a2ff6fe947f2f09e0299d22efa,2026-06-19T21:24:00Z,other,1,false,
surus-lat/benchy,post,eddff2f8d6b257a2ff6fe947f2f09e0299d22efa,2026-06-19T21:24:00Z,skill,1,false,
surus-lat/benchy,post,9d3720eb555219698c74b42e701e88aa956a69f2,2026-06-20T07:15:59Z,other,3,false,
surus-lat/benchy,post,9d3720eb555219698c74b42e701e88aa956a69f2,2026-06-20T07:15:59Z,production,2,false,
surus-lat/benchy,post,9d3720eb555219698c74b42e701e88aa956a69f2,2026-06-20T07:15:59Z,skill,1,false,
surus-lat/benchy,post,9d3720eb555219698c74b42e701e88aa956a69f2,2026-06-20T07:15:59Z,test,2,false,
surus-lat/benchy,post,45271ba3e0d34d6c96b3bc239be08691d136d807,2026-06-20T15:56:27Z,other,3,false,
surus-lat/benchy,post,45271ba3e0d34d6c96b3bc239be08691d136d807,2026-06-20T15:56:27Z,production,1,false,
surus-lat/benchy,post,45271ba3e0d34d6c96b3bc239be08691d136d807,2026-06-20T15:56:27Z,skill,1,false,
surus-lat/benchy,post,45271ba3e0d34d6c96b3bc239be08691d136d807,2026-06-20T15:56:27Z,test,2,false,
surus-lat/benchy,post,d14c3bec9650c9b90f9d76f992b2756ecbcc129e,2026-06-20T16:04:17Z,other,2,false,
surus-lat/benchy,post,d14c3bec9650c9b90f9d76f992b2756ecbcc129e,2026-06-20T16:04:17Z,production,1,false,
surus-lat/benchy,post,d14c3bec9650c9b90f9d76f992b2756ecbcc129e,2026-06-20T16:04:17Z,skill,1,false,
surus-lat/benchy,post,d14c3bec9650c9b90f9d76f992b2756ecbcc129e,2026-06-20T16:04:17Z,test,1,false,
surus-lat/benchy,post,72fe9cfea2b08bfb6362fce7f8955d89b28c45a5,2026-06-20T22:47:21Z,other,3,false,
surus-lat/benchy,post,72fe9cfea2b08bfb6362fce7f8955d89b28c45a5,2026-06-20T22:47:21Z,production,1,false,
surus-lat/benchy,post,72fe9cfea2b08bfb6362fce7f8955d89b28c45a5,2026-06-20T22:47:21Z,skill,2,false,
surus-lat/benchy,post,72fe9cfea2b08bfb6362fce7f8955d89b28c45a5,2026-06-20T22:47:21Z,test,1,false,
surus-lat/benchy,post,b138d07cbed6dc53c4fc55682cbfbf3d76883f08,2026-06-20T22:52:05Z,production,1,false,
surus-lat/benchy,post,b138d07cbed6dc53c4fc55682cbfbf3d76883f08,2026-06-20T22:52:05Z,test,1,false,
surus-lat/benchy,post,a46530cbec499fee462abbef555fd4cc561a88ee,2026-06-20T23:47:34Z,other,1,false,
surus-lat/benchy,post,a46530cbec499fee462abbef555fd4cc561a88ee,2026-06-20T23:47:34Z,skill,1,false,
surus-lat/benchy,post,51d036853b48280e8d0d7b5332a59532e4e708d1,2026-06-20T23:53:50Z,other,2,false,
surus-lat/benchy,post,51d036853b48280e8d0d7b5332a59532e4e708d1,2026-06-20T23:53:50Z,production,1,false,
surus-lat/benchy,post,51d036853b48280e8d0d7b5332a59532e4e708d1,2026-06-20T23:53:50Z,skill,1,false,
surus-lat/benchy,post,4138408d5390e77344188578a98c358574a2dbf8,2026-06-21T00:07:25Z,other,1,false,
surus-lat/benchy,post,4138408d5390e77344188578a98c358574a2dbf8,2026-06-21T00:07:25Z,skill,1,false,
surus-lat/benchy,post,1389ff8f2d0b59e292dd742d08d0c2ab64518e76,2026-06-21T01:20:04Z,skill,1,false,
surus-lat/benchy,post,7e15c5fea83c9f57b01e15ba60ee26c639486723,2026-06-21T04:28:32Z,other,1,false,
surus-lat/benchy,post,7e15c5fea83c9f57b01e15ba60ee26c639486723,2026-06-21T04:28:32Z,skill,1,false,
surus-lat/benchy,post,43937afe4e5e00b05be4aa1987110085aa8323ff,2026-06-21T04:41:47Z,other,1,false,
surus-lat/benchy,post,2a074752499b94fd525ed283601a94fd3c7c26c6,2026-06-22T02:24:16Z,other,1,false,
surus-lat/benchy,post,2a074752499b94fd525ed283601a94fd3c7c26c6,2026-06-22T02:24:16Z,production,1,false,
surus-lat/benchy,post,2a074752499b94fd525ed283601a94fd3c7c26c6,2026-06-22T02:24:16Z,skill,1,false,
surus-lat/benchy,post,2a074752499b94fd525ed283601a94fd3c7c26c6,2026-06-22T02:24:16Z,test,1,false,
surus-lat/benchy,post,49144114e506394cbc573a5e4e74e21206b193de,2026-06-22T02:25:57Z,other,1,false,
surus-lat/benchy,post,a422a35064dca5dfb687043633c729be5b2a6c5a,2026-06-22T18:24:13Z,other,4,false,
surus-lat/benchy,post,a422a35064dca5dfb687043633c729be5b2a6c5a,2026-06-22T18:24:13Z,production,2,false,
surus-lat/benchy,post,8623058684c07f4d4781eeeffcdeece552cb8eae,2026-06-22T18:46:58Z,other,3,false,
surus-lat/benchy,post,36b6ca47fce13f897f837cca4ad2966c4d4f0486,2026-06-22T18:47:14Z,other,1,false,
surus-lat/benchy,post,49dc911e493988787b9a948ece5418c3eef5f7b4,2026-06-22T18:57:21Z,other,1,false,
surus-lat/benchy,post,49dc911e493988787b9a948ece5418c3eef5f7b4,2026-06-22T18:57:21Z,production,1,false,
surus-lat/benchy,post,c8eb333c5c782ac16e7ea5fa6dedf8b4970f22bd,2026-06-22T18:58:47Z,other,1,false,
surus-lat/benchy,post,a82b6030d6ef3a19931d931776958963f471850c,2026-06-22T18:59:32Z,other,2,false,
surus-lat/benchy,post,f9e53f4e4262ad3b0f77e774d1ef94c6b57dfbb9,2026-06-22T19:04:25Z,other,10,false,
surus-lat/benchy,post,95a0ba62a756301bee7a6f2abf353b0c3cbe0a4c,2026-06-22T19:08:09Z,other,1,false,
surus-lat/benchy,post,95a0ba62a756301bee7a6f2abf353b0c3cbe0a4c,2026-06-22T19:08:09Z,skill,1,false,
surus-lat/benchy,post,8f1a39eb3803c4db608e43abde8cb75cd45720d4,2026-06-22T19:14:21Z,other,3,false,
surus-lat/benchy,post,632bd0b1bbca2f724cfdce4b319dc516ff8954c8,2026-06-22T19:32:34Z,production,1,false,
surus-lat/benchy,post,30def38bd8fb259618ffd495efcd47d929fd6966,2026-06-22T20:54:46Z,other,13,false,
surus-lat/benchy,post,d2d9d87e29cd62ce41dc5fa24e3a6f86f53eba5a,2026-06-22T22:03:13Z,other,4,false,
surus-lat/benchy,post,0e7680dfa2ae5047f860ac6a9bf8844a860bd9ef,2026-06-25T01:50:21Z,production,7,false,
surus-lat/benchy,post,0e7680dfa2ae5047f860ac6a9bf8844a860bd9ef,2026-06-25T01:50:21Z,test,7,false,
surus-lat/benchy,post,3da4ebc64e4955c6ef5bba92f2b3874539cbfaeb,2026-06-25T01:52:19Z,test,1,false,
surus-lat/benchy,post,817fea341f0b089fd8d58f69c30e8bbdf084aa81,2026-06-25T02:00:04Z,test,2,false,
surus-lat/benchy,post,0dddc31f528635685081c66c5e155f988e2f2d6c,2026-06-25T02:12:06Z,other,14,false,
surus-lat/benchy,post,6d2b0520bc2adea0f7f90c2294c2207110a44e2d,2026-07-08T11:20:45Z,other,1,false,
surus-lat/benchy,post,4986915f9742d41c435c4e5ec403cdb8a4b6beff,2026-07-08T11:37:20Z,other,4,false,
tylertjburns/coopstorage,pre,2b022ca61894c5e1e4a35bf841325f52e997ca9a,2026-03-28T17:08:44Z,other,3,false,
tylertjburns/coopstorage,pre,2b022ca61894c5e1e4a35bf841325f52e997ca9a,2026-03-28T17:08:44Z,production,20,false,
tylertjburns/coopstorage,pre,2c4299452faddd362d142b46a373ede757fae2ed,2026-03-28T17:15:37Z,production,5,false,
tylertjburns/coopstorage,pre,1b0c63fbbb8e1c59b491a1c2b41ca9787be6fb7b,2026-03-28T17:16:32Z,production,1,false,
tylertjburns/coopstorage,pre,d3e10a91ea60966bc2bb128c0995f44163cda963,2026-03-28T17:19:27Z,production,3,false,
tylertjburns/coopstorage,pre,38a277164b1bcfb19c3dd5b9a0a0ef3d9b41d95f,2026-03-28T17:23:48Z,production,4,false,
tylertjburns/coopstorage,pre,2a282bb1b1c0521313b2b12399704f47d2265429,2026-03-28T18:35:28Z,production,5,false,
tylertjburns/coopstorage,pre,2a282bb1b1c0521313b2b12399704f47d2265429,2026-03-28T18:35:28Z,test,6,false,
tylertjburns/coopstorage,pre,5a45ab4c65b526de6113fb121acb8dce276368e6,2026-03-29T23:40:01Z,production,13,false,
tylertjburns/coopstorage,pre,5a45ab4c65b526de6113fb121acb8dce276368e6,2026-03-29T23:40:01Z,test,5,false,
tylertjburns/coopstorage,pre,f4d59d057d71149e2fb214a42e42d4ce8862a384,2026-03-29T23:45:45Z,production,2,false,
tylertjburns/coopstorage,pre,f4d59d057d71149e2fb214a42e42d4ce8862a384,2026-03-29T23:45:45Z,test,2,false,
tylertjburns/coopstorage,pre,80514c89b3482a551c4e7cff13498d39bb8d1e81,2026-03-30T00:03:38Z,production,2,false,
tylertjburns/coopstorage,pre,80514c89b3482a551c4e7cff13498d39bb8d1e81,2026-03-30T00:03:38Z,test,1,false,
tylertjburns/coopstorage,pre,7bd08035660b427877997ba82af686115e025684,2026-03-30T02:15:47Z,production,2,false,
tylertjburns/coopstorage,pre,7bd08035660b427877997ba82af686115e025684,2026-03-30T02:15:47Z,test,2,false,
tylertjburns/coopstorage,pre,16e9def0934fbad582c90ff49f96bef8b64a871b,2026-03-30T02:20:19Z,production,29,false,
tylertjburns/coopstorage,pre,16e9def0934fbad582c90ff49f96bef8b64a871b,2026-03-30T02:20:19Z,test,6,false,
tylertjburns/coopstorage,pre,59c60e2d8ee42a3894a8e9174bfb1829f24b8228,2026-03-30T02:33:08Z,production,46,false,
tylertjburns/coopstorage,pre,59c60e2d8ee42a3894a8e9174bfb1829f24b8228,2026-03-30T02:33:08Z,test,6,false,
tylertjburns/coopstorage,pre,aac97d9e4b30148d10de5be7df368b49296efeeb,2026-03-30T04:12:31Z,production,2,false,
tylertjburns/coopstorage,pre,aac97d9e4b30148d10de5be7df368b49296efeeb,2026-03-30T04:12:31Z,test,1,false,
tylertjburns/coopstorage,pre,624379d8262cefa1abd3488f68943844c9f33f91,2026-03-30T04:35:42Z,production,1,false,
tylertjburns/coopstorage,pre,624379d8262cefa1abd3488f68943844c9f33f91,2026-03-30T04:35:42Z,test,2,false,
tylertjburns/coopstorage,pre,be1a9030f60c0dd34cdc1481360316dd70690a51,2026-03-30T04:47:34Z,test,1,false,
tylertjburns/coopstorage,pre,2fc61783cecde4b3317906bdc8b45022f1d1f3f1,2026-03-30T16:33:54Z,production,2,false,
tylertjburns/coopstorage,pre,5916943f775a665b682d4a393fe0cd60c004de76,2026-03-30T16:49:07Z,test,1,false,
tylertjburns/coopstorage,pre,d7e3b399bcdf52e26ef6a203d4e140b7289c3e30,2026-03-30T20:28:53Z,production,3,false,
tylertjburns/coopstorage,pre,d7e3b399bcdf52e26ef6a203d4e140b7289c3e30,2026-03-30T20:28:53Z,test,1,false,
tylertjburns/coopstorage,pre,b575655aa2103ba20b7fecf0ad6a01039a530a3d,2026-03-30T21:13:58Z,test,1,false,
tylertjburns/coopstorage,pre,6dd0581ea64501e2177bfae74aff681a0d92be64,2026-03-30T21:26:07Z,production,1,false,
tylertjburns/coopstorage,pre,68ccce36bf7daef60fee2a81672e3396e48cc333,2026-03-31T18:43:49Z,other,2,false,
tylertjburns/coopstorage,pre,68ccce36bf7daef60fee2a81672e3396e48cc333,2026-03-31T18:43:49Z,production,8,false,
tylertjburns/coopstorage,pre,68ccce36bf7daef60fee2a81672e3396e48cc333,2026-03-31T18:43:49Z,test,1,false,
tylertjburns/coopstorage,pre,d8a219026cf1b68589683f38e9f7f7e71024658b,2026-03-31T19:46:39Z,other,1,false,
tylertjburns/coopstorage,pre,d8a219026cf1b68589683f38e9f7f7e71024658b,2026-03-31T19:46:39Z,production,4,false,
tylertjburns/coopstorage,pre,bf443c926a0ea070cea11323a62dc83c4e9fc69f,2026-03-31T20:29:07Z,production,2,false,
tylertjburns/coopstorage,pre,bf443c926a0ea070cea11323a62dc83c4e9fc69f,2026-03-31T20:29:07Z,test,1,false,
tylertjburns/coopstorage,pre,7bc0898c1ba1fccc6a0c8ff4effc4bedccf608e2,2026-03-31T22:03:18Z,other,1,false,
tylertjburns/coopstorage,pre,fcbf7965d832eb92694521b7f744d9bc9bd6a741,2026-03-31T22:08:19Z,other,1,false,
tylertjburns/coopstorage,pre,4ceb81f4712a2ba109c7288066af379066d6605d,2026-03-31T22:29:30Z,other,2,false,
tylertjburns/coopstorage,pre,4ceb81f4712a2ba109c7288066af379066d6605d,2026-03-31T22:29:30Z,production,1,false,
tylertjburns/coopstorage,pre,4ceb81f4712a2ba109c7288066af379066d6605d,2026-03-31T22:29:30Z,test,1,false,
tylertjburns/coopstorage,pre,c82fc1ae16640f0112219885629f587dad65fd04,2026-03-31T22:31:29Z,,0,true,merge_commit
tylertjburns/coopstorage,pre,a1552e460667280fafba4625939577e5ecb80a14,2026-04-01T17:42:16Z,other,1,false,
tylertjburns/coopstorage,pre,a1552e460667280fafba4625939577e5ecb80a14,2026-04-01T17:42:16Z,production,3,false,
tylertjburns/coopstorage,pre,a1552e460667280fafba4625939577e5ecb80a14,2026-04-01T17:42:16Z,test,1,false,
tylertjburns/coopstorage,pre,0139ced128673bef9240ad5b7776468dc42f593d,2026-04-03T02:33:09Z,production,6,false,
tylertjburns/coopstorage,pre,0139ced128673bef9240ad5b7776468dc42f593d,2026-04-03T02:33:09Z,test,3,false,
tylertjburns/coopstorage,pre,5c00af24c4df10167b44fb29318f956b7f2da3dc,2026-04-03T02:37:01Z,other,1,false,
tylertjburns/coopstorage,pre,5c00af24c4df10167b44fb29318f956b7f2da3dc,2026-04-03T02:37:01Z,production,1,false,
tylertjburns/coopstorage,pre,8e9424304ad0119ef118fa4c1373285f9ed72c21,2026-04-03T16:01:49Z,other,1,false,
tylertjburns/coopstorage,pre,8e9424304ad0119ef118fa4c1373285f9ed72c21,2026-04-03T16:01:49Z,production,3,false,
tylertjburns/coopstorage,pre,8e9424304ad0119ef118fa4c1373285f9ed72c21,2026-04-03T16:01:49Z,test,2,false,
tylertjburns/coopstorage,pre,acfe5abc1dad9b46834357d2b3fe290c8ee1b1dd,2026-04-03T20:04:50Z,other,1,false,
tylertjburns/coopstorage,pre,acfe5abc1dad9b46834357d2b3fe290c8ee1b1dd,2026-04-03T20:04:50Z,production,1,false,
tylertjburns/coopstorage,pre,acfe5abc1dad9b46834357d2b3fe290c8ee1b1dd,2026-04-03T20:04:50Z,test,1,false,
tylertjburns/coopstorage,pre,6abfa301927d3b426e340f43bc5824e5d4cce14d,2026-04-03T20:22:16Z,other,1,false,
tylertjburns/coopstorage,pre,6abfa301927d3b426e340f43bc5824e5d4cce14d,2026-04-03T20:22:16Z,production,1,false,
tylertjburns/coopstorage,pre,80d6649de46d3e9a08c1c8d9ce8a053d087a9f88,2026-04-03T20:22:43Z,production,1,false,
tylertjburns/coopstorage,pre,879274dd2b2ae1c428b9c88bec7c1f8b2f1d799a,2026-04-04T02:05:25Z,production,14,false,
tylertjburns/coopstorage,pre,2cce455c2c022f724defecda61a1ce3fe4178ae0,2026-04-04T03:18:06Z,other,7,false,
tylertjburns/coopstorage,pre,2cce455c2c022f724defecda61a1ce3fe4178ae0,2026-04-04T03:18:06Z,production,7,false,
tylertjburns/coopstorage,pre,2cce455c2c022f724defecda61a1ce3fe4178ae0,2026-04-04T03:18:06Z,test,1,false,
tylertjburns/coopstorage,pre,d52a1b6679653b28e0d5d45c4dda728aa1376670,2026-04-06T03:16:36Z,other,1,false,
tylertjburns/coopstorage,pre,d52a1b6679653b28e0d5d45c4dda728aa1376670,2026-04-06T03:16:36Z,production,2,false,
tylertjburns/coopstorage,pre,f6291b99ebc8824e2c08fbb551346026024a3d10,2026-04-06T15:47:13Z,other,1,false,
tylertjburns/coopstorage,pre,f6291b99ebc8824e2c08fbb551346026024a3d10,2026-04-06T15:47:13Z,production,7,false,
tylertjburns/coopstorage,pre,038c8a96f1891957a37fa0157173f5b5c9808229,2026-04-06T21:36:33Z,other,1,false,
tylertjburns/coopstorage,pre,038c8a96f1891957a37fa0157173f5b5c9808229,2026-04-06T21:36:33Z,production,15,false,
tylertjburns/coopstorage,pre,bfbaa082a92802dd817026334bd608639c869d09,2026-04-06T21:38:51Z,production,1,false,
tylertjburns/coopstorage,pre,5fccfae980e9689a54fcc6fe26992ee1f89cb909,2026-04-06T21:42:19Z,production,1,false,
tylertjburns/coopstorage,pre,44a8974dfe1f38deb28914b0cf29758872200981,2026-04-06T21:43:26Z,other,2,false,
tylertjburns/coopstorage,pre,d0b182bca11cb8d7ff7b71ef1430489fc16fddf5,2026-04-06T22:50:47Z,production,6,false,
tylertjburns/coopstorage,pre,d0b182bca11cb8d7ff7b71ef1430489fc16fddf5,2026-04-06T22:50:47Z,test,1,false,
tylertjburns/coopstorage,pre,4b6e508f369381ceeebd69a36e6076b3657465d3,2026-04-06T23:05:19Z,production,3,false,
tylertjburns/coopstorage,pre,e44216bdaecf2a9c200c0421b6bd327b37e5fb92,2026-04-06T23:12:39Z,other,1,false,
tylertjburns/coopstorage,pre,e44216bdaecf2a9c200c0421b6bd327b37e5fb92,2026-04-06T23:12:39Z,production,2,false,
tylertjburns/coopstorage,pre,9570b32f81aab79e60a212b044e80184f493019a,2026-04-06T23:29:53Z,other,1,false,
tylertjburns/coopstorage,pre,ef095ca745ddd4a829cadd18a4f0d900046f409c,2026-04-07T00:30:01Z,other,1,false,
tylertjburns/coopstorage,pre,ef095ca745ddd4a829cadd18a4f0d900046f409c,2026-04-07T00:30:01Z,production,2,false,
tylertjburns/coopstorage,pre,cd055ffdc0b1fa5d1b89b0d60f2809c8795caf80,2026-04-07T01:00:58Z,other,1,false,
tylertjburns/coopstorage,pre,cd055ffdc0b1fa5d1b89b0d60f2809c8795caf80,2026-04-07T01:00:58Z,production,2,false,
tylertjburns/coopstorage,pre,c99f469af8669ebfbc58f9f9da879ed5abc319ba,2026-04-07T01:43:46Z,production,5,false,
tylertjburns/coopstorage,pre,9d46c8f736a09c76bb26c7b4e6bb402acbedb324,2026-04-07T03:32:43Z,other,2,false,
tylertjburns/coopstorage,pre,9d46c8f736a09c76bb26c7b4e6bb402acbedb324,2026-04-07T03:32:43Z,production,2,false,
tylertjburns/coopstorage,pre,d4a1c5eeaf6c36ffa6dd23bb1464c7af4c99e765,2026-04-07T18:23:46Z,production,1,false,
tylertjburns/coopstorage,pre,a6eeae535ed1701af61ebaab0c7bc97f16d220ef,2026-04-07T18:57:35Z,production,2,false,
tylertjburns/coopstorage,pre,96f29befbf833c0860f59601d511ebe4f718e63b,2026-04-08T15:07:09Z,other,1,false,
tylertjburns/coopstorage,pre,d17f9d2394aa107bb79c116614407209f9877514,2026-04-08T16:40:06Z,production,1,false,
tylertjburns/coopstorage,pre,79bdf2b561833465d7e415e25f2d5e1c513e6000,2026-04-09T19:20:20Z,other,1,false,
tylertjburns/coopstorage,pre,79bdf2b561833465d7e415e25f2d5e1c513e6000,2026-04-09T19:20:20Z,production,1,false,
tylertjburns/coopstorage,pre,17f35c0da41edbee1d96efa70c8e5203c2471dac,2026-04-09T19:30:10Z,other,1,false,
tylertjburns/coopstorage,pre,92c0f649c2088c03c32ad5f7e4ab5340d738bd2b,2026-04-09T19:32:56Z,other,1,false,
tylertjburns/coopstorage,pre,a763f47b116d4eee58d792c52abd7bf4036cac07,2026-04-09T19:37:06Z,other,1,false,
tylertjburns/coopstorage,pre,a763f47b116d4eee58d792c52abd7bf4036cac07,2026-04-09T19:37:06Z,production,2,false,
tylertjburns/coopstorage,pre,7ec6702c802b44da74dd2ad1b137c564bb792613,2026-04-09T19:44:34Z,other,1,false,
tylertjburns/coopstorage,pre,d19c033b6cae41c22f0a929f25c4421bc666cabb,2026-04-09T19:46:43Z,other,1,false,
tylertjburns/coopstorage,pre,0c58a127c7d46141ae1a01356b5339200b1d2527,2026-04-09T20:22:47Z,production,1,false,
tylertjburns/coopstorage,pre,6bad85db3b8f33b84ee448187ea6cedfc479cf48,2026-04-09T20:47:34Z,other,1,false,
tylertjburns/coopstorage,pre,aba74038c79408acdd0aafcc1c597a4b7d1cd55a,2026-04-09T21:04:16Z,production,1,false,
tylertjburns/coopstorage,pre,94b1e2e586ddff63748cf38a89320715e2873443,2026-04-10T16:03:26Z,other,2,false,
tylertjburns/coopstorage,pre,94b1e2e586ddff63748cf38a89320715e2873443,2026-04-10T16:03:26Z,production,8,false,
tylertjburns/coopstorage,pre,91209bc4cef06509e6b627063a9c59c9fc155dc3,2026-04-10T22:24:55Z,other,2,false,
tylertjburns/coopstorage,pre,91209bc4cef06509e6b627063a9c59c9fc155dc3,2026-04-10T22:24:55Z,production,1,false,
tylertjburns/coopstorage,pre,ebd1ff8ccb6bb19aafd637dd34536ba6e8584d8e,2026-04-10T22:35:52Z,other,1,false,
tylertjburns/coopstorage,pre,36a9f7917e1c55e9ab6d6d54dc2f13c5fedfee38,2026-04-10T22:36:16Z,,0,true,merge_commit
tylertjburns/coopstorage,pre,60e06413571730a647223b16d3bb3a3071ae4d59,2026-04-10T22:52:46Z,production,1,false,
tylertjburns/coopstorage,pre,752ecfe0c63206f5ef99ec9ba23bc2ca6932c848,2026-04-11T18:15:53Z,other,1,false,
tylertjburns/coopstorage,pre,b517710ae555dceaa28b88ae7696980e22907e43,2026-04-11T18:15:53Z,other,1,false,
tylertjburns/coopstorage,pre,b517710ae555dceaa28b88ae7696980e22907e43,2026-04-11T18:15:53Z,production,8,false,
tylertjburns/coopstorage,pre,75ca710a019645974db5c3faab44282d959fdcb2,2026-04-18T23:41:04Z,other,1,false,
tylertjburns/coopstorage,pre,75ca710a019645974db5c3faab44282d959fdcb2,2026-04-18T23:41:04Z,production,3,false,
tylertjburns/coopstorage,pre,38900c436b3ac5145b08866ea1e351e7ba56c4f6,2026-04-18T23:47:29Z,other,1,false,
tylertjburns/coopstorage,pre,de0c43d0b82d33db2f3a0552bbe45e7b1ff3e72d,2026-04-19T00:12:40Z,test,1,false,
tylertjburns/coopstorage,pre,7cfd0b0d928d7e270b28070fe3af81bb0158d313,2026-04-19T01:38:44Z,,0,true,merge_commit
tylertjburns/coopstorage,pre,4da8cacbe0ab148790ce76ccb02ff7dbb694a95b,2026-04-19T01:56:40Z,production,1,false,
tylertjburns/coopstorage,pre,5a215208ce156c8ef72038066e37b8ad7e371869,2026-04-19T04:22:24Z,production,4,false,
tylertjburns/coopstorage,pre,cd162552dbc0b344978d5036d2035923dc722e39,2026-04-19T04:40:59Z,,0,true,merge_commit
tylertjburns/coopstorage,pre,08ee83d02452bb3688e8580772c94c221bd8b0dc,2026-04-19T04:54:12Z,other,1,false,
tylertjburns/coopstorage,pre,c1421024ec5d1514f46f9eceda5f9481e9d01c97,2026-04-19T04:54:49Z,,0,true,merge_commit
tylertjburns/coopstorage,pre,74bd28d1871101dba0d15adcdf4bf51e4704b12a,2026-04-19T17:14:23Z,production,6,false,
tylertjburns/coopstorage,pre,74bd28d1871101dba0d15adcdf4bf51e4704b12a,2026-04-19T17:14:23Z,test,2,false,
tylertjburns/coopstorage,pre,39afef240767adc47010674d111104a05155318b,2026-04-19T20:20:23Z,production,1,false,
tylertjburns/coopstorage,pre,39afef240767adc47010674d111104a05155318b,2026-04-19T20:20:23Z,test,1,false,
tylertjburns/coopstorage,pre,8c90229036fd1a61ddc885492f9366a2924db50e,2026-04-19T23:41:40Z,production,3,false,
tylertjburns/coopstorage,pre,a07cf8516f9f06627b1e7b392f0a714b8a5bf53d,2026-04-20T01:45:03Z,,0,true,merge_commit
tylertjburns/coopstorage,pre,2dba713e60bb007af5e0fd65839f857df46b0937,2026-04-20T01:51:50Z,production,1,false,
tylertjburns/coopstorage,pre,d42ee913a1b8bd6f1f97de5f6ad27fa2348298b8,2026-04-20T02:33:32Z,other,1,false,
tylertjburns/coopstorage,pre,d42ee913a1b8bd6f1f97de5f6ad27fa2348298b8,2026-04-20T02:33:32Z,production,4,false,
tylertjburns/coopstorage,pre,d42ee913a1b8bd6f1f97de5f6ad27fa2348298b8,2026-04-20T02:33:32Z,test,1,false,
tylertjburns/coopstorage,pre,cfb272c45c57f95b24c1a195da89c3bd8b09e0b5,2026-04-20T02:40:11Z,,0,true,merge_commit
tylertjburns/coopstorage,pre,8ebb8ac01a8b0d1d4128bac7d109c3c9bc604d0a,2026-04-20T02:41:14Z,production,1,false,
tylertjburns/coopstorage,pre,b65d24a1c7b07a197c07a239908bb074e957c60d,2026-04-20T16:10:13Z,other,1,false,
tylertjburns/coopstorage,pre,2db2ac6eb84b070f7386b2cb2a1e928425dad074,2026-04-20T16:17:04Z,,0,true,merge_commit
tylertjburns/coopstorage,pre,2280f00c66efce934cb32db1f7a89e45bc0f98b5,2026-04-20T16:18:02Z,production,1,false,
tylertjburns/coopstorage,pre,eb918d389396c695aa76a7850206ee407e398684,2026-04-21T04:10:13Z,production,2,false,
tylertjburns/coopstorage,pre,eb918d389396c695aa76a7850206ee407e398684,2026-04-21T04:10:13Z,test,2,false,
tylertjburns/coopstorage,pre,b713c5936c0634cc3254423c866a325ef14462ee,2026-04-21T04:12:08Z,,0,true,merge_commit
tylertjburns/coopstorage,pre,ea7b1861f3a0d15e487b6005c3e772787d9001be,2026-04-21T04:13:06Z,production,1,false,
tylertjburns/coopstorage,pre,454b6dcc9959dbac2706339414bd62ed01dd8c46,2026-04-21T04:15:40Z,production,1,false,
tylertjburns/coopstorage,pre,1f3b4d0bf2bc341fd4a919900f6833e6117fa19f,2026-04-21T04:17:09Z,,0,true,merge_commit
tylertjburns/coopstorage,pre,dd295c072c9f95a7b7c31e288b697a5553fee1fb,2026-04-21T04:18:12Z,production,1,false,
tylertjburns/coopstorage,pre,e37e2e5d66fc11d570620f3161033820f3c213dd,2026-04-21T15:34:43Z,production,2,false,
tylertjburns/coopstorage,pre,e37e2e5d66fc11d570620f3161033820f3c213dd,2026-04-21T15:34:43Z,test,1,false,
tylertjburns/coopstorage,pre,580f3c78c17444050153aadb4455424994e2742c,2026-04-21T15:38:33Z,,0,true,merge_commit
tylertjburns/coopstorage,pre,4258e0e7da8f11b9bffb85187e8379e6f7949d04,2026-04-21T15:40:31Z,production,1,false,
tylertjburns/coopstorage,pre,e9fb700e5ebab12aee7f89ad405b1dc59cc4de59,2026-04-22T16:06:56Z,other,1,false,
tylertjburns/coopstorage,pre,e9fb700e5ebab12aee7f89ad405b1dc59cc4de59,2026-04-22T16:06:56Z,production,1,false,
tylertjburns/coopstorage,pre,5a738b44a98b082fab89f8497abdedf9978ed5a7,2026-04-22T16:08:56Z,,0,true,merge_commit
tylertjburns/coopstorage,pre,8893650223575ac1b2ff1e27a333efa73a194c14,2026-04-22T16:09:55Z,production,1,false,
tylertjburns/coopstorage,pre,069eb70c22df130a42f56dd3a56bb53de65e3914,2026-04-22T18:41:39Z,other,1,false,
tylertjburns/coopstorage,pre,c2074abe356debb72a2f668e73e8fc08f34ee4dc,2026-04-22T19:03:55Z,other,1,false,
tylertjburns/coopstorage,pre,d7170b78262b10a2c70aac4d4b5937be016574e4,2026-04-22T19:24:15Z,,0,true,merge_commit
tylertjburns/coopstorage,pre,6d974a415b0543e672b581217346383ce127f61a,2026-04-22T19:25:24Z,production,1,false,
tylertjburns/coopstorage,pre,326b17a73424ca3b5c987d82ee9831168135df45,2026-04-22T22:08:07Z,production,1,false,
tylertjburns/coopstorage,pre,8fa66441a59f354c0e09cc7772d30f637b19906f,2026-04-22T22:13:40Z,test,1,false,
tylertjburns/coopstorage,pre,d2f77a89b0b753f8ae33b1e903a1a686deb7e30e,2026-04-22T22:15:19Z,,0,true,merge_commit
tylertjburns/coopstorage,pre,2c9f6c4cce0795391cc8e78eadcfca87fe98aaf4,2026-04-22T22:16:21Z,production,1,false,
tylertjburns/coopstorage,pre,a336995b8a33bec3b6e2ea5648ac667f72b8e503,2026-04-23T03:54:37Z,production,2,false,
tylertjburns/coopstorage,pre,5f8a7e81603e98a09f84c8bcd855645ef11df10f,2026-04-23T03:56:49Z,,0,true,merge_commit
tylertjburns/coopstorage,pre,64c968511477c6f55924bcc85fcb212347324efd,2026-04-23T03:57:46Z,production,1,false,
tylertjburns/coopstorage,pre,72661a424563917d7916e60e10d3083ed08f1dd9,2026-04-23T04:12:31Z,other,1,false,
tylertjburns/coopstorage,pre,72661a424563917d7916e60e10d3083ed08f1dd9,2026-04-23T04:12:31Z,production,1,false,
tylertjburns/coopstorage,pre,e804bbe5a5a66f657e7a8cb698b72f5e18924a58,2026-04-23T04:15:47Z,,0,true,merge_commit
tylertjburns/coopstorage,pre,e62932942b17ef519d48a32171df61a62ba56a0d,2026-04-23T04:16:49Z,production,1,false,
tylertjburns/coopstorage,pre,a03243c7ad7f7c82f82bd1e11e71d98321c515ee,2026-04-23T16:30:47Z,production,4,false,
tylertjburns/coopstorage,pre,2ef647b0c70381feb1b62e87455e437dc9be2983,2026-04-23T16:34:47Z,test,1,false,
tylertjburns/coopstorage,pre,9e071f897ca646ea48b478de9d95cbfa145807a8,2026-04-23T16:39:40Z,,0,true,merge_commit
tylertjburns/coopstorage,pre,987b2ba243a52f82ee92fc9641b7f283bf5221c8,2026-04-23T16:40:51Z,production,1,false,
tylertjburns/coopstorage,pre,3bee7ce1a4e0bdd731cc0ea84880137ec81b4ddb,2026-04-24T01:21:05Z,production,2,false,
tylertjburns/coopstorage,pre,ad432547734777a69075d47a93017bcef9f18abb,2026-04-24T01:28:11Z,,0,true,merge_commit
tylertjburns/coopstorage,pre,30e2f110016d51d22bc35095e46a02fae6a2743d,2026-04-24T01:29:32Z,production,1,false,
tylertjburns/coopstorage,pre,00057ac587461ec69b881c3e4344c8cbcb80407e,2026-04-27T02:04:47Z,production,3,false,
tylertjburns/coopstorage,pre,645e5aed8451b35f3a562940688321a4ca416270,2026-04-27T02:08:53Z,,0,true,merge_commit
tylertjburns/coopstorage,pre,08ce866aa24b55c23fb490d7e6e36f4ad6d2efee,2026-04-27T02:09:59Z,production,1,false,
tylertjburns/coopstorage,pre,bbc79b2dbeffdfc3f001ff3f8688c87800ed0526,2026-05-07T21:55:51Z,other,1,false,
tylertjburns/coopstorage,pre,bbc79b2dbeffdfc3f001ff3f8688c87800ed0526,2026-05-07T21:55:51Z,skill,1,false,
tylertjburns/coopstorage,post,d585c0593746c27f42a2d8fee3d3e5b8b4ba0196,2026-05-08T14:43:38Z,other,2,false,
tylertjburns/coopstorage,post,cf34d66d208ba034c84374abf7f1ee84486ced19,2026-05-08T14:44:05Z,other,1,false,
tylertjburns/coopstorage,post,2fc6011434561ec575de3acaaf2f9697d62e3e49,2026-05-08T14:44:19Z,other,1,false,
tylertjburns/coopstorage,post,02db2d86fee1e075f69582a4d063b394038b70c5,2026-05-08T19:01:38Z,other,3,false,
tylertjburns/coopstorage,post,cf14fe48b3a8db32f61dc716cb70bef565406227,2026-05-08T19:15:52Z,other,1,false,
tylertjburns/coopstorage,post,9f80a64a8b026db892795bb3ba76b92601eec79c,2026-05-08T19:27:25Z,,0,true,merge_commit
tylertjburns/coopstorage,post,9ce0da9693afc8dbf7f38a1a5d30be267efda4ca,2026-05-08T19:28:31Z,production,1,false,
tylertjburns/coopstorage,post,590130fba2cc9b08634da83802028dc94818d721,2026-05-08T21:36:48Z,other,2,false,
tylertjburns/coopstorage,post,50ef40c97cc6e8e15db6f46ad52a5b1229020bb3,2026-05-08T21:38:08Z,,0,true,merge_commit
tylertjburns/coopstorage,post,7226816cf81dd2b7a07e995b6bb82c7aa7721dfb,2026-05-08T21:39:13Z,production,1,false,
tylertjburns/coopstorage,post,3e1837e927297cf04dd34f005dc8145b22158ac5,2026-05-09T03:46:24Z,other,1,false,
tylertjburns/coopstorage,post,9ee954022e0443673a6463582adede2818ef499b,2026-05-09T03:57:31Z,,0,true,merge_commit
tylertjburns/coopstorage,post,419e8ed3a9eec84acf5b33efb59fdbfa5047a7a8,2026-05-09T03:58:43Z,production,1,false,
tylertjburns/coopstorage,post,80d9e9c6a631e8184cc7c656c5e56b0e5fcc5a35,2026-05-09T15:01:32Z,production,1,false,
tylertjburns/coopstorage,post,80d9e9c6a631e8184cc7c656c5e56b0e5fcc5a35,2026-05-09T15:01:32Z,test,1,false,
tylertjburns/coopstorage,post,47dbf38363df4a4ee14f07b214cbd26071434cbc,2026-05-09T15:09:21Z,,0,true,merge_commit
tylertjburns/coopstorage,post,b573fc12d732593595ccad56765ab6c988f5c508,2026-05-09T15:10:40Z,production,1,false,
tylertjburns/coopstorage,post,7c802953cae4b1812c521f1f915332d5917e5c4d,2026-05-09T15:21:42Z,production,1,false,
tylertjburns/coopstorage,post,7c802953cae4b1812c521f1f915332d5917e5c4d,2026-05-09T15:21:42Z,test,1,false,
tylertjburns/coopstorage,post,623146d9d8b3804036d4b63e04609e7fc12105c1,2026-05-09T15:23:24Z,,0,true,merge_commit
tylertjburns/coopstorage,post,30a949f171b1a17c8c4751d06d2f2346b3358e38,2026-05-09T15:24:30Z,production,1,false,
tylertjburns/coopstorage,post,ee43123c82ff58f0100cac916e4e730daa4d7afc,2026-05-09T19:46:50Z,production,1,false,
tylertjburns/coopstorage,post,f01294f0ac389c5cd445640de01e503d8ee97aad,2026-05-09T19:49:54Z,,0,true,merge_commit
tylertjburns/coopstorage,post,10fc4d040826739d7e9793637c761dff194c5cf6,2026-06-03T18:51:07Z,production,2,false,
tylertjburns/coopstorage,post,10fc4d040826739d7e9793637c761dff194c5cf6,2026-06-03T18:51:07Z,test,2,false,
tylertjburns/coopstorage,post,d2f2f87a799809424ecd32ce135ed24dbde4f9b4,2026-06-05T20:03:12Z,other,2,false,
tylertjburns/coopstorage,post,d2f2f87a799809424ecd32ce135ed24dbde4f9b4,2026-06-05T20:03:12Z,production,4,false,
tylertjburns/coopstorage,post,d2f2f87a799809424ecd32ce135ed24dbde4f9b4,2026-06-05T20:03:12Z,test,1,false,
tylertjburns/coopstorage,post,20d9c76a1859fd80c3bd2668197d998eedd75284,2026-06-08T14:59:10Z,test,1,false,
tylertjburns/coopstorage,post,29e0362d1b675cd956537731a2ab566fa6bd782b,2026-06-08T15:00:26Z,,0,true,merge_commit
tylertjburns/coopstorage,post,10f8726d05a358f5d877de1870ddc1b943340769,2026-06-08T15:01:43Z,production,1,false,
